"번호","개방서비스명","개방서비스아이디","개방자치단체코드","관리번호","인허가일자","인허가취소일자","영업상태구분코드","영업상태명","상세영업상태코드","상세영업상태명","폐업일자","휴업시작일자","휴업종료일자","재개업일자","소재지전화","소재지면적","소재지우편번호","소재지전체주소","도로명전체주소","도로명우편번호","사업장명","최종수정시점","데이터갱신구분","데이터갱신일자","업태구분명","좌표정보x(epsg5174)","좌표정보y(epsg5174)","업종구분명","자본금의규모","사업자등록번호",
"1","후원방문판매업체","08_26_05_P","6480000","20216480000301000194","2021-11-17","","03","폐업","4","폐업","2025-12-30","","","","","","51424","경상남도 창원시 성산구 반림동  *번지 *호 럭키반림아파트 *동 ****호","경상남도 창원시 성산구 반송로 ***, *동 ****호(반림동, 럭키반림아파트)","","인셀덤벨르대리점","2025-12-31 00:00:00","U","2026-01-03 02:40:00","","351766.29985487","194576.426596786","후원방문판매업","0","3771201936",
"2","후원방문판매업체","08_26_05_P","6270000","20226270000301000100","2022-11-29","","03","폐업","4","폐업","2025-12-31","","","","","","41246","대구광역시 동구 신천동  ****번지 *호 동대구비스타동원 ***동 ****호","대구광역시 동구 화랑로 **, ***동 ****호 (신천동, 동대구비스타동원)","","엑소바이옴 메이약손테라피지점","2025-12-31 00:00:00","U","2026-01-03 02:40:00","","347411.421442131","264634.832933179","후원방문판매업","0","4151902935",
"3","후원방문판매업체","08_26_05_P","6470000","20146470000301000010","2014-04-24","","03","폐업","4","폐업","2025-12-30","","","","0549714944","","718-805","경상북도 칠곡군 왜관읍 왜관리 ***번지 *호","경상북도 칠곡군 왜관읍 중앙로*길 **","","오휘왜관지사","2026-01-02 00:00:00","U","2026-01-04 02:40:00","","326024.022440657","277732.016842176","후원방문판매업","0","5131905589",
"4","후원방문판매업체","08_26_05_P","6410000","20216410000301100928","2021-10-20","","03","폐업","4","폐업","2025-12-29","","","","","","14423","경기도 부천시 원종동  ***번지 *호 로얄하이츠 A동 ***호","경기도 부천시 성지로**번길 **, A동 ***호(원종동, 로얄하이츠)","","인셀덤 서담","2026-01-02 00:00:00","U","2026-01-04 02:40:00","","","","후원방문판매업","0","1522201355",
"5","후원방문판매업체","08_26_05_P","6410000","20216410000301100708","2021-09-30","","03","폐업","4","폐업","2025-12-29","","","","","","16658","경기도 수원시 권선구 세류동  ****번지 **호 세류팰리스 ***호","경기도 수원시 권선구 정조로***번길 **-**, 세류팰리스 ***호(세류동)","","인셀덤 코리아","2026-01-02 00:00:00","U","2026-01-04 02:40:00","","201293.148066338","415942.15537375","후원방문판매업","0","4522001469",
"6","후원방문판매업체","08_26_05_P","6410000","20206410000301100422","2020-06-30","","03","폐업","4","폐업","2025-12-24","","","","","","14109","경기도 안양시 동안구 호계동  ****번지 *호 ***호","경기도 안양시 동안구 갈산로 **, ***호 (호계동)","","인셀덤 평촌점","2026-01-02 00:00:00","U","2026-01-04 02:40:00","","196517.869733795","430342.213377759","후원방문판매업","0","3311101345",
"7","후원방문판매업체","08_26_05_P","6410000","20216410000301100535","2021-08-31","","03","폐업","4","폐업","2025-12-24","","","","","","16635","경기도 수원시 권선구 오목천동  ***번지 *호 ***호","경기도 수원시 권선구 삼천병마로****번길 *, ***호(오목천동)","","미소해 인셀덤","2026-01-02 00:00:00","U","2026-01-04 02:40:00","","196718.511543841","415893.401016031","후원방문판매업","0","5322301354",
"8","후원방문판매업체","08_26_05_P","6410000","20216410000301100539","2021-08-31","","03","폐업","4","폐업","2025-12-29","","","","","","14600","경기도 부천시 상동  ***번지 *호 사랑마을 상가동 ***호","경기도 부천시 장말로 ***, 사랑마을 상가동 ***호(상동)","","인셀덤 상동햅번점","2026-01-02 00:00:00","U","2026-01-04 02:40:00","","","","후원방문판매업","0","6510301924",
"9","후원방문판매업체","08_26_05_P","6410000","20216410000301100376","2021-06-30","","03","폐업","4","폐업","2025-12-25","","","","","","","경기도 용인시 기흥구 영덕동  **번지 *호 두진아파트 ***동 ****호","경기도 용인시 기흥구 덕영대로****번길 *, ***동 ****호 (영덕동, 두진아파트)","","인셀덤 프로제이","2026-01-02 00:00:00","U","2026-01-04 02:40:00","","208457.275307613","418540.585851922","후원방문판매업","0","3093084146",
"10","후원방문판매업체","08_26_05_P","6410000","20206410000301100542","2020-10-29","","03","폐업","4","폐업","2025-12-24","","","","","","16948","경기도 용인시 기흥구 영덕동  ****번지 *호 ***호","경기도 용인시 기흥구 흥덕*로**번길 **, *층 ***호 (영덕동)","","인셀덤 용인대리점","2026-01-02 00:00:00","U","2026-01-04 02:40:00","","208137.915060601","419126.10967826","후원방문판매업","0","4532101208",
"11","후원방문판매업체","08_26_05_P","6410000","20156410000301200018","2015-04-02","","03","폐업","4","폐업","2025-12-30","","","","0319439506","","413-819","경기도 파주시 금촌동  ***번지 **호 광우프라자 ***호","경기도 파주시 시청로 **, ***호 (금촌동,광우프라자)","","아모레금촌특약점","2026-01-02 00:00:00","U","2026-01-04 02:40:00","","180216.522229359","472988.377281799","후원방문판매업","0","1081745371",
"12","후원방문판매업체","08_26_05_P","6470000","20266470000301000001","2026-01-05","","01","영업/정상","BBBB","영업","","","","","0549714944","","39886","경상북도 칠곡군 왜관읍 왜관리 ***번지 **호","경상북도 칠곡군 왜관읍 *번도로길 ***","","럭셔리미래점","2026-01-05 00:00:00","I","2026-01-07 00:20:36","","325947.24384295","278256.594691501","후원방문판매업","0","4172688091",
"13","후원방문판매업체","08_26_05_P","6530000","20266530000301000001","2026-01-06","","01","영업/정상","BBBB","영업","","","","","","","26487","강원특별자치도 원주시 단구동  ****번지 *호 원주프리미엄아울렛 ***호","강원특별자치도 원주시 서원대로 ***, 원주프리미엄아울렛 *층 ***호 (단구동)","","라비다샵 원주","2026-01-06 00:00:00","I","2026-01-09 00:20:01","","284818.874360771","425225.032426821","후원방문판매업","0","7261802390",
"14","후원방문판매업체","08_26_05_P","6410000","20206410000301100239","2020-04-28","","03","폐업","4","폐업","2025-12-31","","","","","","11921","경기도 구리시 인창동  ***번지 *호 태영빌딩 ***호","경기도 구리시 건원대로 **, 태영빌딩 ***호(인창동)","","인셀덤&현갤러리","2026-01-06 00:00:00","U","2026-01-09 02:40:00","","","","후원방문판매업","0","1321938071",
"15","후원방문판매업체","08_26_05_P","6410000","20216410000301100850","2021-10-20","","03","폐업","4","폐업","2025-12-31","","","","","","14579","경기도 부천시 중동  ****번지 *호 미리내마을 제상가건물동 ***호","경기도 부천시 조마루로 ***, 미리내마을 제상가건물동 ***호(중동)","","어메이징 인셀덤8","2026-01-07 00:00:00","U","2026-01-09 02:40:00","","","","후원방문판매업","0","6260801904",
"16","후원방문판매업체","08_26_05_P","6410000","20216410000301100677","2021-09-30","","03","폐업","4","폐업","2025-12-31","","","","","","13998","경기도 안양시 만안구 안양동  ***번지 *호 *층","경기도 안양시 만안구 장내로 ***, *층(안양동)","","온누리 인셀덤","2026-01-06 00:00:00","U","2026-01-09 02:40:00","","","","후원방문판매업","0","5612301390",
"17","후원방문판매업체","08_26_05_P","6410000","20216410000301100483","2021-07-28","","03","폐업","4","폐업","2025-12-31","","","","","","16918","경기도 용인시 기흥구 언남동  ***번지 *호 하마비마을동부센트레빌 ***동 ***호","경기도 용인시 기흥구 구성로 **, ***동 ***호(언남동, 하마비마을 동부센트레빌)","","조이 인셀덤","2026-01-06 00:00:00","U","2026-01-09 02:40:00","","210712.229761223","421448.406508308","후원방문판매업","0","6125400674",
"18","후원방문판매업체","08_26_05_P","6410000","20226410000301100629","2022-06-14","","03","폐업","4","폐업","2025-12-31","","","","","","10300","경기도 고양시 일산동구 풍동  ***번지 *호 ***호","경기도 고양시 일산동구 백마로 ***, *층 ***호(풍동)","","인셀덤(일산지점)","2026-01-07 00:00:00","U","2026-01-09 02:40:00","","182611.696261572","462257.965848912","후원방문판매업","0","6924600812",
"19","후원방문판매업체","08_26_05_P","6440000","20266440000301000001","2026-01-08","","01","영업/정상","BBBB","영업","","","","","0427210827","","32806","충청남도 계룡시 엄사면 엄사리 ***번지 *호","충청남도 계룡시 엄사면 번영*길 **-**, *층","","에스자리 더마 주식회사","2026-01-08 00:00:00","I","2026-01-10 00:20:07","","221401.985905508","310025.484968676","후원방문판매업","0","2238603604",
"20","후원방문판매업체","08_26_05_P","6260000","20136260000301000246","2013-08-14","","03","폐업","4","폐업","2024-12-26","","","","0514685466","","48775","부산광역시 동구 수정동  *번지 **호 메티칼센터","부산광역시 동구 중앙대로 *** (수정동)","","오휘수정지사","2026-01-08 00:00:00","U","2026-01-10 02:40:00","","386700.372580527","183080.55223507","후원방문판매업","0","6052573223",
"21","후원방문판매업체","08_26_05_P","6260000","20236260000301000064","2023-09-11","","03","폐업","4","폐업","2024-12-26","","","","","","46300","부산광역시 금정구 장전동  ***번지 **호 파크아트온 ****호","부산광역시 금정구 식물원로**번길 **, 파크아트온 ****호 (장전동)","","더라온 인셀덤","2026-01-08 00:00:00","U","2026-01-10 02:40:00","","389731.696876228","193618.729297313","후원방문판매업","0","8825700615",
"22","후원방문판매업체","08_26_05_P","6260000","20236260000301000065","2023-09-11","","03","폐업","4","폐업","2024-12-26","","","","","","48714","부산광역시 동구 수정동  ****번지 *호","부산광역시 동구 망양로 ***-* (수정동)","","인셀덤라이프","2026-01-08 00:00:00","U","2026-01-10 02:40:00","","385939.402085347","182746.548854628","후원방문판매업","0","8691202206",
"23","후원방문판매업체","08_26_05_P","6260000","20236260000301000055","2023-07-12","","03","폐업","4","폐업","2024-12-26","","","","","","47171","부산광역시 부산진구 개금동  **번지 *호 개금주공상가 ***-*호","부산광역시 부산진구 백양관문로 *, 개금주공상가 *층 ***-*호 (개금동)","","인셀덤루체","2026-01-08 00:00:00","U","2026-01-10 02:40:00","","385002.870304631","186361.24583842","후원방문판매업","0","2180139137",
"24","후원방문판매업체","08_26_05_P","6260000","20236260000301000056","2023-07-12","","03","폐업","4","폐업","2024-12-26","","","","","","47002","부산광역시 사상구 주례동  ****번지 *호 주례롯데캐슬골드스마트 ***동 ****호","부산광역시 사상구 가야대로***번길 *, ***동 ****호 (주례동, 주례롯데캐슬골드스마트)","","팡팡","2026-01-08 00:00:00","U","2026-01-10 02:40:00","","382090.649629568","185454.296112757","후원방문판매업","0","2616900484",
"25","후원방문판매업체","08_26_05_P","6260000","20236260000301000057","2023-07-21","","03","폐업","4","폐업","2024-12-26","","","","","","","부산광역시 연제구 연산동  ***번지 *호 연산동SKVIEW(*단지) ****호","부산광역시 연제구 중앙대로 ****, ****호 (연산동, 연산동 SK VIEW(*단지))","","인셀덤 르헤미야","2026-01-08 00:00:00","U","2026-01-10 02:40:00","","389510.788094066","189669.571671014","후원방문판매업","0","3560701240",
"26","후원방문판매업체","08_26_05_P","6260000","20226260000301000049","2022-04-18","","03","폐업","4","폐업","2024-12-26","","","","","","48431","부산광역시 남구 대연동  ****번지 *호 대연삼정그린코아더베스트 ***동 ****호","부산광역시 남구 수영로***번길 ***-**, ***동 ****호 (대연동, 대연 삼정그린코아 더 베스트)","","인셀덤E.S","2026-01-08 00:00:00","U","2026-01-10 02:40:00","","","","후원방문판매업","0","4722401480",
"27","후원방문판매업체","08_26_05_P","6260000","20226260000301000052","2022-04-18","","03","폐업","4","폐업","2024-12-26","","","","","","47269","부산광역시 부산진구 개금동  ***번지 *호 개금롯데캐슬 ***동 ****호","부산광역시 부산진구 개금온정로 **, ***동 ****호(개금동, 개금 롯데캐슬)","","인셀덤Bella","2026-01-08 00:00:00","U","2026-01-10 02:40:00","","384603.385142206","185799.475455775","후원방문판매업","0","2032110567",
"28","후원방문판매업체","08_26_05_P","6260000","20226260000301000053","2022-04-18","","03","폐업","4","폐업","2024-12-26","","","","","","48485","부산광역시 남구 대연동  ****번지 **호 대연월드빌 ***호","부산광역시 남구 석포로***번길 **, ***호(대연동, 대연월드빌)","","인셀덤 다은","2026-01-08 00:00:00","U","2026-01-10 02:40:00","","390350.607616497","183105.01461238","후원방문판매업","0","7821202006",
"29","후원방문판매업체","08_26_05_P","6260000","20226260000301000055","2022-04-18","","03","폐업","4","폐업","2024-12-26","","","","","","47536","부산광역시 연제구 거제동  ***번지 ***호 거제유림아시아드 ***동 ***호","부산광역시 연제구 해맞이로 **, ***동 ***호 (거제동, 거제유림아시아드)","","팡팡인셀덤","2026-01-08 00:00:00","U","2026-01-10 02:40:00","","388108.114728816","188454.030819101","후원방문판매업","0","3772801427",
"30","후원방문판매업체","08_26_05_P","6260000","20226260000301000059","2022-04-18","","03","폐업","4","폐업","2024-12-26","","","","","","46772","부산광역시 강서구 명지동  ****번지 *호 더힐시그니처 상가*동 ***호","부산광역시 강서구 명지국제*로 ***, 상가*동 ***호(명지동, 더 힐 시그니처)","","인셀하나","2026-01-08 00:00:00","U","2026-01-10 02:40:00","","374487.930784783","178988.233459289","후원방문판매업","0","2291969223",
"31","후원방문판매업체","08_26_05_P","6260000","20246260000301000028","2024-09-10","","03","폐업","4","폐업","2024-12-26","","","","","","47190","부산광역시 부산진구 당감동  ***번지 *호 삼익아파트","부산광역시 부산진구 당감로 **, *동 ***호 (당감동, 삼익아파트)","","수니","2026-01-08 00:00:00","U","2026-01-10 02:40:00","","385681.024112217","186728.150348704","후원방문판매업","0","6681002690",
"32","후원방문판매업체","08_26_05_P","6260000","20246260000301000029","2024-09-10","","03","폐업","4","폐업","2024-12-26","","","","","","47534","부산광역시 연제구 거제동  ***번지 **호 성공*","부산광역시 연제구 해맞이로**번길 **, ***호 (거제동, 성공*)","","은하수 인셀덤","2026-01-08 00:00:00","U","2026-01-10 02:40:00","","388294.452675338","188808.033099524","후원방문판매업","0","4087093521",
"33","후원방문판매업체","08_26_05_P","6260000","20246260000301000032","2024-10-16","","03","폐업","4","폐업","2024-12-26","","","","","","49525","부산광역시 사하구 다대동  ***번지 *호 다대자유아파트","부산광역시 사하구 다대로 ***, ***동 ****호 (다대동, 다대자유아파트)","","소망인셀덤","2026-01-08 00:00:00","U","2026-01-10 02:40:00","","379889.658155967","174307.148168245","후원방문판매업","0","8780203632",
"34","후원방문판매업체","08_26_05_P","6260000","20226260000301000020","2022-02-15","","03","폐업","4","폐업","2024-12-26","","","","","","49375","부산광역시 사하구 감천동  ***번지 **호","부산광역시 사하구 옥천로 **-*, *층(감천동)","","인셀덤 승리 대리점","2026-01-08 00:00:00","U","2026-01-10 02:40:00","","382827.93537609","178464.817651477","후원방문판매업","0","2660102487",
"35","후원방문판매업체","08_26_05_P","6260000","20226260000301000021","2022-02-15","","03","폐업","4","폐업","2024-12-26","","","","","","47613","부산광역시 연제구 연산동  ****번지 *호 동덕현대아파트 ***동 ***호","부산광역시 연제구 연미로 **, ***동 ***호(연산동, 동덕현대아파트)","","인셀덤 만사형통 대리점","2026-01-08 00:00:00","U","2026-01-10 02:40:00","","390525.038055812","187871.69390496","후원방문판매업","0","1440402290",
"36","후원방문판매업체","08_26_05_P","6260000","20226260000301000023","2022-02-15","","03","폐업","4","폐업","2024-12-26","","","","","","46970","부산광역시 사상구 괘법동  ***번지 *호 르네시떼 ****,****호","부산광역시 사상구 광장로 *, 르네시떼 ****,****호(괘법동)","","인셀덤 루디아138(Lydia138)","2026-01-08 00:00:00","U","2026-01-10 02:40:00","","380128.339808992","186803.363627799","후원방문판매업","0","4390102805",
"37","후원방문판매업체","08_26_05_P","6260000","20226260000301000024","2022-02-15","","03","폐업","4","폐업","2024-12-26","","","","","","47526","부산광역시 연제구 거제동  ****번지 *호 아시아드푸르지오 ***동 ***호","부산광역시 연제구 아시아드대로**번길 **, ***동 ***호(거제동, 아시아드푸르지오)","","펄스","2026-01-08 00:00:00","U","2026-01-10 02:40:00","","388600.243465819","189573.715737704","후원방문판매업","0","4964600965",
"38","후원방문판매업체","08_26_05_P","6260000","20226260000301000026","2022-02-15","","03","폐업","4","폐업","2024-12-26","","","","","","47821","부산광역시 동래구 온천동  ****번지 **호 더리체 ****호","부산광역시 동래구 미남로 ***, ****호(온천동, 더 리체)","","인셀덤 앨리스","2026-01-08 00:00:00","U","2026-01-10 02:40:00","","388416.818259461","191594.697725714","후원방문판매업","0","3543101161",
"39","후원방문판매업체","08_26_05_P","6260000","20226260000301000044","2022-03-14","","03","폐업","4","폐업","2024-12-26","","","","","","47894","부산광역시 동래구 안락동  ****번지 *호 강변뜨란채 ***동 ****호","부산광역시 동래구 안남로 **, ***동 ****호(안락동, 강변뜨란채)","","인셀덤 부산명륜점","2026-01-08 00:00:00","U","2026-01-10 02:40:00","","391265.368401014","190445.821167737","후원방문판매업","0","8436400452",
"40","후원방문판매업체","08_26_05_P","6260000","20246260000301000021","2024-06-11","","03","폐업","4","폐업","2024-12-24","","","","","","46305","부산광역시 금정구 부곡동  ***번지 *호","부산광역시 금정구 가마실로 **-* (부곡동)","","딩동 인셀덤","2026-01-08 00:00:00","U","2026-01-10 02:40:00","","390914.803571475","193640.418839406","후원방문판매업","0","7484001015",
"41","후원방문판매업체","08_26_05_P","6260000","20206260000301000013","2020-03-02","","03","폐업","4","폐업","2024-12-26","","","","","","","부산광역시 부산진구 부전동  ***번지 *호 더샵센트럴스타 A동 ****호","부산광역시 부산진구 중앙대로***번길 **, A동 ****호 (부전동, 더샵 센트럴스타)","","인셀덤시온","2026-01-08 00:00:00","U","2026-01-10 02:40:00","","387748.383011444","185533.437357236","후원방문판매업","0","7434600314",
"42","후원방문판매업체","08_26_05_P","6260000","20206260000301000006","2020-03-02","","03","폐업","4","폐업","2024-12-26","","","","","","","부산광역시 수영구 남천동  ***번지 *호 남천동원로얄듀크 ***동 ***호","부산광역시 수영구 황령대로 ***, ***동 ***호 (남천동, 남천동원로얄듀크)","","미라클 인셀덤","2026-01-08 00:00:00","U","2026-01-10 02:40:00","","391673.99099279","184619.802884551","후원방문판매업","0","3244900467",
"43","후원방문판매업체","08_26_05_P","6260000","20206260000301000009","2020-03-02","","03","폐업","4","폐업","2024-12-26","","","","","","","부산광역시 동래구 온천동  ****번지 *호 삼협아파트 ****호","부산광역시 동래구 쇠미로***번길 **, ****호 (온천동, 삼협아파트)","","월드 인셀덤","2026-01-08 00:00:00","U","2026-01-10 02:40:00","","387869.214476809","192053.464196812","후원방문판매업","0","2813300650",
"44","후원방문판매업체","08_26_05_P","6260000","20206260000301000024","2020-03-02","","03","폐업","4","폐업","2024-12-26","","","","","","47598","부산광역시 연제구 연산동  ****번지 **호","부산광역시 연제구 중앙대로 ****, *층 (연산동)","","인셀덤 부산동래 대리점","2026-01-08 00:00:00","U","2026-01-10 02:40:00","","","","후원방문판매업","0","1591401119",
"45","후원방문판매업체","08_26_05_P","6260000","20206260000301000003","2020-03-02","","03","폐업","4","폐업","2024-12-24","","","","","","46762","부산광역시 강서구 명지동  ****번지 **호 영어도시퀸덤*차 ***동 ***호","부산광역시 강서구 명지오션시티**로 **, ***동 ***호 (명지동, 영어도시 퀸덤*차)","","인셀덤 세계로","2026-01-08 00:00:00","U","2026-01-10 02:40:00","","373016.981172742","178139.407187281","후원방문판매업","0","1121999230",
"46","후원방문판매업체","08_26_05_P","6260000","20206260000301000028","2020-03-02","","01","영업/정상","5","영업","","","","","","","","부산광역시 서구 서대신동*가  **번지 **호 서대신금호어울림아파트 ***동 ***호","부산광역시 서구 꽃마을로 **, ***동 ***호 (서대신동*가, 서대신금호어울림아파트)","","오하글로벌","2026-01-08 00:00:00","U","2026-01-10 02:40:00","","383244.89500976","181797.378285149","후원방문판매업","0","8461800492",
"47","후원방문판매업체","08_26_05_P","6260000","20206260000301000031","2020-03-02","","03","폐업","4","폐업","2024-12-26","","","","","","","부산광역시 동래구 안락동  ***번지 **호","부산광역시 동래구 반송로***번길 ** (안락동)","","인셀덤 라브릿지뷰티동래점","2026-01-08 00:00:00","U","2026-01-10 02:40:00","","391161.618295898","191181.473000616","후원방문판매업","0","6074823295",
"48","후원방문판매업체","08_26_05_P","6260000","20206260000301000033","2020-03-02","","03","폐업","4","폐업","2024-12-26","","","","","","49329","부산광역시 사하구 당리동  ***번지 *호 경성리치W아파트 B동 ***호","부산광역시 사하구 낙동대로 ***, B동 ***호(당리동, 경성리치W아파트)","","인셀덤 낙동 브랜치","2026-01-08 00:00:00","U","2026-01-10 02:40:00","","380112.660261235","180021.207743134","후원방문판매업","0","7546400269",
"49","후원방문판매업체","08_26_05_P","6260000","20206260000301000040","2020-03-02","","03","폐업","4","폐업","2024-12-26","","","","","","49338","부산광역시 사하구 괴정동  ***번지 *호","부산광역시 사하구 낙동대로 *** (괴정동)","","대영인셀덤","2026-01-08 00:00:00","U","2026-01-10 02:40:00","","381852.219759972","179813.441565171","후원방문판매업","0","1012068150",
"50","후원방문판매업체","08_26_05_P","6260000","20206260000301000042","2020-03-02","","03","폐업","4","폐업","2024-12-26","","","","","","46572","부산광역시 북구 덕천동  ***번지 *호 벽산아파트 ****호","부산광역시 북구 만덕*로**번길 **, ****호 (덕천동, 벽산아파트)","","민주(民周)대리점","2026-01-08 00:00:00","U","2026-01-10 02:40:00","","384149.846540942","192152.635372998","후원방문판매업","0","5615500349",
"51","후원방문판매업체","08_26_05_P","6260000","20206260000301000044","2020-03-02","","03","폐업","4","폐업","2024-12-26","","","","","","","부산광역시 해운대구 반송동  ***번지 *호 삼한*차아파트 상가동 ***호","부산광역시 해운대구 신반송로 **, 상가동 *층 ***호 (반송동, 삼한*차아파트)","","인셀덤 반송점","2026-01-08 00:00:00","U","2026-01-10 02:40:00","","396744.805219899","194058.245601212","후원방문판매업","0","5112307517",
"52","후원방문판매업체","08_26_05_P","6260000","20206260000301000047","2020-03-19","","03","폐업","4","폐업","2024-12-26","","","","","","48118","부산광역시 해운대구 우동  ****번지 *호 아라트리움 ***호","부산광역시 해운대구 마린시티*로 ***, 아라트리움 *층 ***호(우동)","","인셀덤샤인","2026-01-08 00:00:00","U","2026-01-10 02:40:00","","395542.530890583","186068.484392089","후원방문판매업","0","7551301356",
"53","후원방문판매업체","08_26_05_P","6260000","20226260000301000006","2022-01-18","","03","폐업","4","폐업","2024-12-26","","","","","","47728","부산광역시 동래구 온천동  ***번지 *호","부산광역시 동래구 중앙대로****번길 **, *층(온천동)","","탑(TOP)","2026-01-08 00:00:00","U","2026-01-10 02:40:00","","389044.701360119","192137.315414378","후원방문판매업","0","4252100432",
"54","후원방문판매업체","08_26_05_P","6260000","20226260000301000010","2022-01-18","","03","폐업","4","폐업","2024-12-26","","","","","","49406","부산광역시 사하구 괴정동  ****번지 *호 힐스테이트사하역 ***동 ***호","부산광역시 사하구 괴정로 ***, ***동 ***호 (괴정동, 힐스테이트 사하역)","","인셀덤 Double U","2026-01-08 00:00:00","U","2026-01-10 02:40:00","","","","후원방문판매업","0","7260102558",
"55","후원방문판매업체","08_26_05_P","6260000","20216260000301000160","2021-12-16","","03","폐업","4","폐업","2024-12-26","","","","","","48043","부산광역시 해운대구 반여동  ****번지 **호 삼익그린맨션 *동 ****호","부산광역시 해운대구 선수촌로**번길 **, *동 ****호(반여동, 삼익그린맨션)","","인셀덤 축제 대리점","2026-01-08 00:00:00","U","2026-01-10 02:40:00","","392808.906216695","190668.998673762","후원방문판매업","0","3344100925",
"56","후원방문판매업체","08_26_05_P","6260000","20216260000301000165","2021-12-16","","03","폐업","4","폐업","2024-12-26","","","","","","46051","부산광역시 기장군 철마면 안평리 ***번지 *호 천수암","부산광역시 기장군 철마면 안평로**번길 **-*, 천수암","","인셀덤 라온","2026-01-08 00:00:00","U","2026-01-10 02:40:00","","398189.917878278","195260.767875115","후원방문판매업","0","1784000823",
"57","후원방문판매업체","08_26_05_P","6260000","20216260000301000166","2021-12-16","","03","폐업","4","폐업","2024-12-26","","","","","","46044","부산광역시 기장군 일광면 이천리 ***번지 *호 일광신도시비스타동원*차 ***동 ****호","부산광역시 기장군 일광면 해송*로 **, ***동 ****호(일광 신도시 비스타 동원 *차)","","위드 인셀덤","2026-01-08 00:00:00","U","2026-01-10 02:40:00","","402945.133937173","198940.726106573","후원방문판매업","0","1763201160",
"58","후원방문판매업체","08_26_05_P","6260000","20216260000301000169","2021-12-16","","03","폐업","4","폐업","2024-12-26","","","","","","49067","부산광역시 영도구 신선동*가  ***번지 *호","부산광역시 영도구 참샘길 ***(신선동*가)","","인셀덤 하이스트","2026-01-08 00:00:00","U","2026-01-10 02:40:00","","386658.240999991","178562.311129022","후원방문판매업","0","3944600903",
"59","후원방문판매업체","08_26_05_P","6260000","20236260000301000030","2023-04-10","","03","폐업","4","폐업","2024-12-26","","","","","","46725","부산광역시 강서구 명지동  ****번지 *호","부산광역시 강서구 영강길 ** (명지동)","","인셀덤라온대리점","2026-01-08 00:00:00","U","2026-01-10 02:40:00","","375761.832842642","180425.798562505","후원방문판매업","0","2972801572",
"60","후원방문판매업체","08_26_05_P","6260000","20236260000301000031","2023-04-10","","03","폐업","4","폐업","2024-12-26","","","","","","48098","부산광역시 해운대구 중동  ***번지 *호","부산광역시 해운대구 달맞이길**번길 *-** (중동)","","인셀덤 래빗","2026-01-08 00:00:00","U","2026-01-10 02:40:00","","397925.717643784","186531.006857331","후원방문판매업","0","1513001401",
"61","후원방문판매업체","08_26_05_P","6260000","20236260000301000032","2023-04-10","","03","폐업","4","폐업","2024-12-26","","","","","","47904","부산광역시 동래구 안락동  ****번지 *호 안락뜨란채*단지아파트 ***동 ****호","부산광역시 동래구 연안로 **, ***동 ****호 (안락동, 안락뜨란채*단지아파트)","","인셀덤 다온","2026-01-08 00:00:00","U","2026-01-10 02:40:00","","392071.6197892","190245.241017626","후원방문판매업","0","5072933172",
"62","후원방문판매업체","08_26_05_P","6260000","20236260000301000042","2023-05-11","","03","폐업","4","폐업","2024-12-26","","","","","","46769","부산광역시 강서구 성북동  ***번지 *호","부산광역시 강서구 동선*안길 ** (성북동)","","뷰리풀 인셀덤","2026-01-08 00:00:00","U","2026-01-10 02:40:00","","366766.294684609","174031.386871248","후원방문판매업","0","1493801097",
"63","후원방문판매업체","08_26_05_P","6260000","20236260000301000045","2023-05-11","","03","폐업","4","폐업","2024-12-26","","","","","","47711","부산광역시 동래구 온천동  ***번지 *호 온천동유림노르웨이숲 상가동 ***호","부산광역시 동래구 중앙대로 ****, 상가동 *층 ***호 (온천동, 온천동 유림노르웨이숲)","","에이스챔피언 인셀덤","2026-01-08 00:00:00","U","2026-01-10 02:40:00","","389479.03847268","192774.203546772","후원방문판매업","0","7974900758",
"64","후원방문판매업체","08_26_05_P","6410000","20236410000301100259","2023-05-03","","01","영업/정상","2","영업","","","","","","","13438","경기도 성남시 중원구 여수동  ***번지 *호 유아이빌딩 ***호","경기도 성남시 중원구 양현로***번길 *-**, 유아이빌딩 ***호 (여수동)","","아모레퍼시픽 판교센터 분당점","2026-01-08 00:00:00","U","2026-01-10 02:40:00","","211235.798499247","435067.986805129","후원방문판매업","0","1754700819",
"65","후원방문판매업체","08_26_05_P","6410000","20236410000301100260","2023-05-03","","01","영업/정상","2","영업","","","","","","","13438","경기도 성남시 중원구 여수동  ***번지 *호 유아이빌딩 ***호","경기도 성남시 중원구 양현로***번길 *-**, 유아이빌딩 ***호 (여수동)","","아모레퍼시픽 판교센터 판교점","2026-01-08 00:00:00","U","2026-01-10 02:40:00","","211235.798499247","435067.986805129","후원방문판매업","0","2703001513",
"66","후원방문판매업체","08_26_05_P","6260000","20246260000301000014","2024-05-17","","03","폐업","4","폐업","2024-12-26","","","","","","48587","부산광역시 남구 용호동  ***번지 **호 한아름화장품","부산광역시 남구 동명로***번길 **, 한아름화장품 (용호동)","","희 대리점","2026-01-08 00:00:00","U","2026-01-10 02:40:00","","392585.999891803","181576.576227835","후원방문판매업","0","4407900368",
"67","후원방문판매업체","08_26_05_P","6260000","20246260000301000015","2024-05-17","","03","폐업","4","폐업","2024-12-26","","","","","","47546","부산광역시 연제구 거제동  ****번지 *호 거제유림노르웨이숲 ***동 ***호","부산광역시 연제구 거제대로***번길 **, ***동 ***호 (거제동, 거제 유림노르웨이숲)","","이삭대리점","2026-01-08 00:00:00","U","2026-01-10 02:40:00","","388603.816014289","188758.960850835","후원방문판매업","0","2425500827",
"68","후원방문판매업체","08_26_05_P","6260000","20246260000301000016","2024-05-17","","03","폐업","4","폐업","2024-12-23","","","","","","46590","부산광역시 북구 덕천동  ***번지 **호 덕천동롯데아파트 ***동 ****호","부산광역시 북구 함박봉로 **, ***동 ****호 (덕천동, 덕천동 롯데아파트)","","인셀덤 블루밍 대리점","2026-01-08 00:00:00","U","2026-01-10 02:40:00","","383957.97273875","191900.278381232","후원방문판매업","0","1904401140",
"69","후원방문판매업체","08_26_05_P","6260000","20246260000301000018","2024-05-17","","03","폐업","4","폐업","2024-12-26","","","","","","46016","부산광역시 기장군 정관읍 용수리 ****번지 *호 정관동일스위트*차 ***동 ***호","부산광역시 기장군 정관읍 정관*로 **, ***동 ***호 (정관동일스위트*차)","","루다(ruda)","2026-01-08 00:00:00","U","2026-01-10 02:40:00","","397218.009053384","204903.216935529","후원방문판매업","0","",
"70","후원방문판매업체","08_26_05_P","6260000","20246260000301000019","2024-05-17","","03","폐업","4","폐업","2024-12-26","","","","","","47519","부산광역시 연제구 연산동  ***번지 *호","부산광역시 연제구 거제천로 ***, *층 (연산동)","","세라대리점","2026-01-08 00:00:00","U","2026-01-10 02:40:00","","389640.68855791","190063.168268908","후원방문판매업","0","8307100599",
"71","후원방문판매업체","08_26_05_P","6260000","20246260000301000010","2024-04-15","","03","폐업","4","폐업","2024-12-26","","","","","","47361","부산광역시 부산진구 범천동  ****번지 *호 범일역풍림아이원 ***동 ****호","부산광역시 부산진구 범일로***번길 **, ***동 ****호 (범천동, 범일역풍림아이원)","","화수분인셀덤","2026-01-08 00:00:00","U","2026-01-10 02:40:00","","387758.905527561","184731.35167587","후원방문판매업","0","2780303066",
"72","후원방문판매업체","08_26_05_P","6260000","20246260000301000011","2024-04-15","","03","폐업","4","폐업","2024-12-26","","","","","","46540","부산광역시 북구 화명동  ****번지 *호 대림쌍용강변타운 ***동 ****호","부산광역시 북구 화명신도시로 **, ***동 ****호 (화명동, 대림쌍용강변타운)","","디바인 인셀덤","2026-01-08 00:00:00","U","2026-01-10 02:40:00","","382735.813437591","193792.075387915","후원방문판매업","0","7345600681",
"73","후원방문판매업체","08_26_05_P","6260000","20206260000301000055","2020-03-19","","03","폐업","4","폐업","2024-12-26","","","","","","48084","부산광역시 해운대구 중동  ****번지 *호 이안해운대 ***동 ****호","부산광역시 해운대구 좌동순환로 *, 이안해운대 ***동 ****호 (중동)","","에스제이(SJ) 인셀덤","2026-01-08 00:00:00","U","2026-01-10 02:40:00","","397358.257473784","187467.92252695","후원방문판매업","0","1123331411",
"74","후원방문판매업체","08_26_05_P","6260000","20206260000301000058","2020-03-19","","03","폐업","4","폐업","2024-12-26","","","","","","46503","부산광역시 북구 구포동  ****번지 *호 명진빌딩","부산광역시 북구 낙동대로 ****, 명진빌딩 *층 (구포동)","","인셀덤 화영대리점","2026-01-08 00:00:00","U","2026-01-10 02:40:00","","381476.304010174","191056.212978695","후원방문판매업","0","5560401626",
"75","후원방문판매업체","08_26_05_P","6260000","20206260000301000061","2020-03-19","","03","폐업","4","폐업","2024-12-24","","","","","","46015","부산광역시 기장군 정관읍 매학리 ***번지 **호 네오코아빌딩 ***호","부산광역시 기장군 정관읍 정관*로 **, 네오코아빌딩 *층 ***호","","인셀덤 밀로","2026-01-08 00:00:00","U","2026-01-10 02:40:00","","398065.799370034","204718.966111877","후원방문판매업","0","2052924933",
"76","후원방문판매업체","08_26_05_P","6260000","20206260000301000062","2020-03-19","","03","폐업","4","폐업","2024-12-26","","","","","","47871","부산광역시 동래구 사직동  ***번지 *호 사직*차삼정그린코아아파트 ***동 ****호","부산광역시 동래구 쇠미로**번길 **, ***동 ****호 (사직동, 사직*차삼정그린코아아파트)","","인셀덤 동영대리점","2026-01-08 00:00:00","U","2026-01-10 02:40:00","","387059.314304142","191163.822099192","후원방문판매업","0","2094000559",
"77","후원방문판매업체","08_26_05_P","6260000","20206260000301000123","2020-06-18","","03","폐업","4","폐업","2024-12-26","","","","","","48804","부산광역시 동구 초량동  ***번지 ***호","부산광역시 동구 망양로***번길 *, *층(초량동)","","인셀덤 핑클","2026-01-08 00:00:00","U","2026-01-10 02:40:00","","385415.612044925","182270.239083565","후원방문판매업","0","4350401367",
"78","후원방문판매업체","08_26_05_P","6260000","20206260000301000124","2020-06-18","","03","폐업","4","폐업","2024-12-26","","","","","","47124","부산광역시 부산진구 초읍동  ***번지 **호","부산광역시 부산진구 새싹로 ***(초읍동)","","인셀덤 소영대리점","2026-01-08 00:00:00","U","2026-01-10 02:40:00","","386507.347669772","188476.867895868","후원방문판매업","0","2162118605",
"79","후원방문판매업체","08_26_05_P","6260000","20206260000301000126","2020-06-18","","03","폐업","4","폐업","2024-12-26","","","","","","49054","부산광역시 영도구 남항동*가  ***번지 **호","부산광역시 영도구 남항로**번길 * (남항동*가)","","인셀덤설피안","2026-01-08 00:00:00","U","2026-01-10 02:40:00","","385857.065558036","178622.494910052","후원방문판매업","0","6330401700",
"80","후원방문판매업체","08_26_05_P","6260000","20206260000301000128","2020-06-18","","03","폐업","4","폐업","2024-12-26","","","","","","47266","부산광역시 부산진구 개금동  ***번지 **호 ***호","부산광역시 부산진구 백양대로***번길 **, *층 ***호 (개금동)","","인셀덤 솜결대리점","2026-01-08 00:00:00","U","2026-01-10 02:40:00","","383789.901488549","185666.977193577","후원방문판매업","0","1510201903",
"81","후원방문판매업체","08_26_05_P","6260000","20206260000301000130","2020-06-18","","03","폐업","4","폐업","2024-12-26","","","","","","47300","부산광역시 부산진구 부전동  ***번지 *호 더샵센트럴스타 B동 ****호","부산광역시 부산진구 중앙대로***번길 **, B동 ****호(부전동, 더샵 센트럴스타)","","인셀덤 원탑","2026-01-08 00:00:00","U","2026-01-10 02:40:00","","387748.383011444","185533.437357236","후원방문판매업","0","3587200298",
"82","후원방문판매업체","08_26_05_P","6260000","20206260000301000077","2020-04-20","","03","폐업","4","폐업","2024-12-26","","","","","","46084","부산광역시 기장군 기장읍 시랑리 ***번지 *호 오시리아스위첸마티에 ***동 ****호","부산광역시 기장군 기장읍 동부산관광*로 **, 오시리아스위첸마티에 ***동 ****호","","인셀덤포유","2026-01-08 00:00:00","U","2026-01-10 02:40:00","","","","후원방문판매업","0","8911701117",
"83","후원방문판매업체","08_26_05_P","6260000","20206260000301000082","2020-04-20","","03","폐업","4","폐업","2024-12-26","","","","","","49269","부산광역시 서구 암남동  ***번지 *호 송도의봄여름가을겨울 ****호","부산광역시 서구 충무대로 **, ****호(암남동, 송도의봄 여름 가을 겨울)","","인셀덤 부산센텀점","2026-01-08 00:00:00","U","2026-01-10 02:40:00","","384207.078246508","177378.090371603","후원방문판매업","0","5801600939",
"84","후원방문판매업체","08_26_05_P","6260000","20206260000301000093","2020-05-19","","03","폐업","4","폐업","2024-12-26","","","","","","47035","부산광역시 사상구 엄궁동  *번지 *호 무학다솜타운 ***동 ***호","부산광역시 사상구 대동로**번길 **, ***동 ***호 (엄궁동, 무학다솜타운)","","인셀덤 영궁지점","2026-01-08 00:00:00","U","2026-01-10 02:40:00","","380090.625681308","183596.254607248","후원방문판매업","0","3650101596",
"85","후원방문판매업체","08_26_05_P","6260000","20206260000301000086","2020-05-19","","03","폐업","4","폐업","2024-12-26","","","","","","48119","부산광역시 해운대구 우동  ****번지 *호 해운대두산위브더제니스 ***동 ****호","부산광역시 해운대구 마린시티*로 **, ***동 ****호 (우동, 해운대두산위브더제니스)","","인셀덤 미앤미 대리점","2026-01-08 00:00:00","U","2026-01-10 02:40:00","","395388.715069604","186268.853282623","후원방문판매업","0","2020474300",
"86","후원방문판매업체","08_26_05_P","6260000","20206260000301000087","2020-05-19","","03","폐업","4","폐업","2024-12-26","","","","","","46287","부산광역시 금정구 장전동  ***번지 *호 현대*차아파트 ****호","부산광역시 금정구 금강로***번길 **, ****호 (장전동, 현대*차아파트)","","인셀덤 금영지점","2026-01-08 00:00:00","U","2026-01-10 02:40:00","","389584.223084177","194835.616428647","후원방문판매업","0","2224800499",
"87","후원방문판매업체","08_26_05_P","6260000","20206260000301000091","2020-05-19","","03","폐업","4","폐업","2024-12-26","","","","","","48062","부산광역시 해운대구 우동  ****번지 *호 센텀삼환아파트 ***동 ***호","부산광역시 해운대구 해운대로 ***, ***동 ***호 (우동, 센텀삼환아파트)","","인셀덤 마리","2026-01-08 00:00:00","U","2026-01-10 02:40:00","","394750.285555627","187922.429679282","후원방문판매업","0","7994600622",
"88","후원방문판매업체","08_26_05_P","6260000","20206260000301000096","2020-05-19","","03","폐업","4","폐업","2024-12-26","","","","","","48013","부산광역시 해운대구 반송동  ***번지 *호 엘아이지건영아파트 ***동 ***호","부산광역시 해운대구 신반송로 **, ***동 ***호 (반송동, 엘아이지건영아파트)","","인셀덤빛고을","2026-01-08 00:00:00","U","2026-01-10 02:40:00","","396945.174511648","194127.707347447","후원방문판매업","0","3982400771",
"89","후원방문판매업체","08_26_05_P","6260000","20206260000301000097","2020-05-19","","03","폐업","4","폐업","2024-12-26","","","","","","47824","부산광역시 동래구 온천동  ****번지 **호 삼창주택 나동 ***호","부산광역시 동래구 중앙대로****번길 **, 나동 ***호 (온천동, 삼창주택)","","돈지대리점","2026-01-08 00:00:00","U","2026-01-10 02:40:00","","389000.846898821","191419.331735312","후원방문판매업","0","7331800973",
"90","후원방문판매업체","08_26_05_P","6260000","20206260000301000099","2020-05-19","","03","폐업","4","폐업","2024-12-26","","","","","","46551","부산광역시 북구 덕천동  ***번지 *호 기비골마을 ***동 ****호","부산광역시 북구 만덕*로***번길 **, ***동 ****호(덕천동, 기비골마을)","","인셀덤 구영대리점","2026-01-08 00:00:00","U","2026-01-10 02:40:00","","384161.334550309","192610.091217175","후원방문판매업","0","3021201378",
"91","후원방문판매업체","08_26_05_P","6260000","20206260000301000103","2020-05-19","","03","폐업","4","폐업","2024-12-26","","","","","","48204","부산광역시 수영구 망미동  ***번지 **호","부산광역시 수영구 과정로**번길 **-* (망미동)","","인셀덤구연대리점","2026-01-08 00:00:00","U","2026-01-10 02:40:00","","391754.499205367","188581.596252713","후원방문판매업","0","3741801055",
"92","후원방문판매업체","08_26_05_P","6260000","20206260000301000108","2020-05-19","","03","폐업","4","폐업","2024-12-26","","","","","","48420","부산광역시 남구 문현동  ****번지 *호 문현경동리인*단지 ***동 ****호","부산광역시 남구 문현로 **-*, ***동 ****호 (문현동, 문현경동리인 *단지)","","인셀덤 미플러스","2026-01-08 00:00:00","U","2026-01-10 02:40:00","","388979.463155757","184327.177710761","후원방문판매업","0","1106807519",
"93","후원방문판매업체","08_26_05_P","6260000","20206260000301000112","2020-05-19","","03","폐업","4","폐업","2024-12-26","","","","","","48080","부산광역시 해운대구 좌동  ****번지 *호 경남아너스빌아파트 ***동 ***호","부산광역시 해운대구 좌동순환로**번길 **, ***동 ***호(좌동, 경남아너스빌아파트)","","소망 인셀덤","2026-01-08 00:00:00","U","2026-01-10 02:40:00","","397360.888425385","188634.485329744","후원방문판매업","0","5196300343",
"94","후원방문판매업체","08_26_05_P","6260000","20216260000301000125","2021-10-18","","03","폐업","4","폐업","2024-12-26","","","","","","47249","부산광역시 부산진구 범전동  ***번지 **호","부산광역시 부산진구 범전로**번길 **(범전동)","","인셀덤 소망 대리점","2026-01-08 00:00:00","U","2026-01-10 02:40:00","","388049.456258227","187162.347952296","후원방문판매업","0","8430601830",
"95","후원방문판매업체","08_26_05_P","6260000","20216260000301000128","2021-10-18","","03","폐업","4","폐업","2024-12-26","","","","","","48116","부산광역시 해운대구 중동  ***번지 *호","부산광역시 해운대구 청사포로 ***, *층(중동)","","인셀덤 청사 대리점","2026-01-08 00:00:00","U","2026-01-10 02:40:00","","399826.599200348","186985.906767099","후원방문판매업","0","5743500798",
"96","후원방문판매업체","08_26_05_P","6260000","20216260000301000130","2021-10-18","","03","폐업","4","폐업","2024-12-26","","","","","","47827","부산광역시 동래구 온천동  ****번지 *호 아림베르빌 ***호","부산광역시 동래구 미남로***번길 **, ***호(온천동, 아림베르빌)","","인셀덤 센스점","2026-01-08 00:00:00","U","2026-01-10 02:40:00","","388471.619888864","191278.621819212","후원방문판매업","0","2213255122",
"97","후원방문판매업체","08_26_05_P","6260000","20216260000301000135","2021-10-18","","03","폐업","4","폐업","2024-12-26","","","","","","48249","부산광역시 수영구 광안동  ***번지 *호 대곡타워아파트 ***호","부산광역시 수영구 광일로**번가길 **, ***호(광안동, 대곡타워아파트)","","인셀덤 환희 대리점","2026-01-08 00:00:00","U","2026-01-10 02:40:00","","392307.356341913","186912.059273658","후원방문판매업","0","6831301731",
"98","후원방문판매업체","08_26_05_P","6410000","20216410000301101057","2021-11-29","","03","폐업","4","폐업","2025-12-31","","","","","","16340","경기도 수원시 장안구 정자동  ***번지 *호 동신아파트 ***동 ****호","경기도 수원시 장안구 장안로 ***, ***동 ****호(정자동, 동신아파트)","","진 인셀덤 4호","2026-01-08 00:00:00","U","2026-01-10 02:40:00","","199547.752860105","422317.63414653","후원방문판매업","0","7390802140",
"99","후원방문판매업체","08_26_05_P","6260000","20216260000301000154","2021-07-28","","03","폐업","4","폐업","2024-12-26","","","","","","47165","부산광역시 부산진구 개금동  *번지 *호 개금우드빌 ***동 ****호","부산광역시 부산진구 백양관문로**번길 **, ***동 ****호(개금동, 개금우드빌)","","인셀덤(미라클)","2026-01-08 00:00:00","U","2026-01-10 02:40:00","","384540.565844585","186797.828624732","후원방문판매업","0","6716700445",
"100","후원방문판매업체","08_26_05_P","6260000","20206260000301000224","2020-12-17","","03","폐업","4","폐업","2024-12-26","","","","","","48247","부산광역시 수영구 광안동  ***번지 *호 힐탑더블시티 ***동 ****호","부산광역시 수영구 수영로 ***, ***동 ****호(광안동, 힐탑더블시티)","","인셀덤 엣지","2026-01-08 00:00:00","U","2026-01-10 02:40:00","","392513.438617015","186921.717097945","후원방문판매업","0","7922901040",
"101","후원방문판매업체","08_26_05_P","6260000","20216260000301000140","2021-11-16","","03","폐업","4","폐업","2024-12-26","","","","","","46007","부산광역시 기장군 정관읍 모전리 ***번지 *호 이지더원*차아파트 ***동 ****호","부산광역시 기장군 정관읍 정관*로 *, ***동 ****호(이지 더원 *차 아파트)","","인셀덤 유","2026-01-08 00:00:00","U","2026-01-10 02:40:00","","396661.136707393","205995.904169189","후원방문판매업","0","2720102390",
"102","후원방문판매업체","08_26_05_P","6260000","20216260000301000142","2021-11-16","","03","폐업","4","폐업","2024-12-26","","","","","","46521","부산광역시 북구 금곡동  ****번지 *호 율리마을주공아파트 ***동 ****호","부산광역시 북구 화명신도시로 ***, ***동 ****호(금곡동, 율리마을주공아파트)","","인셀덤 힐링대리점","2026-01-08 00:00:00","U","2026-01-10 02:40:00","","382937.351165395","195922.341071768","후원방문판매업","0","8942801349",
"103","후원방문판매업체","08_26_05_P","6260000","20216260000301000147","2021-11-16","","03","폐업","4","폐업","2024-12-26","","","","","","46505","부산광역시 북구 금곡동  **번지 *호 한솔아파트 상가동 ***호","부산광역시 북구 효열로***번길 **, 한솔아파트 상가동 ***호(금곡동)","","인셀덤 비너스 대리점","2026-01-08 00:00:00","U","2026-01-10 02:40:00","","383655.275869066","198192.954211848","후원방문판매업","0","5320302054",
"104","후원방문판매업체","08_26_05_P","6260000","20216260000301000148","2021-11-16","","03","폐업","4","폐업","2024-12-26","","","","","","48099","부산광역시 해운대구 중동  ****번지 *호","부산광역시 해운대구 해운대해변로***번길 **, *층(중동)","","비더원","2026-01-08 00:00:00","U","2026-01-10 02:40:00","","397403.03176618","186810.003834272","후원방문판매업","0","5056500519",
"105","후원방문판매업체","08_26_05_P","6260000","20236260000301000022","2023-03-10","","03","폐업","4","폐업","2024-12-26","","","","","","48113","부산광역시 해운대구 좌동  ****번지 *호 경남선경아파트 ***동 ****호","부산광역시 해운대구 청사포로 **, ***동 ****호(좌동, 경남선경아파트)","","인셀덤아보대리점","2026-01-08 00:00:00","U","2026-01-10 02:40:00","","399061.678955014","187432.761894711","후원방문판매업","0","7231002420",
"106","후원방문판매업체","08_26_05_P","6260000","20226260000301000161","2022-06-20","","03","폐업","4","폐업","2024-12-26","","","","","","17111","경기도 용인시 기흥구 농서동  ***번지 *호 이너매스허브시티 ***호","경기도 용인시 기흥구 서천로***번길 **, 이너매스허브시티 ***호(농서동)","","인셀덤 핑클","2026-01-08 00:00:00","U","2026-01-10 02:40:00","","206385.878379115","414188.190141484","후원방문판매업","0","4350401367",
"107","후원방문판매업체","08_26_05_P","6260000","20246260000301000001","2024-02-06","","03","폐업","4","폐업","2024-12-26","","","","","","46228","부산광역시 금정구 구서동  ****번지 *호","부산광역시 금정구 두실로**번길 ** (구서동)","","샤론 인셀덤","2026-01-08 00:00:00","U","2026-01-10 02:40:00","","389781.063914765","197546.6325986","후원방문판매업","0","4980702733",
"108","후원방문판매업체","08_26_05_P","6260000","20246260000301000006","2024-03-14","","03","폐업","4","폐업","2024-12-26","","","","","","48080","부산광역시 해운대구 좌동  ****번지 *호 경남아너스빌아파트 ***동 ****호","부산광역시 해운대구 좌동순환로**번길 **, ***동 ****호 (좌동, 경남아너스빌아파트)","","소니(Sony)인셀덤","2026-01-08 00:00:00","U","2026-01-10 02:40:00","","397360.888425385","188634.485329744","후원방문판매업","0","1160413661",
"109","후원방문판매업체","08_26_05_P","6260000","20246260000301000007","2024-03-14","","03","폐업","4","폐업","2024-12-26","","","","","","46009","부산광역시 기장군 정관읍 모전리 ***번지 *호 정관롯데캐슬*차 ***동 ***호","부산광역시 기장군 정관읍 정관*로 **, ***동 ***호 (정관롯데캐슬*차)","","리암(Liam)","2026-01-08 00:00:00","U","2026-01-10 02:40:00","","397131.156786128","205668.847394978","후원방문판매업","0","7973501594",
"110","후원방문판매업체","08_26_05_P","6260000","20246260000301000008","2024-03-15","","03","폐업","4","폐업","2024-12-26","","","","","","46236","부산광역시 금정구 구서동  ***번지 **호 금강부광아파트 ***동 ****호","부산광역시 금정구 금샘로***번길 **, ***동 **층 ****호 (구서동, 금강부광아파트)","","인셀덤 유나","2026-01-08 00:00:00","U","2026-01-10 02:40:00","","389591.648246545","196032.014868699","후원방문판매업","0","5522301566",
"111","후원방문판매업체","08_26_05_P","6260000","20206260000301000142","2020-07-15","","03","폐업","4","폐업","2024-12-24","","","","","","48109","부산광역시 해운대구 좌동  ****번지 *호 대우*차아파트 ***동 ****호","부산광역시 해운대구 좌동순환로 ***, ***동 ****호(좌동, 대우*차아파트)","","인셀덤더리즈","2026-01-08 00:00:00","U","2026-01-10 02:40:00","","398866.445015219","188038.176406287","후원방문판매업","0","5961201269",
"112","후원방문판매업체","08_26_05_P","6260000","20206260000301000144","2020-07-15","","03","폐업","4","폐업","2024-12-26","","","","","","46229","부산광역시 금정구 구서동  ***번지 *호 비둘기연립 ***호","부산광역시 금정구 금강로 ***, *층 ***호(구서동, 비둘기연립)","","자은인셀덤","2026-01-08 00:00:00","U","2026-01-10 02:40:00","","389943.592261338","197469.352456376","후원방문판매업","0","2731001493",
"113","후원방문판매업체","08_26_05_P","6260000","20206260000301000152","2020-07-15","","03","폐업","4","폐업","2024-12-26","","","","","","47738","부산광역시 동래구 명륜동  ***번지 *호 건원안단테 ***호","부산광역시 동래구 삼성대길 **, ***호 (명륜동, 건원 안단테)","","이브인셀덤","2026-01-08 00:00:00","U","2026-01-10 02:40:00","","389580.883246764","191351.211265831","후원방문판매업","0","2050452299",
"114","후원방문판매업체","08_26_05_P","6260000","20206260000301000153","2020-07-15","","03","폐업","4","폐업","2024-12-26","","","","","","48119","부산광역시 해운대구 우동  ****번지 *호 마린시티두산위브포세이돈 ***동 ****호","부산광역시 해운대구 마린시티*로 **, ***동 ****호 (우동, 마린시티두산위브포세이돈)","","워너비 인셀덤","2026-01-08 00:00:00","U","2026-01-10 02:40:00","","395355.89450973","186074.803656796","후원방문판매업","0","4233800787",
"115","후원방문판매업체","08_26_05_P","6260000","20206260000301000156","2020-08-24","","03","폐업","4","폐업","2024-12-26","","","","","","46292","부산광역시 금정구 장전동  ***번지 ***호","부산광역시 금정구 장전로**번길 *, *층 (장전동)","","부산대인셀덤","2026-01-08 00:00:00","U","2026-01-10 02:40:00","","389970.007201781","194078.380643779","후원방문판매업","0","1313729312",
"116","후원방문판매업체","08_26_05_P","6260000","20206260000301000161","2020-08-24","","03","폐업","4","폐업","2024-12-24","","","","","","46760","부산광역시 강서구 신호동  ***번지 *호 부산신호사랑으로부영*차 ***동 ***호","부산광역시 강서구 신호산단*로 **, ***동 ***호 (신호동, 부산신호사랑으로부영*차)","","인셀덤서밋대리점","2026-01-08 00:00:00","U","2026-01-10 02:40:00","","370949.593168106","177996.73832378","후원방문판매업","0","1225217208",
"117","후원방문판매업체","08_26_05_P","6260000","20206260000301000162","2020-08-24","","03","폐업","4","폐업","2024-12-26","","","","","","47128","부산광역시 부산진구 연지동  ***번지 **호 래미안어반파크 ***동 ***호","부산광역시 부산진구 성지로 **, ***동 ***호(연지동, 래미안어반파크)","","인셀덤 다연대리점","2026-01-08 00:00:00","U","2026-01-10 02:40:00","","386782.740399224","188127.671595095","후원방문판매업","0","1013155141",
"118","후원방문판매업체","08_26_05_P","6260000","20206260000301000163","2020-08-24","","03","폐업","4","폐업","2024-12-26","","","","","","48413","부산광역시 남구 문현동  ***번지 *호 문현삼성힐타워 a동 ****호","부산광역시 남구 전포대로 **, a동 ****호 (문현동, 문현삼성힐타워)","","인셀덤 서면점","2026-01-08 00:00:00","U","2026-01-10 02:40:00","","388404.971429442","184193.746947289","후원방문판매업","0","6022405113",
"119","후원방문판매업체","08_26_05_P","6260000","20216260000301000084","2021-07-19","","03","폐업","4","폐업","2024-12-26","","","","","","48048","부산광역시 해운대구 재송동  ***번지 *호 센텀이편한세상아파트 ***동 ***호","부산광역시 해운대구 해운대로**번길 **, ***동 ***호(재송동, 센텀이편한세상아파트)","","와니 인셀덤","2026-01-08 00:00:00","U","2026-01-10 02:40:00","","392799.14993192","189781.150493082","후원방문판매업","0","8730601919",
"120","후원방문판매업체","08_26_05_P","6260000","20216260000301000087","2021-07-19","","03","폐업","4","폐업","2024-12-26","","","","","","49329","부산광역시 사하구 당리동  ***번지 *호 경성리치W아파트 ***호","부산광역시 사하구 낙동대로 ***, ***호(당리동, 경성리치W아파트)","","인셀덤 더발라","2026-01-08 00:00:00","U","2026-01-10 02:40:00","","380112.660261235","180021.207743134","후원방문판매업","0","5762801228",
"121","후원방문판매업체","08_26_05_P","6260000","20216260000301000088","2021-07-19","","03","폐업","4","폐업","2024-12-26","","","","","","47747","부산광역시 동래구 명륜동  ***번지 *호 동래센트럴파크하이츠*차 ***동 ****호","부산광역시 동래구 문화로 **, ***동 ****호(명륜동, 동래센트럴파크하이츠*차)","","에이치앤비(H&B)","2026-01-08 00:00:00","U","2026-01-10 02:40:00","","389886.666899557","192237.037051796","후원방문판매업","0","3320202118",
"122","후원방문판매업체","08_26_05_P","6260000","20216260000301000089","2021-07-19","","03","폐업","4","폐업","2024-12-26","","","","","","49108","부산광역시 영도구 동삼동  ***번지 **호 삼창파크타운 ***동 ***호","부산광역시 영도구 동삼로**번길 *, ***동 ***호(동삼동, 삼창파크타운)","","인셀덤오유재대리점","2026-01-08 00:00:00","U","2026-01-10 02:40:00","","388828.066972245","177152.221787204","후원방문판매업","0","5976300566",
"123","후원방문판매업체","08_26_05_P","6260000","20216260000301000091","2021-07-19","","03","폐업","4","폐업","2024-12-26","","","","","","48273","부산광역시 수영구 민락동  ***번지 **호","부산광역시 수영구 무학로**번길 **(민락동)","","인셀덤뮤즈","2026-01-08 00:00:00","U","2026-01-10 02:40:00","","393052.299365518","187048.838087314","후원방문판매업","0","1020593606",
"124","후원방문판매업체","08_26_05_P","6260000","20216260000301000092","2021-07-19","","03","폐업","4","폐업","2024-12-26","","","","","","47764","부산광역시 동래구 명장동  ***번지 *호 명장경동아파트 ***동 ****호","부산광역시 동래구 명서로 ***, ***동 ****호(명장동, 명장경동아파트)","","인셀덤 늘푸른 대리점","2026-01-08 00:00:00","U","2026-01-10 02:40:00","","391328.065336967","191847.114440687","후원방문판매업","0","6532101322",
"125","후원방문판매업체","08_26_05_P","6260000","20216260000301000093","2021-07-19","","03","폐업","4","폐업","2024-12-26","","","","","","48296","부산광역시 수영구 광안동  ***번지 **호 양지코쿤빌**차 ***호","부산광역시 수영구 광안로**번길 **, ***호(광안동, 양지코쿤빌**차)","","인셀덤 베스트","2026-01-08 00:00:00","U","2026-01-10 02:40:00","","392931.535262081","186116.056704433","후원방문판매업","0","4475000640",
"126","후원방문판매업체","08_26_05_P","6260000","20216260000301000109","2021-09-23","","03","폐업","4","폐업","2024-12-26","","","","","","47184","부산광역시 부산진구 부암동  ***번지 *호 서면동일파크스위트*차 ***동 ****호","부산광역시 부산진구 동평로 ***, ***동 ****호(부암동, 서면 동일파크스위트 *차)","","아이엠인셀덤","2026-01-08 00:00:00","U","2026-01-10 02:40:00","","386443.082710801","186982.262716528","후원방문판매업","0","4546500550",
"127","후원방문판매업체","08_26_05_P","6260000","20216260000301000110","2021-09-23","","03","폐업","4","폐업","2024-12-26","","","","","","47756","부산광역시 동래구 명륜동  ***번지 *호 명륜*차아이파크 ***동 ****호","부산광역시 동래구 시실로 **, ***동 ****호(명륜동, 명륜*차아이파크)","","인셀덤 수 대리점","2026-01-08 00:00:00","U","2026-01-10 02:40:00","","390171.205082822","192729.289976964","후원방문판매업","0","7440402464",
"128","후원방문판매업체","08_26_05_P","6260000","20216260000301000116","2021-09-23","","03","폐업","4","폐업","2024-12-26","","","","","","47610","부산광역시 연제구 연산동  ****번지 *호 연산더샵 ***동 ***호","부산광역시 연제구 연수로 ***, ***동 ***호(연산동, 연산더샵)","","모아인셀덤","2026-01-08 00:00:00","U","2026-01-10 02:40:00","","389833.928256576","188041.168925352","후원방문판매업","0","6213600879",
"129","후원방문판매업체","08_26_05_P","6260000","20216260000301000118","2021-09-23","","03","폐업","4","폐업","2025-12-26","","","","","","46054","부산광역시 기장군 기장읍 교리 *번지 *호 이진캐스빌블루*차아파트 ***동 ****호","부산광역시 기장군 기장읍 차성로 ***, ***동 ****호(이진캐스빌블루 *차아파트)","","인셀덤 크리스탈 대리점","2026-01-08 00:00:00","U","2026-01-10 02:40:00","","401883.263603118","197544.573617538","후원방문판매업","0","5684000856",
"130","후원방문판매업체","08_26_05_P","6260000","20216260000301000097","2021-08-18","","03","폐업","4","폐업","2024-12-26","","","","","","47529","부산광역시 연제구 거제동  ***번지 *호","부산광역시 연제구 아시아드대로 **, ***동 ***호 (거제동)","","인셀덤이너피스점","2026-01-08 00:00:00","U","2026-01-10 02:40:00","","","","후원방문판매업","0","3221501451",
"131","후원방문판매업체","08_26_05_P","6260000","20216260000301000100","2021-08-18","","03","폐업","4","폐업","2024-12-26","","","","","","48090","부산광역시 해운대구 우동  ****번지 *호 해운대엑소디움 ***동 ****호","부산광역시 해운대구 해운대해변로 **, ***동 ****호(우동, 해운대엑소디움)","","인셀덤 미엘","2026-01-08 00:00:00","U","2026-01-10 02:40:00","","394649.504714752","186938.178511212","후원방문판매업","0","8151301833",
"132","후원방문판매업체","08_26_05_P","6260000","20216260000301000096","2021-08-18","","03","폐업","4","폐업","2024-12-26","","","","","","49343","부산광역시 사하구 괴정동  ****번지 **호","부산광역시 사하구 낙동대로***번길 **, *층 (괴정동)","","스텔라 인셀덤","2026-01-08 00:00:00","U","2026-01-10 02:40:00","","380761.659403694","179889.945663842","후원방문판매업","0","5970102251",
"133","후원방문판매업체","08_26_05_P","6260000","20216260000301000102","2021-08-18","","03","폐업","4","폐업","2024-12-26","","","","","","47179","부산광역시 부산진구 당감동  ***번지 *호 주공아파트*단지 ***동 ***호","부산광역시 부산진구 백양관문로 **, ***동 ***호 (당감동, 주공아파트*단지)","","인셀덤미송대리점","2026-01-08 00:00:00","U","2026-01-10 02:40:00","","385131.532073813","186553.007795525","후원방문판매업","0","7511201658",
"134","후원방문판매업체","08_26_05_P","6260000","20236260000301000005","2023-01-13","","03","폐업","4","폐업","2024-12-26","","","","","","48516","부산광역시 남구 용호동  ***번지 **호 엘지메트로시티 ***동 ****호","부산광역시 남구 분포로 ***, ***동 ****호(용호동, 엘지메트로시티)","","인셀덤 시크릿","2026-01-08 00:00:00","U","2026-01-10 02:40:00","","392474.578116018","183052.21115244","후원방문판매업","0","8973701205",
"135","후원방문판매업체","08_26_05_P","6260000","20236260000301000006","2023-01-13","","03","폐업","4","폐업","2024-12-26","","","","","","49270","부산광역시 서구 암남동  ***번지 *호 비스타동원더비치테라스 ***동 ***호","부산광역시 서구 암남공원로 **, ***동 ***호 (암남동, 비스타동원더비치테라스)","","아셀","2026-01-08 00:00:00","U","2026-01-10 02:40:00","","","","후원방문판매업","0","6782301776",
"136","후원방문판매업체","08_26_05_P","6260000","20236260000301000009","2023-01-13","","03","폐업","4","폐업","2024-12-26","","","","","","47393","부산광역시 부산진구 개금동  ***번지 *호 개금시영 **동 **호","부산광역시 부산진구 진사로**번길 **, **동 **호(개금동, 개금 시영)","","인셀덤 미라클 대리점","2026-01-08 00:00:00","U","2026-01-10 02:40:00","","383734.276148855","184897.302921948","후원방문판매업","0","2664700997",
"137","후원방문판매업체","08_26_05_P","6260000","20226260000301000152","2022-12-09","","03","폐업","4","폐업","2024-12-26","","","","","","47138","부산광역시 부산진구 부암동  ***번지 **호","부산광역시 부산진구 동평로***번길 **-*(부암동)","","인셀덤 미팅대리점","2026-01-08 00:00:00","U","2026-01-10 02:40:00","","386025.279964513","187342.050915577","후원방문판매업","0","7143801168",
"138","후원방문판매업체","08_26_05_P","6260000","20216260000301000064","2021-05-17","","03","폐업","4","폐업","2024-12-26","","","","","","47317","부산광역시 부산진구 전포동  ***번지 **호","부산광역시 부산진구 황령대로**번길 **, *층 (전포동)","","인셀덤 수련 대리점","2026-01-08 00:00:00","U","2026-01-10 02:40:00","","","","후원방문판매업","0","7501301759",
"139","후원방문판매업체","08_26_05_P","6260000","20216260000301000066","2021-05-17","","03","폐업","4","폐업","2024-12-26","","","","","","47717","부산광역시 동래구 온천동  ****번지 *호 일신빌라 ***호","부산광역시 동래구 우장춘로**번길 **, ***호 (온천동, 일신빌라)","","인셀덤 보나 대리점","2026-01-08 00:00:00","U","2026-01-10 02:40:00","","388359.81827068","192513.903198225","후원방문판매업","0","8940601731",
"140","후원방문판매업체","08_26_05_P","6260000","20216260000301000068","2021-05-17","","03","폐업","4","폐업","2024-12-26","","","","","","48454","부산광역시 남구 대연동  ****번지 *호 대연롯데캐슬레전드 ***동 ****호","부산광역시 남구 수영로 ***, ***동 ****호 (대연동, 대연롯데캐슬레전드)","","더하이(The High)","2026-01-08 00:00:00","U","2026-01-10 02:40:00","","389619.893354186","183934.768044019","후원방문판매업","0","8223600845",
"141","후원방문판매업체","08_26_05_P","6260000","20216260000301000073","2021-06-16","","03","폐업","4","폐업","2024-12-26","","","","","","48119","부산광역시 해운대구 우동  ****번지 *호 해운대두산위브더제니스 ***동 ****호","부산광역시 해운대구 마린시티*로 **, ***동 ****호 (우동, 해운대두산위브더제니스)","","인셀덤 엘리(Incellderm-eli)","2026-01-08 00:00:00","U","2026-01-10 02:40:00","","395388.715069604","186268.853282623","후원방문판매업","0","1801601719",
"142","후원방문판매업체","08_26_05_P","6260000","20216260000301000074","2021-06-16","","03","폐업","4","폐업","2024-12-26","","","","","","48298","부산광역시 수영구 광안동  ****번지 *호 부산광안동쌍용예가디오션 ***동 ***호","부산광역시 수영구 광안로 **, ***동 ***호(광안동, 부산 광안동 쌍용 예가 디 오션)","","인셀덤홀릭","2026-01-08 00:00:00","U","2026-01-10 02:40:00","","392679.027322564","186060.147155193","후원방문판매업","0","3246800323",
"143","후원방문판매업체","08_26_05_P","6260000","20216260000301000078","2021-06-16","","03","폐업","4","폐업","2024-12-26","","","","","","46016","부산광역시 기장군 정관읍 용수리 ****번지 *호 정관동일스위트*차 ***동 ***호","부산광역시 기장군 정관읍 정관*로 **, ***동 ***호(정관동일스위트*차)","","슈퍼인셀덤","2026-01-08 00:00:00","U","2026-01-10 02:40:00","","397218.009053384","204903.216935529","후원방문판매업","0","2230862696",
"144","후원방문판매업체","08_26_05_P","6260000","20206260000301000177","2020-09-21","","03","폐업","4","폐업","2024-12-26","","","","","","46009","부산광역시 기장군 정관읍 모전리 ***번지 *호 정관롯데캐슬*차 ***동 ****호","부산광역시 기장군 정관읍 정관*로 **, ***동 ****호 (정관롯데캐슬*차)","","인셀덤 남달라","2026-01-08 00:00:00","U","2026-01-10 02:40:00","","397131.156786128","205668.847394978","후원방문판매업","0","3311801247",
"145","후원방문판매업체","08_26_05_P","6260000","20206260000301000178","2020-09-21","","03","폐업","4","폐업","2024-12-26","","","","","","46233","부산광역시 금정구 구서동  ****번지 *호 롯데캐슬골드*단지","부산광역시 금정구 금강로 ***, ***동 ****호 (구서동, 롯데캐슬골드*단지)","","인셀덤박","2026-01-08 00:00:00","U","2026-01-10 02:40:00","","390044.982846567","196654.519868384","후원방문판매업","0","8245500411",
"146","후원방문판매업체","08_26_05_P","6260000","20206260000301000193","2020-11-18","","03","폐업","4","폐업","2024-12-26","","","","","","46700","부산광역시 강서구 대저*동  ****번지 *호 *동 ***호","부산광역시 강서구 평강로***번길 ***, *층 ***호 (대저*동)","","환신 인셀덤","2026-01-08 00:00:00","U","2026-01-10 02:40:00","","377077.268394802","192877.801158018","후원방문판매업","0","8620801719",
"147","후원방문판매업체","08_26_05_P","6260000","20206260000301000196","2020-11-18","","03","폐업","4","폐업","2024-12-26","","","","","","46602","부산광역시 북구 만덕동  ***번지 *호 벽산라인타운 ***동 ***호","부산광역시 북구 덕천로 ***, ***동 ***호 (만덕동, 벽산라인타운)","","윤진 인셀덤","2026-01-08 00:00:00","U","2026-01-10 02:40:00","","384257.067576796","191991.025225857","후원방문판매업","0","6061680201",
"148","후원방문판매업체","08_26_05_P","6260000","20206260000301000197","2020-11-18","","03","폐업","4","폐업","2024-12-26","","","","","","47885","부산광역시 동래구 낙민동  ***번지 *호 동래꿈에그린아파트 ***동 ****호","부산광역시 동래구 온천천로***번길 **, 동래꿈에그린아파트 ***동 ****호 (낙민동)","","빛이 인셀덤","2026-01-08 00:00:00","U","2026-01-10 02:40:00","","390304.544719389","190552.782902259","후원방문판매업","0","2020594676",
"149","후원방문판매업체","08_26_05_P","6260000","20206260000301000198","2020-11-18","","03","폐업","4","폐업","2024-12-26","","","","","","46232","부산광역시 금정구 구서동  ****번지 *호 롯데캐슬골드*단지 ***동 ****호","부산광역시 금정구 금강로 ***, ***동 ****호 (구서동, 롯데캐슬골드*단지)","","인셀덤안나(Incellderm Anna)","2026-01-08 00:00:00","U","2026-01-10 02:40:00","","389798.560167452","196667.692411609","후원방문판매업","0","8031301373",
"150","후원방문판매업체","08_26_05_P","6260000","20206260000301000200","2020-11-18","","03","폐업","4","폐업","2024-12-26","","","","","","48275","부산광역시 수영구 민락동  ***번지 **호 수영만아이파크 ***A동 ****호","부산광역시 수영구 광안해변로 ***, ***A동 ****호 (민락동, 수영만 아이파크)","","인셀덤리치","2026-01-08 00:00:00","U","2026-01-10 02:40:00","","393966.608796334","186847.547423394","후원방문판매업","0","6896800308",
"151","후원방문판매업체","08_26_05_P","6260000","20226260000301000129","2022-10-14","","03","폐업","4","폐업","2024-12-26","","","","","","48063","부산광역시 해운대구 우동  ****번지 *호 해운대자이*차 ***동 ****호","부산광역시 해운대구 해운대로***번길 ***, ***동 ****호(우동, 해운대자이*차)","","더룩스","2026-01-08 00:00:00","U","2026-01-10 02:40:00","","395278.275433276","187597.676291282","후원방문판매업","0","8313401072",
"152","후원방문판매업체","08_26_05_P","6260000","20226260000301000130","2022-10-14","","03","폐업","4","폐업","2024-12-26","","","","","","49350","부산광역시 사하구 괴정동  ***번지 **호","부산광역시 사하구 사하로***번길 **-*, *층(괴정동)","","인셀규나","2026-01-08 00:00:00","U","2026-01-10 02:40:00","","382010.159833897","179786.824449391","후원방문판매업","0","1584200861",
"153","후원방문판매업체","08_26_05_P","6260000","20226260000301000132","2022-10-14","","03","폐업","4","폐업","2024-12-26","","","","","","47501","부산광역시 연제구 거제동  ***번지 **호","부산광역시 연제구 아시아드대로 **, *층(거제동)","","호야 인셀덤","2026-01-08 00:00:00","U","2026-01-10 02:40:00","","388149.605966881","190171.030379483","후원방문판매업","0","1161808035",
"154","후원방문판매업체","08_26_05_P","6260000","20226260000301000134","2022-10-14","","03","폐업","4","폐업","2024-12-26","","","","","","46076","부산광역시 기장군 기장읍 내리 ***번지 *호 동부산동원로얄듀크 ***동 ****호","부산광역시 기장군 기장읍 기장대로 **, ***동 ****호 (동부산 동원로얄듀크)","","인셀덤 노블","2026-01-08 00:00:00","U","2026-01-10 02:40:00","","400777.738090622","191585.306003817","후원방문판매업","0","3092034690",
"155","후원방문판매업체","08_26_05_P","6260000","20226260000301000135","2022-10-14","","03","폐업","4","폐업","2024-12-26","","","","","","46303","부산광역시 금정구 부곡동  ***번지 *호 평화빌라 ***호","부산광역시 금정구 동부곡로**번길 **, ***호(부곡동, 평화빌라)","","아름(인셀덤)","2026-01-08 00:00:00","U","2026-01-10 02:40:00","","390594.247896835","193773.372723125","후원방문판매업","0","5024863798",
"156","후원방문판매업체","08_26_05_P","6260000","20226260000301000136","2022-10-14","","03","폐업","4","폐업","2024-12-26","","","","","","46024","부산광역시 기장군 정관읍 달산리 ****번지 **호","부산광역시 기장군 정관읍 달산*길 **, *층","","미인","2026-01-08 00:00:00","U","2026-01-10 02:40:00","","398372.288763503","204158.612280978","후원방문판매업","0","6290402559",
"157","후원방문판매업체","08_26_05_P","6260000","20226260000301000138","2022-10-14","","03","폐업","4","폐업","2024-12-26","","","","","","46569","부산광역시 북구 덕천동  ***번지 *호 부원아파트 ***호","부산광역시 북구 만덕*로**번길 **, ***호(덕천동, 부원아파트)","","슬기롭게 인셀덤","2026-01-08 00:00:00","U","2026-01-10 02:40:00","","384219.588876094","192216.111210428","후원방문판매업","0","2030796273",
"158","후원방문판매업체","08_26_05_P","6260000","20226260000301000146","2022-11-09","","03","폐업","4","폐업","2024-12-26","","","","","","47616","부산광역시 연제구 연산동  ****번지 ***호 ***호","부산광역시 연제구 연수로***번길 **, ***호(연산동)","","덤 대리점","2026-01-08 00:00:00","U","2026-01-10 02:40:00","","390808.690281905","187862.998018636","후원방문판매업","0","2911102202",
"159","후원방문판매업체","08_26_05_P","6260000","20226260000301000148","2022-11-09","","03","폐업","4","폐업","2024-12-26","","","","","","46962","부산광역시 사상구 괘법동  ***번지 *호 괘법엘에이치아파트 ***동 ****호","부산광역시 사상구 광장로**번길 **, ***동 ****호(괘법동, 괘법엘에이치아파트)","","인셀덤사파이어대리점","2026-01-08 00:00:00","U","2026-01-10 02:40:00","","380335.44278277","187041.949738398","후원방문판매업","0","6191276909",
"160","후원방문판매업체","08_26_05_P","6260000","20226260000301000112","2022-09-22","","03","폐업","4","폐업","2024-12-26","","","","","","49265","부산광역시 서구 암남동  **번지 *호 송도힐타운 ***호","부산광역시 서구 천해로**번라길 **, ***호(암남동, 송도힐타운)","","오페라(인셀덤)","2026-01-08 00:00:00","U","2026-01-10 02:40:00","","384035.736523383","177581.098520858","후원방문판매업","0","2900502469",
"161","후원방문판매업체","08_26_05_P","6260000","20226260000301000109","2022-09-22","","03","폐업","4","폐업","2024-12-26","","","","","","47552","부산광역시 연제구 연산동  ****번지 *호 연산동일동미라주더스타 ***동 ***호","부산광역시 연제구 반송로 **, ***동 ***호 (연산동, 연산동 일동 미라주 더 스타)","","아리아","2026-01-08 00:00:00","U","2026-01-10 02:40:00","","390141.062134838","189907.233037021","후원방문판매업","0","7695100722",
"162","후원방문판매업체","08_26_05_P","6260000","20226260000301000113","2022-09-22","","03","폐업","4","폐업","2024-12-26","","","","","","48587","부산광역시 남구 용호동  ***번지 *호","부산광역시 남구 동명로***번길 **(용호동)","","인셀덤 산토스 대리점","2026-01-08 00:00:00","U","2026-01-10 02:40:00","","392583.520842124","181679.395289308","후원방문판매업","0","8961102138",
"163","후원방문판매업체","08_26_05_P","6260000","20226260000301000116","2022-09-22","","03","폐업","4","폐업","2024-12-26","","","","","","46230","부산광역시 금정구 구서동  ***번지 **호","부산광역시 금정구 두실로*번길 **(구서동)","","인셀덤-고운대리점","2026-01-08 00:00:00","U","2026-01-10 02:40:00","","390158.639046586","197289.56477846","후원방문판매업","0","4361901627",
"164","후원방문판매업체","08_26_05_P","6260000","20226260000301000117","2022-09-22","","03","폐업","4","폐업","2024-12-26","","","","","","47553","부산광역시 연제구 연산동  ****번지 *호 연산자이 **호","부산광역시 연제구 과정로***번길 **, ***동 **층 **호 (연산동, 연산 자이)","","어썸리본","2026-01-08 00:00:00","U","2026-01-10 02:40:00","","390224.494560145","189699.260181384","후원방문판매업","0","1360380454",
"165","후원방문판매업체","08_26_05_P","6260000","20226260000301000118","2022-09-22","","03","폐업","4","폐업","2024-12-26","","","","","","46276","부산광역시 금정구 부곡동  ***번지 *호 부곡쌍용아파트 ***동 ****호","부산광역시 금정구 수림로 **, ***동 ****호(부곡동, 부곡쌍용아파트)","","화양연화","2026-01-08 00:00:00","U","2026-01-10 02:40:00","","390130.993591859","195312.211870554","후원방문판매업","0","1025100652",
"166","후원방문판매업체","08_26_05_P","6260000","20226260000301000119","2022-09-22","","03","폐업","4","폐업","2024-12-26","","","","","","46993","부산광역시 사상구 주례동  ****번지 *호 경동리인 ***동 ****호","부산광역시 사상구 백양대로 ***, ***동 ****호(주례동, 경동 리인)","","인셀덤 RS MI","2026-01-08 00:00:00","U","2026-01-10 02:40:00","","381875.291854681","185970.16991865","후원방문판매업","0","8072201663",
"167","후원방문판매업체","08_26_05_P","6260000","20226260000301000120","2022-09-22","","03","폐업","4","폐업","2024-12-26","","","","","","48453","부산광역시 남구 대연동  ****번지 *호 인셀덤","부산광역시 남구 못골로 **, 인셀덤 *층(대연동)","","더원","2026-01-08 00:00:00","U","2026-01-10 02:40:00","","390070.071011178","183813.679901852","후원방문판매업","0","1096800568",
"168","후원방문판매업체","08_26_05_P","6260000","20226260000301000124","2022-09-22","","03","폐업","4","폐업","2024-12-26","","","","","","47801","부산광역시 동래구 칠산동  **번지 *호","부산광역시 동래구 칠산로 *(칠산동)","","인셀덤 로즈점","2026-01-08 00:00:00","U","2026-01-10 02:40:00","","390505.005390098","191860.57701526","후원방문판매업","0","1481102193",
"169","후원방문판매업체","08_26_05_P","6260000","20226260000301000125","2022-09-22","","03","폐업","4","폐업","2024-12-26","","","","","","48120","부산광역시 해운대구 우동  ****번지 *호 해운대아이파크 주*동 ***호","부산광역시 해운대구 마린시티*로 **, 주*동 ***호(우동, 해운대아이파크)","","인셀덤 하나","2026-01-08 00:00:00","U","2026-01-10 02:40:00","","395164.437852508","186231.014715022","후원방문판매업","0","2212025718",
"170","후원방문판매업체","08_26_05_P","6260000","20216260000301000016","2021-02-19","","03","폐업","4","폐업","2024-12-26","","","","","","46014","부산광역시 기장군 정관읍 용수리 ****번지 *호 정관신동아파밀리에 ***동 ****호","부산광역시 기장군 정관읍 정관*로 **, ***동 ****호 (정관 신동아파밀리에)","","리만 리온(Reon)","2026-01-08 00:00:00","U","2026-01-10 02:40:00","","397794.013804497","205090.044718019","후원방문판매업","0","4394000669",
"171","후원방문판매업체","08_26_05_P","6260000","20216260000301000018","2021-02-19","","03","폐업","4","폐업","2024-12-26","","","","","","46016","부산광역시 기장군 정관읍 용수리 ****번지 *호 정관동일스위트*차 ***동 ****호","부산광역시 기장군 정관읍 정관*로 **, ***동 ****호 (정관동일스위트*차)","","다온 DAON","2026-01-08 00:00:00","U","2026-01-10 02:40:00","","397218.009053384","204903.216935529","후원방문판매업","0","5815200599",
"172","후원방문판매업체","08_26_05_P","6260000","20216260000301000023","2021-02-19","","03","폐업","4","폐업","2024-12-26","","","","","","48080","부산광역시 해운대구 좌동  ****번지 *호 경남아너스빌아파트 ***동 ****호","부산광역시 해운대구 좌동순환로**번길 **, ***동 ****호 (좌동, 경남아너스빌아파트)","","라움인셀덤","2026-01-08 00:00:00","U","2026-01-10 02:40:00","","397360.888425385","188634.485329744","후원방문판매업","0","4094502884",
"173","후원방문판매업체","08_26_05_P","6260000","20216260000301000024","2021-02-19","","03","폐업","4","폐업","2024-12-26","","","","","","48054","부산광역시 해운대구 재송동  ****번지 **호","부산광역시 해운대구 재송*로**번길 ** (재송동)","","인셀덤소유","2026-01-08 00:00:00","U","2026-01-10 02:40:00","","393322.102173198","189786.401973657","후원방문판매업","0","6293001170",
"174","후원방문판매업체","08_26_05_P","6260000","20216260000301000027","2021-02-19","","03","폐업","4","폐업","2024-12-26","","","","","","48752","부산광역시 동구 범일동  ****번지 *호 오션브릿지 ***동 ****호","부산광역시 동구 범일로 **, ***동 ****호(범일동, 오션브릿지)","","인셀덤 LYNN","2026-01-08 00:00:00","U","2026-01-10 02:40:00","","387574.225913305","183546.786126281","후원방문판매업","0","6022293758",
"175","후원방문판매업체","08_26_05_P","6260000","20216260000301000030","2021-02-19","","03","폐업","4","폐업","2024-12-26","","","","","","47572","부산광역시 연제구 연산동  ***번지 *호","부산광역시 연제구 과정로***번길 * (연산동)","","샬롬인셀덤","2026-01-08 00:00:00","U","2026-01-10 02:40:00","","391902.059624607","188958.107942836","후원방문판매업","0","3762100538",
"176","후원방문판매업체","08_26_05_P","6260000","20216260000301000031","2021-02-19","","03","폐업","4","폐업","2024-12-26","","","","","","49419","부산광역시 사하구 신평동  ***번지 *호 한신아파트 ***동 ****호","부산광역시 사하구 비봉로 **, ***동 ****호(신평동, 한신아파트)","","인셀덤창조","2026-01-08 00:00:00","U","2026-01-10 02:40:00","","379251.590097293","179368.536874865","후원방문판매업","0","1641301638",
"177","후원방문판매업체","08_26_05_P","6260000","20216260000301000032","2021-02-19","","03","폐업","4","폐업","2024-12-26","","","","","","48281","부산광역시 수영구 민락동  ***번지 *호 e편한세상오션테라스*단지 ***동 ****호","부산광역시 수영구 광안해변로***번길 **, ***동 ****호 (민락동, e편한세상 오션테라스 *단지)","","앙쥬인셀덤","2026-01-08 00:00:00","U","2026-01-10 02:40:00","","393909.714040941","186034.075098038","후원방문판매업","0","7063201020",
"178","후원방문판매업체","08_26_05_P","6260000","20216260000301000035","2021-03-16","","03","폐업","4","폐업","2024-12-26","","","","","","47847","부산광역시 동래구 온천동  ****번지 *호 대동하이츠빌라 B동 ***호","부산광역시 동래구 석사북로**번길 **-**, B동 ***호 (온천동, 대동하이츠빌라)","","인셀덤 준 대리점","2026-01-08 00:00:00","U","2026-01-10 02:40:00","","387913.051388378","191758.329362383","후원방문판매업","0","1781501228",
"179","후원방문판매업체","08_26_05_P","6260000","20216260000301000040","2021-03-16","","03","폐업","4","폐업","2024-12-26","","","","","","46277","부산광역시 금정구 부곡동  ***번지 *호 경남한신아파트 ***동 ***호","부산광역시 금정구 중앙대로****번길 **, ***동 ***호 (부곡동, 경남한신아파트)","","인셀덤테라피대리점","2026-01-08 00:00:00","U","2026-01-10 02:40:00","","390200.572461491","195007.6201388","후원방문판매업","0","6632401204",
"180","후원방문판매업체","08_26_05_P","6260000","20216260000301000045","2021-03-16","","03","폐업","4","폐업","2024-12-26","","","","","","46275","부산광역시 금정구 부곡동  **번지 **호 에스케이아파트 ***동 ****호","부산광역시 금정구 수림로 **, ***동 ****호 (부곡동, 에스케이아파트)","","더스타(The Star) 인셀덤","2026-01-08 00:00:00","U","2026-01-10 02:40:00","","390302.184094776","195453.604333369","후원방문판매업","0","2283200894",
"181","후원방문판매업체","08_26_05_P","6260000","20216260000301000046","2021-03-16","","03","폐업","4","폐업","2024-12-26","","","","","","48118","부산광역시 해운대구 우동  ****번지 *호 더샵해운대아델리스 ***동 ***호","부산광역시 해운대구 마린시티*로 **, 더샵해운대아델리스 ***동 ***호 (우동)","","인셀덤 첼시","2026-01-08 00:00:00","U","2026-01-10 02:40:00","","395505.6399041","186001.023017223","후원방문판매업","0","5260401983",
"182","후원방문판매업체","08_26_05_P","6260000","20216260000301000051","2021-04-14","","03","폐업","4","폐업","2024-12-26","","","","","","49497","부산광역시 사하구 다대동  ****번지 *호 다대동롯데캐슬몰운대아파트 ***동 ****호","부산광역시 사하구 다대낙조*길 ***, ***동 ****호 (다대동, 다대동 롯데캐슬 몰운대아파트)","","금빛 인셀덤","2026-01-08 00:00:00","U","2026-01-10 02:40:00","","379255.918825455","174835.290190726","후원방문판매업","0","6502401019",
"183","후원방문판매업체","08_26_05_P","6260000","20226260000301000095","2022-08-10","","03","폐업","4","폐업","2024-12-26","","","","","","47123","부산광역시 부산진구 연지동  **번지 *호 연지우성스마트시티뷰 ****호","부산광역시 부산진구 동평로 ***, ****호(연지동, 연지우성스마트시티뷰)","","인셀덤 리본 대리점","2026-01-08 00:00:00","U","2026-01-10 02:40:00","","387301.611272345","187722.859663003","후원방문판매업","0","5010641563",
"184","후원방문판매업체","08_26_05_P","6260000","20226260000301000096","2022-08-10","","03","폐업","4","폐업","2024-12-26","","","","","","48781","부산광역시 동구 수정동  ***번지 **호","부산광역시 동구 중앙대로***번길 **(수정동)","","보떼 수정점(만세대리점)","2026-01-08 00:00:00","U","2026-01-10 02:40:00","","386440.731577301","183149.073317454","후원방문판매업","0","6040241388",
"185","후원방문판매업체","08_26_05_P","6260000","20226260000301000097","2022-08-10","","03","폐업","4","폐업","2024-12-26","","","","","","48418","부산광역시 남구 문현동  ****번지 *호 문현경동리인*단지 ***동 ****호","부산광역시 남구 문현로 **-*, ***동 ****호 (문현동, 문현경동리인 *단지)","","인셀덤 아리아","2026-01-08 00:00:00","U","2026-01-10 02:40:00","","388886.298360551","184334.020539612","후원방문판매업","0","3442301719",
"186","후원방문판매업체","08_26_05_P","6260000","20226260000301000107","2022-08-10","","03","폐업","4","폐업","2024-12-26","","","","","","48057","부산광역시 해운대구 재송동  ***번지 *호 센텀이진캐스빌 ****호","부산광역시 해운대구 재반로**번길 **, 센텀이진캐스빌 ****호(재송동)","","남천인애 인셀덤","2026-01-08 00:00:00","U","2026-01-10 02:40:00","","393731.727810214","189180.842609872","후원방문판매업","0","3602401547",
"187","후원방문판매업체","08_26_05_P","6260000","20226260000301000094","2022-07-19","","03","폐업","4","폐업","2024-12-26","","","","","","48062","부산광역시 해운대구 우동  ****번지 *호 해운대센텀두산위브 ***동 ****호","부산광역시 해운대구 해운대로***번길 **, ***동 ****호 (우동, 해운대센텀두산위브)","","인셀덤 나예뷰티","2026-01-08 00:00:00","U","2026-01-10 02:40:00","","394865.466372365","188152.545093773","후원방문판매업","0","2555100688",
"188","후원방문판매업체","08_26_05_P","6260000","20226260000301000086","2022-07-13","","03","폐업","4","폐업","2024-12-26","","","","","","48101","부산광역시 해운대구 중동  ****번지 *호 해운대경남아너스빌 ***동 ****호","부산광역시 해운대구 해운대로 ***, ***동 ****호(중동, 해운대경남아너스빌)","","인셀덤 홀릭","2026-01-08 00:00:00","U","2026-01-10 02:40:00","","397635.291223047","187351.142241361","후원방문판매업","0","2451302197",
"189","후원방문판매업체","08_26_05_P","6260000","20226260000301000088","2022-07-13","","03","폐업","4","폐업","2024-12-24","","","","","","46765","부산광역시 강서구 명지동  ****번지 *호 명지오션시티한신휴플러스 ***동 ***호","부산광역시 강서구 명지오션시티*로 ***, ***동 ***호 (명지동, 명지오션시티 한신휴플러스)","","인셀덤 뷰티","2026-01-08 00:00:00","U","2026-01-10 02:40:00","","373342.014794467","177416.160239132","후원방문판매업","0","5233301077",
"190","후원방문판매업체","08_26_05_P","6260000","20226260000301000092","2022-07-13","","03","폐업","4","폐업","2024-12-26","","","","","","48086","부산광역시 해운대구 우동  ****번지 *호 해운대비스타동원 ***동 ****호","부산광역시 해운대구 해운대로 ***, ***동 ****호(우동, 해운대비스타동원)","","인셀덤 미우","2026-01-08 00:00:00","U","2026-01-10 02:40:00","","396926.429507061","187332.777072866","후원방문판매업","0","7851501837",
"191","후원방문판매업체","08_26_05_P","6260000","20226260000301000093","2022-07-13","","03","폐업","4","폐업","2024-12-26","","","","","","48515","부산광역시 남구 용호동  ***번지 *호 더블유 스퀘어동 ****-*호","부산광역시 남구 분포로 ***, 스퀘어동 ****-*호(용호동, 더블유)","","코코엘로","2026-01-08 00:00:00","U","2026-01-10 02:40:00","","","","후원방문판매업","0","2632001665",
"192","후원방문판매업체","08_26_05_P","6260000","20206260000301000203","2020-12-16","","03","폐업","4","폐업","2024-12-26","","","","","","48454","부산광역시 남구 대연동  ****번지 *호 대연롯데캐슬레전드 ***동 ***호","부산광역시 남구 수영로 ***, ***동 ***호 (대연동, 대연롯데캐슬레전드)","","인셀덤한블링","2026-01-08 00:00:00","U","2026-01-10 02:40:00","","389619.893354186","183934.768044019","후원방문판매업","0","8900301927",
"193","후원방문판매업체","08_26_05_P","6260000","20206260000301000207","2020-12-16","","03","폐업","4","폐업","2024-12-26","","","","","","46709","부산광역시 강서구 봉림동  ***번지 **호","부산광역시 강서구 가락대로****번길 **-* (봉림동)","","인셀덤 블레스","2026-01-08 00:00:00","U","2026-01-10 02:40:00","","372242.810948565","186679.378046026","후원방문판매업","0","5640202132",
"194","후원방문판매업체","08_26_05_P","6260000","20206260000301000212","2020-12-16","","03","폐업","4","폐업","2024-12-26","","","","","","48753","부산광역시 동구 범일동  *번지 *호 두산위브더제니스하버시티 ***동 ****호","부산광역시 동구 범일로 **, ***동 ****호 (범일동, 두산위브더제니스하버시티)","","인셀덤 부산점","2026-01-08 00:00:00","U","2026-01-10 02:40:00","","","","후원방문판매업","0","1323400879",
"195","후원방문판매업체","08_26_05_P","6260000","20206260000301000214","2020-12-16","","03","폐업","4","폐업","2024-12-26","","","","","","49502","부산광역시 사하구 다대동  ***번지 *호","부산광역시 사하구 다대로***번길 **-* (다대동)","","인셀덤 칸 대리점","2026-01-08 00:00:00","U","2026-01-10 02:40:00","","379673.579172651","174544.244652845","후원방문판매업","0","7603000884",
"196","후원방문판매업체","08_26_05_P","6260000","20206260000301000216","2020-12-16","","03","폐업","4","폐업","2024-12-26","","","","","","48275","부산광역시 수영구 민락동  ***번지 **호 민락동센텀메르빌아파트 ***동 ****호","부산광역시 수영구 광안해변로 ***, ***동 ****호 (민락동, 민락동 센텀메르빌 아파트)","","인셀덤 보람","2026-01-08 00:00:00","U","2026-01-10 02:40:00","","394015.311916103","186750.624706441","후원방문판매업","0","3041306226",
"197","후원방문판매업체","08_26_05_P","6260000","20216260000301000002","2021-01-21","","03","폐업","4","폐업","2024-12-26","","","","","","47710","부산광역시 동래구 온천동  ****번지 *호 온천삼정그린코아더베스트 ***동 ****호","부산광역시 동래구 중앙대로****번길 **, ***동 ****호(온천동, 온천 삼정그린코아 더베스트)","","매력적인셀덤","2026-01-08 00:00:00","U","2026-01-10 02:40:00","","389697.999211384","193116.818529172","후원방문판매업","0","4246300346",
"198","후원방문판매업체","08_26_05_P","6260000","20216260000301000007","2021-01-21","","03","폐업","4","폐업","2024-12-26","","","","","","47904","부산광역시 동래구 안락동  ****번지 *호 안락뜨란채*단지아파트 ***동 ****호","부산광역시 동래구 연안로 **, ***동 ****호 (안락동, 안락뜨란채*단지아파트)","","인셀덤 동래점","2026-01-08 00:00:00","U","2026-01-10 02:40:00","","392071.6197892","190245.241017626","후원방문판매업","0","7542401140",
"199","후원방문판매업체","08_26_05_P","6260000","20216260000301000010","2021-01-21","","03","폐업","4","폐업","2024-12-26","","","","","","49233","부산광역시 서구 서대신동*가  **번지 *호","부산광역시 서구 부용로 **-** (서대신동*가)","","인셀덤 벨라 대리점","2026-01-08 00:00:00","U","2026-01-10 02:40:00","","383829.902149483","180612.06244123","후원방문판매업","0","5884600639",
"200","후원방문판매업체","08_26_05_P","6260000","20216260000301000012","2021-01-21","","03","폐업","4","폐업","2024-12-26","","","","","","47348","부산광역시 부산진구 범천동  ****번지 *호 e편한세상서면더센트럴 ***동 ****호","부산광역시 부산진구 신암로 ***, ***동 ****호(범천동, e편한세상 서면 더센트럴)","","브이스타(V스타)","2026-01-08 00:00:00","U","2026-01-10 02:40:00","","386691.13201286","185556.097572644","후원방문판매업","0","8215600476",
"201","후원방문판매업체","08_26_05_P","6410000","20226410000301100665","2022-06-14","","03","폐업","4","폐업","2025-12-31","","","","","","14704","경기도 부천시 소사본동  **번지 *호 *층 일부호","경기도 부천시 경인옛로**번길 *, *층 일부호(소사본동)","","인셀덤(노블레스리치)","2026-01-08 00:00:00","U","2026-01-10 02:40:00","","","","후원방문판매업","0","2023201417",
"202","후원방문판매업체","08_26_05_P","6260000","20226260000301000067","2022-05-16","","03","폐업","4","폐업","2024-12-26","","","","","","49234","부산광역시 서구 서대신동*가  **번지 *호 오현예다움 ***호","부산광역시 서구 구덕로***번길 **-*, ***호(서대신동*가, 오현 예다움)","","그라시아","2026-01-08 00:00:00","U","2026-01-10 02:40:00","","383752.851543875","180937.34105082","후원방문판매업","0","1820902114",
"203","후원방문판매업체","08_26_05_P","6410000","20226410000301100355","2022-04-28","","03","폐업","4","폐업","2025-12-31","","","","","","18527","경기도 화성시 팔탄면 구장리 ***번지 *호 *동 ***호","경기도 화성시 팔탄면 서촌길**번길 **, *동 ***호","","순 美 뷰티","2026-01-08 00:00:00","U","2026-01-10 02:40:00","","191288.37255415","406721.585323688","후원방문판매업","0","5013728905",
"204","후원방문판매업체","08_26_05_P","6260000","20206260000301000225","2020-04-21","","03","폐업","4","폐업","2024-12-24","","","","","","46769","부산광역시 강서구 동선동  ***번지 **호","부산광역시 강서구 동선길 **-** (동선동)","","인셀덤진","2026-01-08 00:00:00","U","2026-01-10 02:40:00","","367156.891610697","174334.708298714","후원방문판매업","0","1132869046",
"205","후원방문판매업체","08_26_05_P","6260000","20236260000301000066","2023-10-11","","03","폐업","4","폐업","2024-12-26","","","","","","","부산광역시 연제구 연산동  ***번지 *호","부산광역시 연제구 과정로***번길 * (연산동)","","샬롬인셀덤","2026-01-08 00:00:00","U","2026-01-10 02:40:00","","391902.059624607","188958.107942836","후원방문판매업","0","3762100538",
"206","후원방문판매업체","08_26_05_P","6260000","20236260000301000068","2023-11-30","","03","폐업","4","폐업","2024-12-26","","","","","","46025","부산광역시 기장군 정관읍 달산리 ****번지 *호 정관신도시엘에이치*단지 ***동 ****호","부산광역시 기장군 정관읍 산단*로 **, ***동 ****호 (정관신도시 엘에이치 *단지)","","여은 셀리진","2026-01-08 00:00:00","U","2026-01-10 02:40:00","","398716.499369453","204309.212704419","후원방문판매업","0","5307700347",
"207","후원방문판매업체","08_26_05_P","6260000","20246260000301000034","2024-11-19","","03","폐업","4","폐업","2024-12-26","","","","","","","부산광역시 영도구 영선동*가  ***번지 **호 영선동반도보라아파트","부산광역시 영도구 해안산책길 **, ***동 ****호 (영선동*가, 영선동반도보라아파트)","","바다인셀덤","2026-01-08 00:00:00","U","2026-01-10 02:40:00","","385988.199661499","177788.67600919","후원방문판매업","0","5994800934",
"208","후원방문판매업체","08_26_05_P","6260000","20246260000301000035","2024-11-19","","03","폐업","4","폐업","2024-12-26","","","","","","49275","부산광역시 서구 암남동  ***번지 *호 송도풍림아이원","부산광역시 서구 암남공원로 **, ***동 ****호 (암남동, 송도 풍림아이원)","","에릭 인셀덤","2026-01-08 00:00:00","U","2026-01-10 02:40:00","","383839.515606446","176734.264052777","후원방문판매업","0","5435600902",
"209","후원방문판매업체","08_26_05_P","6410000","20216410000301100826","2021-10-20","","03","폐업","4","폐업","2025-12-31","","","","","","10450","경기도 고양시 일산동구 백석동  ****번지 *호 일산요진와이시티 ***동 ****호","경기도 고양시 일산동구 강송로 **, ***동 ****호(백석동, 일산 요진 와이시티)","","인셀덤백석점","2026-01-12 00:00:00","U","2026-01-14 02:40:00","","181637.189249099","460029.013400211","후원방문판매업","0","5854100843",
"210","후원방문판매업체","08_26_05_P","6410000","20216410000301100327","2021-05-28","","03","폐업","4","폐업","2026-01-02","","","","","","10083","경기도 김포시 장기동  ****번지 *호 운창빌딩 가동 ***호","경기도 김포시 김포한강*로**번길 **, 운창빌딩 가동 ***호 (장기동)","","인셀덤 한강신도시점","2026-01-12 00:00:00","U","2026-01-14 02:40:00","","170587.580947315","460208.177095913","후원방문판매업","0","8377800245",
"211","후원방문판매업체","08_26_05_P","6480000","20256480000301000005","2025-06-30","","01","영업/정상","2","영업","","","","","","","52851","경상남도 진주시 충무공동  **번지 *호 라온스테이인페를라*차 ***호","경상남도 진주시 영천강로 ***, 라온스테이인페를라*차 ***호 (충무공동)","","라비다샵 진주중앙","2026-01-12 00:00:00","U","2026-01-14 02:40:00","","303729.141361224","187177.100036899","후원방문판매업","0","8782302341",
"212","후원방문판매업체","08_26_05_P","6480000","20136480000301000168","2013-08-08","","03","폐업","4","폐업","2025-12-31","","","","0552559907","","641-849","경상남도 창원시 의창구 팔용동  ***번지 *호 현대메디칼센터 *층 아모레","경상남도 창원시 의창구 의창대로 **, *층 (팔용동,현대메디칼센터*층아모레)","","아모레 창원덕보특약점","2026-01-12 00:00:00","U","2026-01-14 02:40:00","","346285.384067815","196540.216204631","후원방문판매업","0","6095586275",
"213","후원방문판매업체","08_26_05_P","6280000","20136280000301000003","2013-07-03","","03","폐업","4","폐업","2026-01-13","","","","0328651601","","22329","인천광역시 중구 신흥동*가  *번지 *호 대성신용협동조합","인천광역시 중구 서해대로***번길 *-*, *층 (신흥동*가,대성신협)","","중구상사","2026-01-13 00:00:00","U","2026-01-15 02:40:00","","167682.685581285","440534.743178329","후원방문판매업","0","1211672632",
"214","후원방문판매업체","08_26_05_P","6110000","20186110000301000019","2018-06-20","","01","영업/정상","2","영업","","","","","0269800701","","04637","서울특별시 중구 남대문로*가  ***번지 *호 LG서울역빌딩","서울특별시 중구 후암로 **, LG서울역빌딩 (남대문로*가)","","(주)엘지생활건강","2026-01-13 00:00:00","U","2026-01-15 02:40:00","","197705.803798015","450180.019066426","후원방문판매업","0","",
"215","후원방문판매업체","08_26_05_P","6410000","20266410000301100001","2026-01-14","","01","영업/정상","BBBB","영업","","","","","0318683692","","11347","경기도 동두천시 지행동  ***번지 *호 영스포렉스 ***호","경기도 동두천시 중앙로 ***, 영스포렉스 ***호 (지행동)","","럭셔리뷰티 동두천점","2026-01-14 00:00:00","I","2026-01-16 00:20:02","","204477.938349617","487797.24990714","후원방문판매업","0","4505100997",
"216","후원방문판매업체","08_26_05_P","6260000","20236260000301000048","2023-06-08","","04","취소/말소/만료/정지/중지","6","직권말소","","","","","","","46016","부산광역시 기장군 정관읍 용수리 ****번지 *호 정관신도시한진해모로 ****동 ***호","부산광역시 기장군 정관읍 정관로 ***, ****동 ***호 (정관신도시 한진해모로)","","셀리진화장품","2026-01-14 00:00:00","U","2026-01-16 02:40:00","","397511.005969429","204613.609929278","후원방문판매업","0","6785800672",
"217","후원방문판매업체","08_26_05_P","6260000","20206260000301000049","2020-03-19","","04","취소/말소/만료/정지/중지","6","직권말소","","","","","","","46539","부산광역시 북구 화명동  ****번지 *호 롯데캐슬카이저 ***동 ****호","부산광역시 북구 금곡대로 ***, ***동 ****호 (화명동, 롯데캐슬카이저)","","로즈인셀덤","2026-01-14 00:00:00","U","2026-01-16 02:40:00","","383053.136267605","193324.585009308","후원방문판매업","0","3982201024",
"218","후원방문판매업체","08_26_05_P","6260000","20206260000301000119","2020-05-19","","04","취소/말소/만료/정지/중지","6","직권말소","","","","","","","47362","부산광역시 부산진구 범천동  ***번지 *호 두산위브센티움 ****호","부산광역시 부산진구 자유평화로**번길 **, ****호 (범천동, 두산위브센티움)","","드림인셀덤","2026-01-14 00:00:00","U","2026-01-16 02:40:00","","387888.649317348","184739.05836488","후원방문판매업","0","3212300871",
"219","후원방문판매업체","08_26_05_P","6260000","20206260000301000110","2020-05-19","","04","취소/말소/만료/정지/중지","6","직권말소","","","","","","","48068","부산광역시 해운대구 송정동  ***번지 **호 럭스빌비치 ***호","부산광역시 해운대구 송정*로*번길 **, ***호 (송정동, 럭스빌비치)","","인셀덤 미쓰노","2026-01-14 00:00:00","U","2026-01-16 02:40:00","","400334.726520726","189343.56047726","후원방문판매업","0","4967400269",
"220","후원방문판매업체","08_26_05_P","6260000","20216260000301000105","2021-08-18","","04","취소/말소/만료/정지/중지","6","직권말소","","","","","","","46631","부산광역시 북구 구포동  ***번지 ***호 ***호","부산광역시 북구 시랑로 **, *층 ***호(구포동)","","코코(coco)대리점","2026-01-14 00:00:00","U","2026-01-16 02:40:00","","382462.84434411","191043.430553743","후원방문판매업","0","4056900522",
"221","후원방문판매업체","08_26_05_P","6280000","20226280000301000361","2022-12-22","","01","영업/정상","2","영업","","","","","0322630007","","22324","인천광역시 중구 답동  **번지 *호 ***호","인천광역시 중구 제물량로 ***, *층 ***호 (답동)","","럭셔리 뷰티 서인천점","2026-01-14 00:00:00","U","2026-01-16 02:40:00","","167135.033304987","440837.510042333","후원방문판매업","0","4943901086",
"222","후원방문판매업체","08_26_05_P","6260000","20216260000301000060","2021-05-17","","04","취소/말소/만료/정지/중지","6","직권말소","","","","","","","47847","부산광역시 동래구 온천동  ****번지 **호 삼성빌라 ***호","부산광역시 동래구 석사북로**번길 **-**, ***호 (온천동, 삼성빌라)","","인셀덤 아우라","2026-01-14 00:00:00","U","2026-01-16 02:40:00","","387864.966233094","191784.980567012","후원방문판매업","0","2230966724",
"223","후원방문판매업체","08_26_05_P","6260000","20216260000301000081","2021-06-16","","04","취소/말소/만료/정지/중지","6","직권말소","","","","","","","46022","부산광역시 기장군 정관읍 방곡리 ***번지 *호 정관가화만사성더테라스*차 ***호","부산광역시 기장군 정관읍 구연방곡로 ***, ***호(정관 가화만사성 더 테라스 *차)","","인셀덤원더","2026-01-14 00:00:00","U","2026-01-16 02:40:00","","399038.764352432","204726.996683244","후원방문판매업","0","7010802015",
"224","후원방문판매업체","08_26_05_P","6260000","20136260000301000003","2013-07-24","","04","취소/말소/만료/정지/중지","6","직권말소","","","","","","","617-835","부산광역시 사상구 주례동  ***번지 *호","부산광역시 사상구 가야대로***번길 ** (주례동)","","쥬단학사상대리점","2026-01-14 00:00:00","U","2026-01-16 02:40:00","","382847.827194596","185274.618577562","후원방문판매업","0","6063575785",
"225","후원방문판매업체","08_26_05_P","6410000","20226410000301100929","2022-09-20","","03","폐업","4","폐업","2025-12-31","","","","","","17038","경기도 용인시 처인구 포곡읍 금어리 ***번지 *호 신아연립 *동 ***호","경기도 용인시 처인구 포곡읍 금어로 ***-*, *동 ***호(신아연립)","","다찬 인셀덤","2026-01-14 00:00:00","U","2026-01-16 02:40:00","","220003.768128052","418305.473213058","후원방문판매업","0","6042862684",
"226","후원방문판매업체","08_26_05_P","6410000","20226410000301100737","2022-07-18","","03","폐업","4","폐업","2025-12-31","","","","","","17079","경기도 용인시 기흥구 보라동  ***번지 *호 민속마을현대모닝사이드아파트 ***동 ***호","경기도 용인시 기흥구 사은로***번길 **, ***동 ***호(보라동, 민속마을 현대모닝사이드 아파트)","","시온","2026-01-14 00:00:00","U","2026-01-16 02:40:00","","210559.601231944","416552.733806702","후원방문판매업","0","1054063285",
"227","후원방문판매업체","08_26_05_P","6260000","20236260000301000073","2023-12-28","","04","취소/말소/만료/정지/중지","6","직권말소","","","","","","","46219","부산광역시 금정구 남산동  **번지 **호 한주허브빌 ***호","부산광역시 금정구 범어천로**번길 **-*, ***호 (남산동, 한주허브빌)","","셀리진 클로이","2026-01-14 00:00:00","U","2026-01-16 02:40:00","","390138.67981573","198798.504485329","후원방문판매업","0","4820103230",
"228","후원방문판매업체","08_26_05_P","6280000","20266280000301000001","2026-01-15","","01","영업/정상","BBBB","영업","","","","","","","","인천광역시 중구 신흥동*가  *번지 *호 대성신용협동조합","인천광역시 중구 서해대로***번길 *-*, 대성신용협동조합 *층 (신흥동*가)","","중구지사","2026-01-15 00:00:00","I","2026-01-17 00:20:02","","167682.685581285","440534.743178329","후원방문판매업","0","4340703529",
"229","후원방문판매업체","08_26_05_P","6280000","20266280000301000002","2026-01-15","","01","영업/정상","BBBB","영업","","","","","","","21909","인천광역시 연수구 선학동  ***번지 *호 선학프라자*층 ***호","인천광역시 연수구 학나래로***번길 *, 선학프라자 *층 ***호 (선학동)","","라비다샵 연수2호점","2026-01-15 00:00:00","I","2026-01-17 00:20:02","","173239.747269354","436275.296029206","후원방문판매업","0","1481802794",
