"번호","개방서비스명","개방서비스아이디","개방자치단체코드","관리번호","인허가일자","인허가취소일자","영업상태구분코드","영업상태명","상세영업상태코드","상세영업상태명","폐업일자","휴업시작일자","휴업종료일자","재개업일자","소재지전화","소재지면적","소재지우편번호","소재지전체주소","도로명전체주소","도로명우편번호","사업장명","최종수정시점","데이터갱신구분","데이터갱신일자","업태구분명","좌표정보x(epsg5174)","좌표정보y(epsg5174)","업종구분명","관리업구분명","자본금","자산","보수범위","유지관리책임인력수","실무기술인력수","설계책임기술인력수","제조책임기술인력수","임원수","총직원수","기술직직원수","기능직직원수","사무직직원수","기타직원수","회사구분명","사업자등록번호",
"1","승강기유지관리업체","11_48_01_P","5690000","2022569037333500001","2022-06-10","","01","영업/정상","01","영업중","","","","","044-866-8285","","","세종특별자치시 나성동 789 제이빌딩","세종특별자치시 나성북1로 18, 제이빌딩 510호 (나성동)","30128","케이티엘리베이터(주)","2026-01-09 21:50:41","U","2026-01-11 02:40:00","","223061.0385","332256.514","유지관리","중저속승강기","100","","810","2","7","","","","","","","","","본점","5278102517",
"2","승강기유지관리업체","11_48_01_P","6410000","405000000010","2001-04-14","","01","영업/정상","1","인허가","","","","","0317473006","","16910","경기도 용인시 기흥구 마북동 173번지","경기도 용인시 기흥구 마북로 141, JK프라자 2층 207,208호 (마북동)","16910","(주)현대개발공사","2026-01-14 00:00:00","U","2026-01-16 02:40:00","","","","유지관리","고속승강기,중저속승강기","502","502","3300","4","20","","","","","","","","","본점","1298113498",
"3","승강기유지관리업체","11_48_01_P","6470000","647000000061","2023-07-04","","01","영업/정상","1","인허가","","","","","0544430082","","","경상북도 구미시 신평동 7-2 SM빌딩2층","경상북도 구미시 야은로 720, SM빌딩 2층 (신평동)","39236","오티스서비스엑스퍼트(유) 대구지사","2026-01-06 10:37:57","U","2026-01-09 02:40:00","","322202.936070007","292466.330287225","유지관리","중저속승강기","2650000000","","3,500","4","","","","","35","","","","","본점","3278501653",
"4","승강기유지관리업체","11_48_01_P","6300000","630000000033","1996-11-25","","01","영업/정상","1","인허가","","","","","0426321801","","34899","대전광역시 중구 유천동 187-9 벽산프라자 501-2호","대전광역시 중구 계백로 1619, 벽산프라자 501-2호 (유천동)","34899","(주)중부엘리베이터","2026-01-15 17:20:31","U","2026-01-17 02:40:00","","235829.331283","313240.04808427","유지관리","중저속승강기","300000000","","2,070","2","0","","","","23","","","","","본점","3058602208",
"5","승강기유지관리업체","11_48_01_P","6300000","630000000054","2002-10-21","","01","영업/정상","1","인허가","","","","","0425389300","","","대전광역시 유성구 구암동 236번지","대전광역시 유성구 유성대로 613-9, 2층 (구암동)","34174","(주)에이알엘리베이터","2026-01-15 14:31:18","U","2026-01-17 02:40:00","","229210.81128132","316538.319189828","유지관리","중저속승강기","310000000","","1,260","2","0","","","","14","","","","","본점","3148161924",
"6","승강기유지관리업체","11_48_01_P","6300000","630000000071","2009-01-16","","01","영업/정상","1","인허가","","","","","0425288887","","302-852","대전광역시 서구 월평동 1475번지","대전광역시 서구 월평새뜸로 6, 지하1층 (월평동)","302-852","아이원엔지니어링(주)","2026-01-13 11:04:59","U","2026-01-15 02:40:00","","231687.362951763","316835.789102003","유지관리","중저속승강기","310000000","","990","3","0","","","","11","","","","","본점","3058195944",
"7","승강기유지관리업체","11_48_01_P","6300000","630000000076","2011-06-16","","01","영업/정상","1","인허가","","","","","0428261213","","15117","경기도 시흥시 정왕동 2665-7","경기도 시흥시 엠티브이북로 313(정왕동)","15117","오티스이앤엠코리아 주식회사 대전지점","2025-12-31 16:29:00","U","2026-01-03 02:40:00","","174272.261053694","423679.267007978","유지관리","고속승강기,중저속승강기","6200000000","","2,340","2","0","","","","26","","","","","본점","3058536865",
"8","승강기유지관리업체","11_48_01_P","6300000","630000000078","2012-02-17","","01","영업/정상","1","인허가","","","","","0425287233","","306-804","대전광역시 대덕구 덕암동 48번지 17호","대전광역시 대덕구 신탄진로681번길 12, 5층 (덕암동)","306-804","우리엘리베이터(주)","2026-01-08 17:06:30","U","2026-01-10 02:40:00","","238110.723678948","326560.214952498","유지관리","중저속승강기","300000000","","720","1","","","","","8","","","","","본점","3148631371",
"9","승강기유지관리업체","11_48_01_P","6310000","631000000027","2024-09-23","","01","영업/정상","1","인허가","","","","","0522926100","","44228","울산광역시 북구 신천동 346-5 성우현대아파트상가 208호","울산광역시 북구 호계로 313, 208호 (신천동, 성우현대아파트)","44228","(주)해광엘리베이터","2026-01-06 15:28:50","U","2026-01-09 02:40:00","","412821.264135121","239344.207391768","유지관리","중저속승강기","100000000","","720","1","","","","","7","","","","","본점","7828703245",
"10","승강기유지관리업체","11_48_01_P","6300000","630000000088","2024-10-14","","01","영업/정상","1","인허가","","","","","0425341122","","","대전광역시 서구 변동 50-3","대전광역시 서구 도산로 185, 3층 (변동)","35322","(주)태산엘리베이터","2026-01-06 15:25:16","U","2026-01-09 02:40:00","","233915.701782563","313874.911710528","유지관리","중저속승강기","200000000","","720","1","","","","","8","","","","","본점","7958702918",
"11","승강기유지관리업체","11_48_01_P","6270000","627000000107","2024-10-02","","01","영업/정상","1","인허가","","","","","0537658064","","42221","대구광역시 수성구 지산동 1203-8","대구광역시 수성구 용학로44길 36, 3층 (지산동)","42221","(주)더원엘리베이터","2026-01-15 16:36:54","U","2026-01-17 02:40:00","","347608.364725712","259004.392955808","유지관리","중저속승강기","100000000","","810","1","","","","","9","","","","","본점","2848603439",
"12","승강기유지관리업체","11_48_01_P","6440000","644000000037","2017-09-16","","01","영업/정상","1","인허가","","","","","0415480222","","","충청남도 아산시 배방읍 장재리 1662번지","충청남도 아산시 배방읍 공원로16번길 17, 101호","31470","(주)덕양엘리베이터","2026-01-14 08:57:30","U","2026-01-16 02:40:00","","208977.897291961","364897.766290125","유지관리","중저속승강기","100000000","","1,000","1","","","","","13","","","","","본점","5218600705",
"13","승강기유지관리업체","11_48_01_P","6410000","409000000021","2019-10-04","","01","영업/정상","1","인허가","","","","","031 984 6591","","10116","경기도 김포시 풍무동 661번지 13호","경기도 김포시 승가로 37-40 (풍무동)","10116","한국승강기 주식회사","2026-01-06 00:00:00","U","2026-01-09 02:40:00","","","","유지관리","중저속승강기","500","","900","1","","","","","","","","","","본점","1368101836",
"14","승강기유지관리업체","11_48_01_P","6480000","567000000022","1999-03-04","","01","영업/정상","1","인허가","","","","","","","51395","경상남도 창원시 의창구 팔용동 210-1 경남테크노파크","경상남도 창원시 의창구 창원대로18번길 22, 경남테크노파크 벤처동 4층 406호 (팔용동)","51395","성광엘리베이터(주)","2026-01-14 00:00:00","U","2026-01-16 02:40:00","","","","유지관리","중저속승강기","504","","500","1","","","","","","","","","","본점","6098129496",
"15","승강기유지관리업체","11_48_01_P","6300000","630000000085","2022-02-22","","01","영업/정상","1","인허가","","","","","0425221500","","35265","대전광역시 서구 갈마동 1426번지","대전광역시 서구 대덕대로162번길 51, 덕수빌딩 3층 2호(갈마동)","35265","주식회사 미래엘리베이터","2026-01-09 13:14:27","U","2026-01-11 02:40:00","","233858.05510965","316159.774054777","유지관리","중저속승강기","100000000","100000000","630","1","","","","","7","","","","","본점","2598802331",
"16","승강기유지관리업체","11_48_01_P","6260000","626000000165","2022-02-21","","01","영업/정상","1","인허가","","","","","0515557750","","47736","부산광역시 동래구 명륜동 553-5 우성빌딩 0호","부산광역시 동래구 명륜로129번길 20, 우성빌딩 5층(명륜동)","47736","(주)효원엘리베이터","2026-01-06 09:42:27","U","2026-01-09 02:40:00","","389460.804046159","191567.517047412","유지관리","중저속승강기","100000000","","900","2","","","","","8","","","","","본점","5648702314",
"17","승강기유지관리업체","11_48_01_P","6110000","611000000531","2024-06-13","","01","영업/정상","1","인허가","","","","","024181072","","05510","서울특별시 송파구 신천동 11-10 잠실아이스페이스 1018호","서울특별시 송파구 오금로 58, 1018호 (신천동, 잠실 아이 스페이스)","05510","지엠씨엘리베이터 주식회사","2026-01-13 15:51:47","U","2026-01-15 02:40:00","","209248.063694462","446061.439207259","유지관리","중저속승강기","100000000","","900","1","","","","","9","","","","","본점","8158702890",
"18","승강기유지관리업체","11_48_01_P","6290000","629000000067","2011-08-11","","01","영업/정상","1","인허가","","","","","0314310151","","","광주광역시 광산구 장덕동 1289번지","광주광역시 광산구 풍영로228번길 31 (장덕동)","62224","오티스이앤엠코리아(주) 광주지점","2026-01-05 13:23:44","U","2026-01-07 02:40:00","","183094.19478458","188037.102087252","유지관리","중저속승강기","5902000000","","1,000","1","","","","","13","","","","","본점","4098530144",
"19","승강기유지관리업체","11_48_01_P","6310000","631000000019","2005-01-24","","01","영업/정상","1","인허가","","","","","0522609941","","681-821","울산광역시 중구 학성동  189번지 14호","울산광역시 중구 옥교로 105, 5층 (학성동,신오빌딩)","681-821","울산한국엘리베이터(주)","2026-01-14 15:12:13","U","2026-01-16 02:40:00","","411703.096885539","230514.946711059","유지관리","중저속승강기","200000000","","900","1","","","","","10","5","","1","","본점","6108173712",
"20","승강기유지관리업체","11_48_01_P","6310000","631000000020","2005-03-18","","01","영업/정상","1","인허가","","","","","0522722022","","","울산광역시 울주군 청량읍 상남리 333번지","울산광역시 울주군 청량읍 화창1길 4-20","44986","다인엘리베이터 주식회사","2026-01-15 12:36:27","U","2026-01-17 02:40:00","","409682.553853362","223064.030896354","유지관리","중저속승강기","200000000","0","3,150","4","","","","","35","8","","1","","본점","6108175442",
"21","승강기유지관리업체","11_48_01_P","6480000","567000000013","2007-03-09","","01","영업/정상","1","인허가","","","","","055 541 1100","","","","경상남도 창원시 진해구 이동로40번길 3 (이동)","","(주)우성엘리베이터","2026-01-14 00:00:00","U","2026-01-16 02:40:00","","","","유지관리","중저속승강기","539","0","900","2","0","","","","","","","","","본점","6098179297",
"22","승강기유지관리업체","11_48_01_P","6480000","531000000001","1993-01-12","","01","영업/정상","1","인허가","","","","","055 759 6771","","","경상남도 진주시 상대동 515번지 5호","경상남도 진주시 선학산길57번길 8 (상대동)","","신진엘리베이터(주)","2026-01-12 00:00:00","U","2026-01-14 02:40:00","","","","유지관리","중저속승강기","100","200","1800","2","","","","","","","","","","본점","6138166165",
"23","승강기유지관리업체","11_48_01_P","6480000","567000000010","2000-03-02","","01","영업/정상","1","인허가","","","","","055 232 7532","","","경상남도 창원시 마산회원구 양덕동 155번지 17호","경상남도 창원시 마산회원구 합포로 292 (양덕동, 대동빌딩)","","(주)대동엘리베이터","2026-01-05 00:00:00","U","2026-01-07 02:40:00","","","","유지관리","중저속승강기","105","0","1100","2","0","","","","","","","","","본점","6088145377",
"24","승강기유지관리업체","11_48_01_P","6480000","535000000007","2017-12-27","","01","영업/정상","1","인허가","","","","","055 335 6796","","51002","경상남도 김해시 대청동 325번지 4호","경상남도 김해시 대청로104번길 47-24 (대청동)","51002","(주)가야엘리베이터","2026-01-09 00:00:00","U","2026-01-11 02:40:00","","","","유지관리","중저속승강기","100","","1000","2","","","","","","","","","","본점","1448600866",
"25","승강기유지관리업체","11_48_01_P","6480000","537000000004","2016-10-06","","01","영업/정상","1","인허가","","","","","0556875461","","53211","경상남도 거제시 연초면 송정리 585","경상남도 거제시 연초면 거제대로 4103-16, 2층","53211","(주)타워엘리베이터","2026-01-08 00:00:00","U","2026-01-10 02:40:00","","","","유지관리","중저속승강기","100","","1100","2","","","","","","","","","","본점","6918800309",
"26","승강기유지관리업체","11_48_01_P","6480000","531000000010","2016-04-26","","01","영업/정상","1","인허가","","","","","","","","경상남도 진주시 정촌면 예하리 1297-13","경상남도 진주시 정촌면 화개천로54번길 31, 101,102호","","(주)동문엘리베이터","2026-01-09 00:00:00","U","2026-01-11 02:40:00","","","","유지관리","중저속승강기","101","","1600","2","","","","","","","","","","본점","5538701538",
"27","승강기유지관리업체","11_48_01_P","6480000","535000000001","1999-04-22","","01","영업/정상","1","인허가","","","","","055 332 6796","","","경상남도 김해시 삼정동 656번지 1호","경상남도 김해시 인제로25번길 37 (삼정동)","","(주)동양산전엘리베이터","2026-01-12 00:00:00","U","2026-01-14 02:40:00","","","","유지관리","중저속승강기","100","","1600","2","3","","","","","","","","","본점","6228124039",
"28","승강기유지관리업체","11_48_01_P","6310000","631000000012","2001-05-16","","01","영업/정상","1","인허가","","","","","0316445114","","27329","충청북도 충주시 용탄동 1157번지 현대엘리베이터","충청북도 충주시 충주산단1로 128, 현대엘리베이터(용탄동)","27329","현대엘리베이터(주) 울산지사","2026-01-14 15:14:53","U","2026-01-16 02:40:00","","284118.410926242","389922.931197633","유지관리","중저속승강기","5550000000","","5,400","6","","","","","60","23","","1","","지점","6108509014",
"29","승강기유지관리업체","11_48_01_P","6440000","644000000044","2020-02-07","","01","영업/정상","1","인허가","","","","","0418818870","","","충청남도 공주시 금흥동 657번지","충청남도 공주시 신금1길 97-30, 3층 (금흥동)","32567","(주)한화엘리베이터","2026-01-14 17:50:15","U","2026-01-16 02:40:00","","213439.223638366","330547.101281733","유지관리","중저속승강기","100500000","","630","1","","","","","7","","","","","본점","7558101355",
"30","승강기유지관리업체","11_48_01_P","6270000","627000000095","2020-03-27","","01","영업/정상","1","인허가","","","","","0535648858","","41814","대구광역시 서구 평리동 1676번지 평리롯데캐슬상가 201동 401호","대구광역시 서구 국채보상로 316, 201동 401호 (평리동, 평리롯데캐슬)","41814","(주)부광엘리베이터","2026-01-12 13:52:14","U","2026-01-14 02:40:00","","341340.524728059","264622.51591133","유지관리","중저속승강기","100000000","","2,070","3","0","","","","23","","","","","본점","3688601869",
"31","승강기유지관리업체","11_48_01_P","6410000","393000000021","2022-01-14","","01","영업/정상","1","인허가","","","","","","","15448","경기도 안산시 단원구 초지동 735-3 한솔프라자","경기도 안산시 단원구 초지로 94, 한솔프라자 503호 (초지동)","15448","(주)새한엘리베이터A/S","2026-01-06 00:00:00","U","2026-01-09 02:40:00","","","","유지관리","중저속승강기","300","300","900","1","","","","","","","","","","본점","5308802244",
"32","승강기유지관리업체","11_48_01_P","6110000","611000000543","2026-01-08","","01","영업/정상","1","인허가","","","","","0226107777","","","서울특별시 마포구 상암동 1596번지 상암DMC푸르지오시티,S-City","서울특별시 마포구 월드컵북로54길 25, 상암DMC푸르지오시티,S-City(상암동)","03924","티케이엘리베이터코리아(주) 강서지사","2026-01-08 16:27:57","I","2026-01-10 00:20:07","","190144.892942247","453302.04990022","유지관리","고속승강기,중저속승강기","100000000","","8,600","10","","","","","86","","","","","지점","1098540285",
"33","승강기유지관리업체","11_48_01_P","6110000","611000000544","2026-01-08","","01","영업/정상","1","인허가","","","","","0226107777","","","서울특별시 마포구 상암동 1596번지 상암DMC푸르지오시티,S-City","서울특별시 마포구 월드컵북로54길 25, 상암DMC푸르지오시티,S-City(상암동)","03924","티케이엘리베이터코리아(주) 강남2지사","2026-01-08 16:28:07","I","2026-01-10 00:20:07","","190144.892942247","453302.04990022","유지관리","고속승강기,중저속승강기","100000000","","8,300","9","","","","","83","","","","","지점","2158526647",
"34","승강기유지관리업체","11_48_01_P","6260000","626000000168","2023-05-16","","01","영업/정상","1","인허가","","","","","0516376112","","48741","부산광역시 동구 범일동 830-138 201호","부산광역시 동구 조방로 22, 2층 201호 (범일동)","48741","오티스서비스엑스퍼트(유) 부산","2026-01-15 09:18:42","U","2026-01-17 02:40:00","","387898.982257248","184160.510606819","유지관리","고속승강기,중저속승강기","2650000000","","6,500","7","","","","","84","","","","","본점","3718501984",
"35","승강기유지관리업체","11_48_01_P","6110000","611000000190","1995-12-29","","01","영업/정상","1","인허가","","","","","0226786256","","","서울특별시 영등포구 문래동3가 77-9 메가벤처타워 607호","서울특별시 영등포구 문래로20길 60, 메가벤처타워 607호 (문래동3가)","07295","(주)우성아이디에스엘리베이터","2025-12-31 14:52:03","U","2026-01-03 02:40:00","","190161.737344082","446125.33590618","유지관리","중저속승강기","200000000","","600","1","0","","","","","","","","","본점","1078166689",
"36","승강기유지관리업체","11_48_01_P","6110000","611000000308","2001-04-24","","01","영업/정상","1","인허가","","","","","0226422893","","","서울특별시 강서구 등촌동 668번지 3호","서울특별시 강서구 강서로54길 98 (등촌동)","07591","승우엘레텍(주)","2026-01-15 14:11:11","U","2026-01-17 02:40:00","","186151.128809155","450705.553579235","유지관리","중저속승강기","200000000","","1,000","1","0","","","","","","","","","본점","1178132828",
"37","승강기유지관리업체","11_48_01_P","6110000","611000000290","2000-04-21","","01","영업/정상","1","인허가","","","","","025768701","","137-160","서울특별시 서초구 신원동 271번지 23호 내곡드림시티2차 501호","서울특별시 서초구 청계산로 189, 501호 (신원동,내곡드림시티2차)","137-160","원엘리베이터(주)","2025-12-31 12:01:03","U","2026-01-03 02:40:00","","204833.349826117","438463.510444768","유지관리","중저속승강기","100000000","","1,000","1","0","","","","","","","","","본점","2148652775",
"38","승강기유지관리업체","11_48_01_P","6110000","611000000289","2000-04-14","","01","영업/정상","1","인허가","","","","","025323232","","","서울특별시 동작구 사당동 105번지 극동아파트 제113상가동 307호","서울특별시 동작구 동작대로29길 119, 제113상가동 307호 (사당동, 극동아파트)","06990","(주)승강기나라","2026-01-12 17:19:07","U","2026-01-14 02:40:00","","197802.436613024","443049.214038897","유지관리","중저속승강기","200000000","","800","1","0","","","","","","","","","본점","1148196672",
"39","승강기유지관리업체","11_48_01_P","6110000","611000000284","2000-03-07","","01","영업/정상","1","인허가","","","","","023334426","","","서울특별시 마포구 성산동 209-1 201호","서울특별시 마포구 월드컵북로 78, 진영제2빌딩 201호 (성산동)","03978","조은엘리베이터(주)","2026-01-15 13:55:06","U","2026-01-17 02:40:00","","192513.961688702","450966.302367257","유지관리","중저속승강기","100000000","","1,000","1","0","","","","0","","","","","본점","1058607597",
"40","승강기유지관리업체","11_48_01_P","6110000","611000000279","1999-12-09","","01","영업/정상","1","인허가","","","","","0226585172","","","서울특별시 강서구 가양동 1481-4 가양아파트형공장 0호","서울특별시 강서구 양천로57길 26, 비젼타워 5층 502호(가양동)","07526","성원엘리베이터(주)","2026-01-12 17:30:41","U","2026-01-14 02:40:00","","186948.110072214","451278.788007055","유지관리","고속승강기,중저속승강기","200000000","","2,000","2","0","","","","","","","","","본점","1098160380",
"41","승강기유지관리업체","11_48_01_P","6110000","611000000268","1999-06-26","","01","영업/정상","1","인허가","","","","","029355383","","","서울특별시 노원구 공릉동 379-13 3층","서울특별시 노원구 동일로193가길 26, 3층 (공릉동)","01852","(주)원신엘리베이터","2026-01-06 12:07:55","U","2026-01-09 02:40:00","","206244.831623123","458313.370671975","유지관리","중저속승강기","100000000","","3,000","3","0","","","","","","","","","본점","2178115866",
"42","승강기유지관리업체","11_48_01_P","6110000","611000000427","2009-02-26","","01","영업/정상","1","인허가","","","","","0234421117","","","서울특별시 광진구 능동 237-11 광명빌딩 0호","서울특별시 광진구 천호대로 592, 광명빌딩 5층(능동)","04986","(주)금영제너럴","2025-12-31 12:00:43","U","2026-01-03 02:40:00","","207295.535773115","450336.900913019","유지관리","중저속승강기","450000000","","3,000","3","0","","","","0","","","","","본점","2118612828",
"43","승강기유지관리업체","11_48_01_P","6280000","628000000058","1999-04-15","","01","영업/정상","1","인허가","","","","","0324722828","","","인천광역시 남동구 만수동 5번지 426호 신동아아파트 관리동 2층","인천광역시 남동구 만수로111번길 38, 201호 (만수동,신동아아파트관리동)","21521","세계이엠티(주)","2026-01-06 09:24:52","U","2026-01-09 02:40:00","","176669.87296832","440531.187084353","유지관리","고속승강기,중저속승강기","150000000","","2,160","3","0","","","","24","","","","","본점","1318637561",
"44","승강기유지관리업체","11_48_01_P","6280000","628000000100","2006-12-19","","01","영업/정상","1","인허가","","","","","0323300830","","158-803","서울특별시 양천구 목2동  244번지","서울특별시 양천구 목동서로 201 (목동)","158-803","티케이엘리베이터코리아(주)인천지사","2026-01-12 17:53:38","U","2026-01-14 02:40:00","","188538.244361038","447476.275717561","유지관리","중저속승강기","873220000","","8,460","10","","","","","94","","","","","지점","1308542064",
"45","승강기유지관리업체","11_48_01_P","6110000","611000000357","2004-04-14","","01","영업/정상","1","인허가","","","","","0234702664","","150-834","서울특별시 영등포구 문래동3가  32번지 원터빌딩","서울특별시 영등포구 문래북로 122, 1동 (문래동3가,원터빌딩)","150-834","오티스이앤엠코리아 주식회사","2026-01-05 11:08:07","U","2026-01-07 02:40:00","","190987.544398298","446346.549180499","유지관리","고속승강기,중저속승강기","22000000000","","1,000","5","0","","","","0","","","","","본점","1148520694",
"46","승강기유지관리업체","11_48_01_P","6280000","628000000126","2016-12-08","","01","영업/정상","1","인허가","","","","","0327457611","","","인천광역시 서구 검암동 399번지 29호","인천광역시 서구 검바위로 46 (검암동)","22694","공항철도(주)","2026-01-12 17:53:10","U","2026-01-14 02:40:00","","170859.704735697","451856.16001494","유지관리","중저속승강기","2615","","1,000","1","0","","","","24","","","","","본점","1018168490",
"47","승강기유지관리업체","11_48_01_P","6280000","628000000035","1995-06-10","","01","영업/정상","1","인허가","","","","","0325023796","","22121","인천광역시 미추홀구 주안동 1385-10","인천광역시 미추홀구 방축로 312, 주안제이타워2차지식산업센터 3층 331호 (주안동)","22121","(주)대신엘리베이터","2026-01-06 09:25:31","U","2026-01-09 02:40:00","","171374.371646197","441403.039318273","유지관리","중저속승강기","100000000","","720","1","0","","","","8","","","","","본점","1318191274",
"48","승강기유지관리업체","11_48_01_P","6110000","611000000489","2015-06-12","","01","영업/정상","1","인허가","","","","","024082533","","","서울특별시 송파구 가락동 185-4 우진빌딩","서울특별시 송파구 문정로11길 10, 우진빌딩 2층 (가락동)","05782","(주)한성엘리베이터","2026-01-14 09:50:51","U","2026-01-16 02:40:00","","211845.619661602","443477.07782016","유지관리","중저속승강기","100000000","","1,000","1","0","","","","0","","","","","본점","2108600085",
"49","승강기유지관리업체","11_48_01_P","6110000","611000000235","1998-04-07","","01","영업/정상","1","인허가","","","","","024520982","","143-854","서울특별시 광진구 자양3동  227번지 223호 자양빌딩 201호","서울특별시 광진구 아차산로38길 20, 201호 (자양동,자양빌딩)","143-854","(주)광성엘리베이터","2026-01-12 17:22:46","U","2026-01-14 02:40:00","","206527.375555639","448387.419398861","유지관리","중저속승강기","110000000","","1,600","2","0","","","","","","","","","본점","2068627426",
"50","승강기유지관리업체","11_48_01_P","6110000","611000000414","2008-03-14","","01","영업/정상","1","인허가","","","","","029002526","","","서울특별시 강북구 수유동 95-7 수유동이테크밸리오피스텔 301호~306호","서울특별시 강북구 도봉로77길 6, 수유동이테크밸리오피스텔 301호~306호 (수유동)","01113","하나로엠지엠(주)","2026-01-14 16:36:46","U","2026-01-16 02:40:00","","201942.872328818","459046.125539538","유지관리","고속승강기,중저속승강기","200000000","","2,000","2","0","","","","","","","","","본점","2108156584",
"51","승강기유지관리업체","11_48_01_P","6110000","611000000103","1993-07-16","","01","영업/정상","1","인허가","","","","","025678010","","","서울특별시 강남구 역삼동 769번지 정도빌딩 603호","서울특별시 강남구 논현로 340, 정도빌딩 603호 (역삼동)","06227","(주)두남엔지니어링","2026-01-12 17:16:22","U","2026-01-14 02:40:00","","203435.754087512","443724.244046572","유지관리","중저속승강기","100000000","","1,500","2","0","","","","","","","","","본점","2208140231",
"52","승강기유지관리업체","11_48_01_P","6110000","611000000065","1993-03-08","","01","영업/정상","1","인허가","","","","","025156999","","137-070","서울특별시 서초구 서초동  1315번지","서울특별시 서초구 서초대로 385, 303호 (서초동,진흥프라자)","137-070","태양엘리베이터(주)","2026-01-06 12:33:01","U","2026-01-09 02:40:00","","201930.014907812","443904.461723691","유지관리","중저속승강기","200000000","","1,000","1","0","","","","","","","","","본점","",
"53","승강기유지관리업체","11_48_01_P","6110000","611000000036","1993-01-19","","01","영업/정상","1","인허가","","","","","029332354","","","서울특별시 도봉구 방학동 705번지 17호 퍼스티안 206호","서울특별시 도봉구 도봉로150가길 27, 2층 206호 (방학동,퍼스티안)","01333","한양엘리베이터(주)","2026-01-07 11:40:38","U","2026-01-09 02:40:00","","203802.902569945","462787.189725519","유지관리","중저속승강기","100000000","","2,800","3","0","","","","0","","","","","본점","2178114116",
"54","승강기유지관리업체","11_48_01_P","6110000","611000000018","1993-01-19","","01","영업/정상","1","인허가","","","","","0236700816","","110-754","서울특별시 종로구 연지동 1번지 7호 현대그룹빌딩","서울특별시 종로구 율곡로 194, 1동 (연지동,현대그룹빌딩)","110-754","현대엘리베이터(주) 서울사무소","2026-01-13 15:52:53","U","2026-01-15 02:40:00","","199976.765493088","452526.527263312","유지관리","고속승강기,중저속승강기","147100000","","500","51","0","","","","0","","","","","본점","1268104267",
"55","승강기유지관리업체","11_48_01_P","6110000","611000000439","2009-11-13","","01","영업/정상","1","인허가","","","","","0226994346","","158-857","서울특별시 양천구 신정동 905번지 2호 해풍빌딩 204호","서울특별시 양천구 신정중앙로 68, 204호 (신정동,해풍빌딩)","158-857","신한엘리베이터(주)","2026-01-14 16:37:12","U","2026-01-16 02:40:00","","187496.753603391","447163.623642728","유지관리","중저속승강기","100000000","","800","1","0","","","","0","","","","","본점","1138633024",
"56","승강기유지관리업체","11_48_01_P","6110000","611000000452","2011-04-01","","01","영업/정상","1","인허가","","","","","025140138","","","서울특별시 금천구 가산동 517-4 에이스가산포휴(지식산업센터) 1003호","서울특별시 금천구 가산디지털1로 225, 에이스가산포휴(지식산업센터) 1003호 (가산동)","08501","(주)하나엘리베이터","2026-01-12 17:29:09","U","2026-01-14 02:40:00","","189202.181652324","442562.722742062","유지관리","중저속승강기","100000000","","1,000","1","0","","","","0","","","","","본점","2148874676",
"57","승강기유지관리업체","11_48_01_P","6110000","611000000461","2012-01-09","","01","영업/정상","1","인허가","","","","","029499912","","139-240","서울특별시 노원구 공릉동  392번지 9호 소연빌딩 2호","서울특별시 노원구 동일로190길 51 (공릉동)","139-240","청라승강기(주)","2026-01-13 12:59:46","U","2026-01-15 02:40:00","","206632.143910533","458216.113173495","유지관리","중저속승강기","200000000","","1,000","1","0","","","","0","","","","","본점","2178136139",
"58","승강기유지관리업체","11_48_01_P","6110000","611000000304","2001-02-27","","01","영업/정상","1","인허가","","","","","0222420330","","","서울특별시 동대문구 장안동 166번지 6호","서울특별시 동대문구 답십리로64길 75, 3층 (장안동)","02626","(주)성우엘리베이터","2025-12-31 12:01:28","U","2026-01-03 02:40:00","","205775.765296843","451904.441881338","유지관리","중저속승강기","100000000","","2,000","2","0","","","","0","","","","","본점","2048156255",
"59","승강기유지관리업체","11_48_01_P","6110000","611000000329","2002-05-23","","01","영업/정상","1","인허가","","","","","029562034","","132-821","서울특별시 도봉구 도봉2동  624번지 한일빌딩  201호","서울특별시 도봉구 도봉로152가길 102, 201호 (도봉동,한일빌딩)","132-821","현승엘리베이터(주)","2026-01-08 09:59:32","U","2026-01-10 02:40:00","","203897.345550149","463517.966210349","유지관리","중저속승강기","200000000","","1,600","2","0","","","","","","","","","본점","2108140156",
"60","승강기유지관리업체","11_48_01_P","6290000","629000000054","2005-05-12","","01","영업/정상","1","인허가","","","","","0625158776","","502-852","광주광역시 서구 상무2동  1030번지","광주광역시 서구 천변좌하로 492 (쌍촌동)","502-852","(주)세진엘리베이터","2026-01-06 18:10:54","U","2026-01-09 02:40:00","","187647.267840922","185358.418825534","유지관리","중저속승강기","200000000","","720","1","","","","","8","","","","","본점","4098186015",
"61","승강기유지관리업체","11_48_01_P","6290000","629000000038","1998-12-13","","01","영업/정상","1","인허가","","","","","0625101770","","","광주광역시 북구 운암동 96-2","광주광역시 북구 북문대로 27, 3층 (운암동)","61261","오티스엘리베이터(유) 광주지점","2026-01-06 18:07:03","U","2026-01-09 02:40:00","","189182.126875141","186138.70489074","유지관리","고속승강기,중저속승강기","32040000000","","5,940","7","","","","","66","","","","","본점","4098513844",
"62","승강기유지관리업체","11_48_01_P","6290000","629000000034","1998-07-13","","01","영업/정상","1","인허가","","","","","0622255599","","501-723","광주광역시 동구 수기동 23번지 2호 제일오피스텔","광주광역시 동구 천변우로 339, 802호 (수기동,제일오피스텔)","501-723","현대종합관리(주)","2026-01-14 14:02:26","U","2026-01-16 02:40:00","","191696.411285266","183475.407796163","유지관리","중저속승강기","500000000","","1,890","2","","","","","21","","","","","본점","4168118247",
"63","승강기유지관리업체","11_48_01_P","6280000","628000000132","2020-05-26","","01","영업/정상","1","인허가","","","","","0327418944","","22382","인천광역시 중구 운서동 2868번지 제2합동청사","인천광역시 중구 제2터미널대로 444, 제2합동청사 310호 (운서동)","22382","인천공항시설관리 주식회사","2026-01-12 17:54:06","U","2026-01-14 02:40:00","","149829.251166424","440865.963248498","유지관리","중저속승강기","1000000000","","11,160","24","","","","","124","","","","","본점","6468800842",
"64","승강기유지관리업체","11_48_01_P","6410000","401000000018","2020-06-08","","01","영업/정상","1","인허가","","","","","031311 0312","","14995","경기도 시흥시 능곡동 758번지 현대프라자 704호","경기도 시흥시 승지로60번길 17, 현대프라자 704호 (능곡동)","14995","디케이이엘에스(주)","2026-01-13 00:00:00","U","2026-01-15 02:40:00","","","","유지관리","중저속승강기","2500","","700","1","","","","","","","","","","본점","3308101796",
"65","승강기유지관리업체","11_48_01_P","6270000","627000000101","2021-12-03","","01","영업/정상","1","인허가","","","","","","","","대구광역시 달서구 호림동 9-6","대구광역시 달서구 달서대로91길 35, 모다지식산업센터 나동 2층 201호 (호림동)","42714","(주)이브엘리베이터","2025-12-31 15:54:50","U","2026-01-03 02:40:00","","334345.322515099","260900.296651231","유지관리","중저속승강기","130000000","","630","1","","","","","7","","","","","본점","7838102500",
"66","승강기유지관리업체","11_48_01_P","6110000","611000000542","2025-12-16","","01","영업/정상","1","인허가","","","","","0231430888","","03965","서울특별시 마포구 성산동 278-20 0호","서울특별시 마포구 월드컵로32길 25, 2층 (성산동)","03965","다원엘리베이터 주식회사","2026-01-02 11:40:16","U","2026-01-04 02:40:00","","191620.07988362","451182.218972192","유지관리","중저속승강기","100000000","","1,600","3","","","","","16","","","","","본점","4758103613",
"67","승강기유지관리업체","11_48_01_P","6260000","626000000138","2009-08-10","","01","영업/정상","1","인허가","","","","","0513375114","","","부산광역시 북구 덕천동 531번지 1호","부산광역시 북구 금곡대로104번길 10 (덕천동)","46545","한국승강기블루(주)","2026-01-02 10:54:12","U","2026-01-04 02:40:00","","382688.331568034","192923.088664186","유지관리","중저속승강기","100000000","","1,300","2","0","","","","16","","","","","본점","6068617996",
"68","승강기유지관리업체","11_48_01_P","6260000","626000000082","1998-12-14","","01","영업/정상","1","인허가","","","","","0519226002","","611-800","부산광역시 연제구 거제1동  17번지 1호 종근당빌딩 4층","부산광역시 연제구 거제대로 270, 4층 (거제동,종근당빌딩)","611-800","오티스엘리베이터(유)","2026-01-12 09:08:24","U","2026-01-14 02:40:00","","389137.771555336","189860.788321975","유지관리","고속승강기,중저속승강기","40000000000","100000000000","11,790","27","0","","","1","131","","182","5","","본점","6068510657",
"69","승강기유지관리업체","11_48_01_P","6260000","626000000099","2000-10-24","","01","영업/정상","1","인허가","","","","","0515572676","","","부산광역시 부산진구 범천동 869-15 대휘빌딩","부산광역시 부산진구 중앙대로 629-10, 대휘빌딩 6층 (범천동)","47351","오티스이앤엠코리아 주식회사 (부산지점)","2026-01-06 09:37:47","U","2026-01-09 02:40:00","","387525.764548199","185255.305459549","유지관리","중저속승강기","2202000000","","2,600","4","0","","","1","26","","15","1","","본점","6078519326",
"70","승강기유지관리업체","11_48_01_P","6260000","626000000125","2006-03-29","","01","영업/정상","1","인허가","","","","","0518960094","","","부산광역시 수영구 광안동 526-1 광원아파트 상가동","부산광역시 수영구 광일로 63, 상가동 2층 (광안동, 광원아파트)","48250","(주)대한엘리베이터","2026-01-12 09:23:34","U","2026-01-14 02:40:00","","391933.542223677","186764.383360083","유지관리","중저속승강기","100000000","","1,100","2","0","","","","12","1","4","1","","본점","6058176677",
"71","승강기유지관리업체","11_48_01_P","6260000","626000000002","1992-12-24","","01","영업/정상","1","인허가","","","","","0513281226","","617-801","부산광역시 사상구 감전동  156번지 6호","부산광역시 사상구 학감대로221번길 10 (감전동)","617-801","주식회사 구룡산전","2026-01-12 09:11:54","U","2026-01-14 02:40:00","","381192.267810697","185379.300879973","유지관리","중저속승강기","500000000","3186000000","500","1","0","","","1","5","8","2","2","1","본점","6068137841",
"72","승강기유지관리업체","11_48_01_P","6260000","626000000037","1993-10-07","","01","영업/정상","1","인허가","","","","","0517424275","","612-820","부산광역시 해운대구 우1동  496번지 1호 신동아상가 2층","부산광역시 해운대구 우동1로 9-28, 2층 (우동,신동아상가2층)","612-820","태화E/L(주)","2026-01-15 09:25:37","U","2026-01-17 02:40:00","","396299.836154773","187054.741207479","유지관리","고속승강기,중저속승강기","120000000","208000000","1,700","2","0","","","1","16","","15","2","","본점","6188122240",
"73","승강기유지관리업체","11_48_01_P","6430000","643000000012","1999-01-22","","01","영업/정상","1","인허가","","","","","0432968225","","","충청북도 청주시 서원구 남이면 가마리 163-1","","","호영엘리베이터(주)","2026-01-14 17:55:59","U","2026-01-16 02:40:00","","","","유지관리","중저속승강기","305000000","0","1,600","3","0","","","","16","","","","","본점","3058125133",
"74","승강기유지관리업체","11_48_01_P","6430000","643000000028","2009-11-26","","01","영업/정상","1","인허가","","","","","0432980237","","","충청북도 청주시 상당구 용암동 1237번지","충청북도 청주시 상당구 용암로 74-17 (용암동)","28770","(주)엘리사엘리베이터","2026-01-14 17:56:33","U","2026-01-16 02:40:00","","245126.583051886","346042.708207888","유지관리","중저속승강기","206752000","","1,500","2","0","","","","15","","","","","본점","3178115851",
"75","승강기유지관리업체","11_48_01_P","6430000","643000000042","2018-01-19","","01","영업/정상","1","인허가","","","","","0220075800","","07326","서울특별시 영등포구 여의도동 23번지 서울국제금융센터","서울특별시 영등포구 국제금융로 10, 서울국제금융센터 8층 (여의도동)","07326","오티스엘리베이터(유) 충북","2026-01-05 09:02:38","U","2026-01-07 02:40:00","","193326.931018911","446973.914570276","유지관리","고속승강기,중저속승강기","14760000000","","7,800","7","","","","","78","","","","","지점","8858500752",
"76","승강기유지관리업체","11_48_01_P","6470000","647000000049","2014-12-22","","01","영업/정상","1","인허가","","","","","0544358063","","","경상북도 김천시 모암동 178-11","경상북도 김천시 영남대로 1784, 하늘빛 201호 (모암동)","39580","신성엘리베이터(주)","2026-01-09 18:12:14","U","2026-01-11 02:40:00","","301481.97325291","292230.244088765","유지관리","중저속승강기","100000000","","1,400","1","0","","","","14","","","","","본점","5118123201",
"77","승강기유지관리업체","11_48_01_P","6460000","482000000004","2002-01-05","","01","영업/정상","1","인허가","","","","","061 7217971","","","","전라남도 순천시 서면 백강로 801","","(주)삼성엘리베이터","2026-01-12 00:00:00","U","2026-01-14 02:40:00","","","","유지관리","고속승강기,중저속승강기","310","","1500","2","0","","","","","","","","","본점","4168134835",
"78","승강기유지관리업체","11_48_01_P","6460000","482000000006","2018-06-08","","01","영업/정상","1","인허가","","","","","061 727 1193","","58005","전라남도 순천시 해룡면 신대리 1128번지 1호","전라남도 순천시 해룡면 신대로 212-47","58005","주식회사 한성테크엘리베이터","2026-01-07 00:00:00","U","2026-01-09 02:40:00","","","","유지관리","중저속승강기","100000000","","800","1","","","","","","","","","","본점","4758801050",
"79","승강기유지관리업체","11_48_01_P","6110000","611000000521","2021-08-17","","01","영업/정상","1","인허가","","","","","0221545700","","","서울특별시 서초구 서초동 1424-2 GS건설서초타워 0호","서울특별시 서초구 남부순환로 2477, GS건설서초타워 7층 (서초동)","06725","자이엘리베이터 주식회사","2026-01-14 16:37:44","U","2026-01-16 02:40:00","","201803.380443919","442337.458957919","유지관리","고속승강기,중저속승강기","5000000000","","5,200","6","","","","","52","","","","","본점","1588102081",
"80","승강기유지관리업체","11_48_01_P","6110000","611000000520","2021-06-03","","01","영업/정상","1","인허가","","","","","028583833","","","서울특별시 금천구 가산동 60-11 스타밸리 0호","서울특별시 금천구 디지털로9길 99, 스타밸리 809호 (가산동)","08510","(주)기원엘리베이터","2026-01-12 17:14:03","U","2026-01-14 02:40:00","","189748.024164036","442174.424111843","유지관리","중저속승강기","100000000","","1,500","3","","","","","15","","","","","본점","6588702074",
"81","승강기유지관리업체","11_48_01_P","6410000","391000000001","2013-09-16","","01","영업/정상","1","인허가","","","","","031 233 4992","","15117","경기도 시흥시 정왕동 2665-5","경기도 시흥시 엠티브이북로 323 (정왕동)","15117","오티스이앤엠코리아 주식회사 평택지점","2026-01-05 00:00:00","U","2026-01-07 02:40:00","","","","유지관리","중저속승강기","6152","100","800","1","0","","","","","","","","","지점","1258543630",
"82","승강기유지관리업체","11_48_01_P","6410000","382000000004","1999-04-09","","01","영업/정상","1","인허가","","","","","0318755478","","","","경기도 의정부시 효자로 10, 205호 (민락동, 송산중앙프라자)","","(주)태화종합엘리베이터","2025-12-31 00:00:00","U","2026-01-03 02:40:00","","","","유지관리","중저속승강기","210","300","1100","1","0","","","","","","","","","본점","1318148501",
"83","승강기유지관리업체","11_48_01_P","6410000","394000000003","2014-08-13","","01","영업/정상","1","인허가","","","","","0319789797","","10480","경기도 고양시 덕양구 성사동 216번지 5호","경기도 고양시 덕양구 흥도로417번길 40 (성사동)","10480","(주)서강엘리베이터","2026-01-14 00:00:00","U","2026-01-16 02:40:00","","","","유지관리","고속승강기,중저속승강기","700","700","4140","9","","","","","","","","","","본점","1288611361",
"84","승강기유지관리업체","11_48_01_P","6410000","391000000009","2002-02-27","","01","영업/정상","1","인허가","","","","","031611 9411","","17854","경기도 평택시 비전동 1109 좋은프라자 2","경기도 평택시 비전5로 20-45, 좋은프라자 2 403호 (비전동)","17854","(주)한국엘레파킹시스템","2026-01-12 00:00:00","U","2026-01-14 02:40:00","","","","유지관리","고속승강기,중저속승강기","500","","1400","3","","","","","","","","","","본점","1258140974",
"85","승강기유지관리업체","11_48_01_P","6410000","409000000015","2016-08-12","","01","영업/정상","1","인허가","","","","","0319834384","","10040","","경기도 김포시 대곶면 학의동로 72","10040","(주)한울테크","2025-12-31 00:00:00","U","2026-01-03 02:40:00","","","","유지관리","중저속승강기","500","","450","1","","","","","","","","","","본점","1378635464",
"86","승강기유지관리업체","11_48_01_P","6410000","383000000012","2017-02-24","","01","영업/정상","1","인허가","","","","","031 6894034","","14042","","경기도 안양시 동안구 전파로 88, 708호 (호계동, 신원비젼타워)","14042","(주)엠에스이","2026-01-02 00:00:00","U","2026-01-04 02:40:00","","","","유지관리","고속승강기,중저속승강기","1000","","4320","4","0","","","","","","","","","본점","6488600655",
"87","승강기유지관리업체","11_48_01_P","6410000","394000000010","2014-08-22","","01","영업/정상","1","인허가","","","","","0319140977","","","","경기도 고양시 일산서구 일산로 638, 3층 (대화동, 성저빌딩)","","케이이앤씨(주)","2026-01-02 00:00:00","U","2026-01-04 02:40:00","","","","유지관리","중저속승강기","200","1837","720","1","0","","","","","","","","","본점","1288640997",
"88","승강기유지관리업체","11_48_01_P","6410000","391000000011","2015-05-26","","01","영업/정상","1","인허가","","","","","","","17902","경기도 평택시 합정동 971-5","경기도 평택시 평택5로34번길 96, 2층 202호 (합정동)","17902","서진엘리베이터(주)","2026-01-15 00:00:00","U","2026-01-17 02:40:00","","","","유지관리","중저속승강기","100","100","1000","1","0","","","","","","","","","본점","7608800100",
"89","승강기유지관리업체","11_48_01_P","6410000","391000000003","2008-05-16","","01","영업/정상","1","인허가","","","","","0316828931","","451-872","경기도 평택시 오성면 양교리 915번지 12호","경기도 평택시 오성면 오성산단로 36-19","451-872","그린엘리베이터(주)","2026-01-13 00:00:00","U","2026-01-15 02:40:00","","","","유지관리","중저속승강기","700","4190","1000","1","","","","","","","","","","본점","1408107988",
"90","승강기유지관리업체","11_48_01_P","6410000","394000000005","1998-10-20","","01","영업/정상","1","인허가","","","","","0319056870","","","경기도 고양시 일산동구 백석동 1141번지 1호","경기도 고양시 일산동구 일산로 138, 공장동 910호 (백석동)","","경기엘리베이터(주)","2026-01-14 00:00:00","U","2026-01-16 02:40:00","","","","유지관리","중저속승강기","500","0","3400","4","0","","","","","","","","","본점","1288139194",
"91","승강기유지관리업체","11_48_01_P","6260000","626000000072","1998-02-13","","01","영업/정상","1","인허가","","","","","0518982016","","","부산광역시 부산진구 가야동 631-1","부산광역시 부산진구 가야공원로14번길 62, 2층 (가야동)","47324","삼성엘리베이터(주)","2026-01-02 10:56:07","U","2026-01-04 02:40:00","","384578.073549246","185540.498321976","유지관리","중저속승강기","100000000","100000000","800","1","0","","","","7","","8","1","","본점","6068120972",
"92","승강기유지관리업체","11_48_01_P","6260000","626000000121","2005-07-28","","01","영업/정상","1","인허가","","","","","0517470306","","","부산광역시 부산진구 가야동 60-55","부산광역시 부산진구 가야대로557번길 12, 2층 (가야동)","47271","신한엘리베이터(주)","2026-01-13 11:30:47","U","2026-01-15 02:40:00","","385173.011612703","185860.620571963","유지관리","중저속승강기","100000000","130000000","1,100","1","0","","","","7","4","3","1","","본점","6178156785",
"93","승강기유지관리업체","11_48_01_P","6260000","626000000129","2006-11-27","","01","영업/정상","1","인허가","","","","","0518977003","","614-801","부산광역시 부산진구 가야동 143번지 48호 윤정빌딩 3층","부산광역시 부산진구 가야대로 517, 3층 (가야동,윤정빌딩)","614-801","(주)아남테크서비스","2026-01-09 09:03:21","U","2026-01-11 02:40:00","","384774.798846787","185717.12959147","유지관리","중저속승강기","350000000","","1,900","1","0","","","","15","1","6","1","","본점","6058179811",
"94","승강기유지관리업체","11_48_01_P","6110000","611000000508","2020-03-13","","01","영업/정상","1","인허가","","","","","0236704370","","","서울특별시 종로구 연지동 1-1","서울특별시 종로구 율곡로 190 (연지동)","03127","현대엘리베이터서비스 주식회사","2026-01-13 15:52:15","U","2026-01-15 02:40:00","","199886.047854765","452569.474718211","유지관리","고속승강기,중저속승강기","5000000000","","0","52","","","","","0","","","","","본점","2768801701",
"95","승강기유지관리업체","11_48_01_P","6110000","611000000511","2017-12-08","","01","영업/정상","1","인허가","","","","","07040474151","","","서울특별시 금천구 가산동 371-28 우림라이온스밸리 비동 1402호","서울특별시 금천구 가산디지털1로 168, 우림라이온스밸리 비동 1402호 (가산동)","08507","(주)대명엘리베이터서비스","2026-01-08 14:58:29","U","2026-01-10 02:40:00","","189538.020935968","441982.427934953","유지관리","중저속승강기","700000000","","800","1","","","","","8","","","","","본점","5768800577",
"96","승강기유지관리업체","11_48_01_P","6110000","611000000514","2020-12-30","","01","영업/정상","1","인허가","","","","","0216616112","","","서울특별시 강동구 성내동 551-1 삼원타워 0호","서울특별시 강동구 성내로6길 11, 삼원타워 2층(성내동)","05399","오티스서비스엑스퍼트 유한회사","2026-01-08 09:25:01","U","2026-01-10 02:40:00","","210820.576958193","447428.794609384","유지관리","고속승강기,중저속승강기","500000000","","0","25","","","","","0","","","","","본점","8358701968",
"97","승강기유지관리업체","11_48_01_P","6540000","464000000002","2011-05-24","","01","영업/정상","1","인허가","","","","","063 236 1246","","15117","경기도 시흥시 정왕동 2665-7","경기도 시흥시 엠티브이북로 313(정왕동)","15117","오티스이앤엠코리아주식회사 전주지점","2026-01-02 00:00:00","U","2026-01-04 02:40:00","","","","유지관리","중저속승강기","6150","26500","1400","3","0","","","","","","","","","지점","4028528763",
"98","승강기유지관리업체","11_48_01_P","6540000","464000000009","1997-08-28","","01","영업/정상","1","인허가","","","","","0632261102","","","전북특별자치도 전주시 완산구 중화산동2가 703번지 13호","전북특별자치도 전주시 완산구 메너머2길 24 (중화산동2가)","","한국승강기안전공사","2026-01-13 00:00:00","U","2026-01-15 02:40:00","","","","유지관리","중저속승강기","520","599","800","1","","","","","","","","","","본점","4180149249",
"99","승강기유지관리업체","11_48_01_P","6540000","468000000003","2010-04-05","","01","영업/정상","1","인허가","","","","","0632261102","","54630","전북특별자치도 익산시 영등동 191번지 35호","전북특별자치도 익산시 약촌로 174, 지식산업센터 906호 (영등동)","54630","(유)한국승강기안전공사","2026-01-14 00:00:00","U","2026-01-16 02:40:00","","","","유지관리","중저속승강기","300","","1500","2","","","","","","","","","","본점","4028150710",
"100","승강기유지관리업체","11_48_01_P","6440000","644000000045","2021-04-12","","01","영업/정상","1","인허가","","","","","0415555114","","31070","충청남도 천안시 동남구 구성동 151-13","충청남도 천안시 동남구 해솔1길 21 (구성동)","31070","(주)충원엘리베이터","2026-01-14 09:01:12","U","2026-01-16 02:40:00","","215491.809313792","365403.442976927","유지관리","중저속승강기","300000000","","1,000","1","","","","","11","","","","","본점","7438801894",
"101","승강기유지관리업체","11_48_01_P","6110000","611000000518","2021-04-15","","01","영업/정상","1","인허가","","","","","0226901566","","","서울특별시 양천구 신정동 1026-2 성원빌딩 303호","서울특별시 양천구 신월로 340, 성원빌딩 303호(신정동)","08086","신흥이엘 주식회사","2026-01-06 12:32:33","U","2026-01-09 02:40:00","","187456.022118034","446600.005086593","유지관리","중저속승강기","200000000","","900","1","","","","","10","","","","","본점","5598102192",
"102","승강기유지관리업체","11_48_01_P","6410000","393000000002","2011-12-05","","01","영업/정상","1","인허가","","","","","031 411 5134","","","","경기도 안산시 단원구 광덕2로 194-4 (고잔동)","","성우엘리베이터(주)","2026-01-09 00:00:00","U","2026-01-11 02:40:00","","","","유지관리","중저속승강기","200","200","2340","5","0","","","","","","","","","본점","1348692258",
"103","승강기유지관리업체","11_48_01_P","6410000","401000000005","1992-12-26","","01","영업/정상","1","인허가","","","","","031 233 4992","","15117","경기도 시흥시 정왕동 2665-7","경기도 시흥시 엠티브이북로 313(정왕동)","15117","오티스이앤엠코리아 주식회사(Otis E&M Korea)","2026-01-02 00:00:00","U","2026-01-04 02:40:00","","","","유지관리","중저속승강기","6100","26516","5900","7","","","","","","","","","","본점","1348108435",
"104","승강기유지관리업체","11_48_01_P","6410000","391000000012","2016-11-14","","01","영업/정상","1","인허가","","","","","903180540810","","08377","서울특별시 구로구 구로동 170번지 11호","서울특별시 구로구 디지털로33길 48 (구로동, 대륭포스트타워7차)","08377","주식회사 티솔루션 평택사업소","2026-01-14 00:00:00","U","2026-01-16 02:40:00","","","","유지관리","중저속승강기","300","","4000","4","","","","","","","","","","지점","4718500529",
"105","승강기유지관리업체","11_48_01_P","6410000","402000000006","2014-08-27","","01","영업/정상","1","인허가","","","","","0226107777","","15851","경기도 군포시 당정동 1018-1 네이쳐빌","경기도 군포시 당정역로 62, 2층 (당정동, 네이쳐빌)","15851","티케이엘리베이터코리아(주) 경기","2026-01-14 00:00:00","U","2026-01-16 02:40:00","","","","유지관리","고속승강기,중저속승강기","1273","","8900","14","0","","","","","","","","","지점","1238545025",
"106","승강기유지관리업체","11_48_01_P","6410000","374000000005","2014-03-04","","01","영업/정상","1","인허가","","","","","031 459 3706","","","경기도 수원시 권선구 고색동 1110번지","경기도 수원시 권선구 산업로156번길 171-34 (고색동)","","(주)신우프론티어","2026-01-09 00:00:00","U","2026-01-11 02:40:00","","","","유지관리","중저속승강기","500","50","1000","1","","","","","","","","","","지점","2148150734",
"107","승강기유지관리업체","11_48_01_P","6410000","553000000013","2011-03-14","","01","영업/정상","1","인허가","","","","","0314770235","","","","경기도 화성시 마도면 금해로135번길 83","","수림엘리베이터(주)","2026-01-14 00:00:00","U","2026-01-16 02:40:00","","","","유지관리","중저속승강기","100","","500","1","0","","","","","","","","","본점","1238196069",
"108","승강기유지관리업체","11_48_01_P","6270000","627000000079","2011-06-21","","01","영업/정상","1","인허가","","","","","0537547301","","","대구광역시 서구 중리동 1083번지 한국섬유개발연구원 TBC동 101호","대구광역시 서구 국채보상로 136, 1층 101호 (중리동,한국섬유개발연구원TBC동)","41842","오티스이앤엠코리아 주식회사(대구지점)","2026-01-06 11:00:06","U","2026-01-09 02:40:00","","339533.554994012","264187.132422572","유지관리","중저속승강기","6190000000","","1,620","3","0","","","","18","","","","","본점","5028533848",
"109","승강기유지관리업체","11_48_01_P","6270000","627000000082","2012-01-10","","01","영업/정상","1","인허가","","","","","0537615061","","711-813","대구광역시 달성군 다사읍 385번지","대구광역시 달성군 서재로16길 34-1","711-813","(주)월드엘리베이터","2026-01-12 13:52:26","U","2026-01-14 02:40:00","","335451.229842323","264348.115456993","유지관리","중저속승강기","500000000","","3,330","4","0","","","","37","","","","","본점","5028613591",
"110","승강기유지관리업체","11_48_01_P","6270000","627000000038","1998-12-30","","01","영업/정상","1","인허가","","","","","0537408840","","701-824","대구광역시 동구 신천3동  81번지 2호","대구광역시 동구 장등로 86 (신천동)","701-824","오티스엘리베이터유한회사 대구영업소","2026-01-15 09:30:34","U","2026-01-17 02:40:00","","346573.489424683","265092.216370831","유지관리","중저속승강기","101753000000","","9,450","9","0","","","","105","","","","","본점","5028516382",
"111","승강기유지관리업체","11_48_01_P","6270000","627000000053","2000-12-27","","01","영업/정상","1","인허가","","","","","0537922479","","42251","대구광역시 수성구 시지동 596-2 애비뉴빌딩4층","대구광역시 수성구 알파시티2로 64, 애비뉴빌딩 4층 (시지동)","42251","우성에레베이터(주)","2026-01-12 13:51:30","U","2026-01-14 02:40:00","","352992.827339157","261051.429073866","유지관리","중저속승강기","100000000","","1,620","2","0","","","","18","","","","","본점","5028155674",
"112","승강기유지관리업체","11_48_01_P","6270000","627000000068","2007-09-14","","01","영업/정상","1","인허가","","","","","0532918297","","","대구광역시 달서구 진천동 716-1","대구광역시 달서구 상화로7길 40 (진천동)","42776","(주) 대원엘리베이터","2026-01-12 13:51:54","U","2026-01-14 02:40:00","","337359.816959712","257593.02194168","유지관리","중저속승강기","200000000","","1,800","4","0","","","","20","","","","","본점","5148162595",
"113","승강기유지관리업체","11_48_01_P","6310000","631000000026","2020-11-23","","01","영업/정상","1","인허가","","","","","0522882011","","","울산광역시 북구 매곡동 918-16","울산광역시 북구 신기9길 14-1 (매곡동)","44215","주식회사 한림이엔지","2026-01-14 16:00:26","U","2026-01-16 02:40:00","","","","유지관리","중저속승강기","100000000","","630","1","","","","","7","","","","","본점","7888801674",
"114","승강기유지관리업체","11_48_01_P","6410000","394000000015","2021-01-25","","01","영업/정상","1","인허가","","","","","031 7788417","","10550","경기도 고양시 덕양구 원흥동 705 고양 원흥 한일윈스타 지식산업센터 205호","경기도 고양시 덕양구 삼원로 73, 고양 원흥 한일윈스타 지식산업센터 2층 205호 (원흥동)","10550","주식회사 한승이엘","2026-01-02 00:00:00","U","2026-01-04 02:40:00","","","","유지관리","중저속승강기","100","","1530","2","","","","","","","","","","본점","5248101988",
"115","승강기유지관리업체","11_48_01_P","6260000","626000000170","2023-11-02","","01","영업/정상","1","인허가","","","","","0514152079","","49010","부산광역시 영도구 청학동 63-1 동영빌딩","부산광역시 영도구 태종로 417, 동영빌딩 5층 (청학동)","49010","주식회사 예스엘리베이터","2026-01-02 10:52:03","U","2026-01-04 02:40:00","","388394.695287705","178764.046155538","유지관리","중저속승강기","250000000","","700","1","","","","","7","","","","","본점","5418602726",
"116","승강기유지관리업체","11_48_01_P","6410000","394000000017","2024-12-23","","01","영업/정상","1","인허가","","","","","15888963","","10251","경기도 고양시 일산동구 성석동 1019-6","경기도 고양시 일산동구 성현로135번길 129-19 (성석동)","10251","이엘디에이승강기 주식회사","2026-01-02 00:00:00","U","2026-01-04 02:40:00","","","","유지관리","중저속승강기","100","","700","1","","","","","","","","","","본점","7188602802",
"117","승강기유지관리업체","11_48_01_P","6270000","627000000108","2024-11-21","","01","영업/정상","1","인허가","","","","","0533838989","","41513","대구광역시 북구 검단동 838-4 검단팩토리밸리 101동 202호","대구광역시 북구 검단로 135, 검단팩토리밸리 101동 2층 2호 (검단동)","41513","(주)가람엘리베이터","2026-01-06 11:00:16","U","2026-01-09 02:40:00","","346306.145630637","268913.137449925","유지관리","중저속승강기","100000000","","630","1","","","","","7","","","","","본점","4468103314",
"118","승강기유지관리업체","11_48_01_P","6410000","394000000016","2022-01-19","","03","폐업","2","폐지","2026-01-09","","","","031  9012481","","10401","경기도 고양시 일산동구 장항동 751 삼성라끄빌","경기도 고양시 일산동구 호수로 662, 삼성라끄빌 324호 (장항동)","10401","티케이엘리베이터코리아(주)강서지사","2026-01-09 00:00:00","U","2026-01-11 02:40:00","","","","유지관리","고속승강기,중저속승강기","3000","0","7740","10","","","","","","","","","","","1098540285",
