"번호","개방서비스명","개방서비스아이디","개방자치단체코드","관리번호","인허가일자","인허가취소일자","영업상태구분코드","영업상태명","상세영업상태코드","상세영업상태명","폐업일자","휴업시작일자","휴업종료일자","재개업일자","소재지전화","소재지면적","소재지우편번호","소재지전체주소","도로명전체주소","도로명우편번호","사업장명","최종수정시점","데이터갱신구분","데이터갱신일자","업태구분명","좌표정보x(epsg5174)","좌표정보y(epsg5174)","환경업무구분명","업종구분명","종별명","주생산품명","배출시설조업시간","배출시설연간가동일수","방지시설조업시간","방지시설연간가동일수","사업자등록번호",
"1","수질오염원설치시설(기타)","09_30_12_P","4201000","420100025202500002","2025-12-31","","01","영업/정상","11","영업","","","","","","","","강원특별자치도 강릉시 옥계면 남양리 산 287","강원특별자치도 강릉시 옥계면 산계길 559-1136","25646","한라시멘트(주)석회석 광업소","2025-12-31 13:10:20","I","2026-01-03 00:20:02","","374823.666298077","451229.772679481","기타수질오염원관리","","","","","0","","0","",
"2","수질오염원설치시설(기타)","09_30_12_P","4201000","420100025199500001","1995-03-08","","01","영업/정상","11","영업","","","","","033-530-1464","","","강원특별자치도 강릉시 옥계면 산계리 280-1","강원특별자치도 강릉시 옥계면 산계길 225","25645","한라시멘트(주)","2025-12-31 11:15:53","U","2026-01-03 02:40:00","","377317.711567857","456045.680054891","기타수질오염원관리","","","","","0","","0","2268122191",
"3","수질오염원설치시설(기타)","09_30_12_P","4830000","483000025200600004","2006-05-26","","01","영업/정상","11","영업","","","","","","","","전라남도 나주시 봉황면 용전리 270-1 외 1필지(270-24)","전라남도 나주시 봉황면 용두길 186","58238","삼현수산","2025-12-31 11:23:05","U","2026-01-03 02:40:00","","180054.840286705","164149.209829395","기타수질오염원관리","","","","","0","","0","4129700746",
"4","수질오염원설치시설(기타)","09_30_12_P","3410000","341000025200600012","2006-08-18","","04","취소/말소/만료/정지/중지","4","폐쇄","2025-12-31","","","","053-252-7200","","","대구광역시 중구 대신동 259-5 계성빌딩","대구광역시 중구 달성로 37, 계성빌딩 2층 (대신동)","41927","큰나래연합외과","2025-12-31 10:40:14","U","2026-01-03 02:40:00","","342795.702037009","264290.45146831","기타수질오염원관리","","","","","0","","0","5049084861",
"5","수질오염원설치시설(기타)","09_30_12_P","3430000","343000025200600002","1998-09-22","","04","취소/말소/만료/정지/중지","4","폐쇄","2025-12-31","","","","0537121312","","","대구광역시 서구 평리동 1368-1","대구광역시 서구 국채보상로46길 16 (평리동)","703-848","인구보건복지협회대구경북지회","2025-12-31 09:24:40","U","2026-01-03 02:40:00","","340441.100966021","264324.764809609","기타수질오염원관리","","","","","0","","0","5038204006",
"6","수질오염원설치시설(기타)","09_30_12_P","3000000","300000025202000016","2020-06-19","","03","폐업","2","폐업","2025-12-31","","","","","","","서울특별시 종로구 권농동 184-1 성우빌딩","서울특별시 종로구 율곡로10길 63, 성우빌딩 3층 (권농동)","","라라쥬얼리","2025-12-31 15:04:03","U","2026-01-03 02:40:00","","199190.271703465","452491.784661974","기타수질오염원관리","","","","","0","","0","4412601078",
"7","수질오염원설치시설(기타)","09_30_12_P","5680000","568000025201200010","2012-07-20","","04","취소/말소/만료/정지/중지","4","폐쇄","2024-09-26","","","","","","","충청남도 당진시 신평면 상오리 998","충청남도 당진시 신평면 덕평로 1326","","농업회사법인 진생바이오텍(주)","2025-12-31 17:15:33","U","2026-01-03 02:40:00","","177904.693336857","374681.520788584","기타수질오염원관리","","","","","0","","0","3118142710",
"8","수질오염원설치시설(기타)","09_30_12_P","3970000","397000025202100008","2021-06-14","","03","폐업","2","폐업","2025-12-30","","","","02-3418-2525","","","경기도 과천시 별양동 1-19 이마트 과천점","경기도 과천시 별양상가3로 11, 이마트 과천점 1층 (별양동)","13837","모노클 과천점","2025-12-31 11:04:01","U","2026-01-03 02:40:00","","199209.021144538","436019.965418918","기타수질오염원관리","","","","","0","","0","3367200134",
"9","수질오염원설치시설(기타)","09_30_12_P","5380000","538000025201800004","2018-06-12","","01","영업/정상","11","영업","","","","","0557811001","","","경상남도 양산시 북정동 236-11","경상남도 양산시 북정공단1길 63, 미성강업 (북정동)","50571","(주)르노코리아 지정정비센터 양산스마트","2026-01-01 17:12:48","U","2026-01-03 02:40:00","자동차 종합 수리업","385722.706986896","209357.866065645","기타수질오염원관리","자동차 종합 수리업","","","","0","","0","5168803397",
"10","수질오염원설치시설(기타)","09_30_12_P","3390000","339000025201800007","2018-07-06","","04","취소/말소/만료/정지/중지","4","폐쇄","2025-12-31","","","","051 317-1001","","","부산광역시 사상구 주례동 691-17","부산광역시 사상구 가야대로195번길 12-14 (주례동)","617-839","주례자동차정비(주)","2025-12-31 13:37:17","U","2026-01-03 02:40:00","","381692.531819264","185298.416247391","기타수질오염원관리","","","","","0","","0","6068185505",
"11","수질오염원설치시설(기타)","09_30_12_P","3720000","372000025201900001","2019-12-28","","01","영업/정상","11","영업","","","","","052-702-8361","","","울산광역시 북구 진장동 283-1 롯데마트 진장점","울산광역시 북구 진장유통로 64, 롯데마트 진장점 3층 (진장동)","44248","(주)동성모터스 울산 롯데 패스트레인","2025-12-31 10:03:06","U","2026-01-03 02:40:00","","413714.69829242","233252.48521044","기타수질오염원관리","","","","","0","","0","7418501029",
"12","수질오염원설치시설(기타)","09_30_12_P","3740000","375000025200300112","2003-12-17","","04","취소/말소/만료/정지/중지","4","폐쇄","2025-12-31","","","","0312527510","","","경기도 수원시 장안구 조원동 743-5","경기도 수원시 장안구 조원로 91 (조원동)","","우리내과소아과의원","2025-12-31 11:06:02","U","2026-01-03 02:40:00","","201309.531535412","422109.995503714","기타수질오염원관리","","","","","0","","0","1359060737",
"13","수질오염원설치시설(기타)","09_30_12_P","3370000","337000025202100026","2021-06-23","","04","취소/말소/만료/정지/중지","4","폐쇄","2025-12-31","","","","","","","부산광역시 연제구 연산동 1972-5","부산광역시 연제구 연수로 121 (연산동)","47604","눈사랑안경","2025-12-31 17:13:43","U","2026-01-03 02:40:00","","389787.668823898","188213.318773904","기타수질오염원관리","","","","","0","","0","1952200329",
"14","수질오염원설치시설(기타)","09_30_12_P","3370000","337000025202100027","2021-06-24","","04","취소/말소/만료/정지/중지","4","폐쇄","2025-12-31","","","","","","","부산광역시 연제구 연산동 825-9","부산광역시 연제구 연수로 106 (연산동)","47608","으뜸아이안경연제","2025-12-31 17:16:07","U","2026-01-03 02:40:00","","389621.700309052","188185.025897407","기타수질오염원관리","","","","","0","","0","4271400347",
"15","수질오염원설치시설(기타)","09_30_12_P","3370000","337000025202100024","2021-06-21","","04","취소/말소/만료/정지/중지","4","폐쇄","2025-12-31","","","","","","","부산광역시 연제구 연산동 1949-12","부산광역시 연제구 연수로 148 (연산동)","47610","보이다안경원","2025-12-31 17:12:57","U","2026-01-03 02:40:00","","390039.638977551","188127.275567908","기타수질오염원관리","","","","","0","","0","",
"16","수질오염원설치시설(기타)","09_30_12_P","3370000","337000025202100030","2021-06-25","","04","취소/말소/만료/정지/중지","4","폐쇄","2025-12-31","","","","","","","부산광역시 연제구 연산동 726-7","부산광역시 연제구 반송로 9 (연산동)","47520","유니안경원","2025-12-31 17:16:57","U","2026-01-03 02:40:00","","389589.959698912","189488.83234429","기타수질오염원관리","","","","","0","","0","5663000318",
"17","수질오염원설치시설(기타)","09_30_12_P","4420000","442000025202100005","2021-06-07","","01","영업/정상","11","영업","","","","","0435442894","","","충청북도 보은군 보은읍 삼산리 93-10","충청북도 보은군 보은읍 보은로 93","28951","서독안경원","2025-12-31 14:15:30","U","2026-01-03 02:40:00","","264347.609000431","331653.018288166","기타수질오염원관리","","","","","0","","0","3020181153",
"18","수질오염원설치시설(기타)","09_30_12_P","3040000","304000025200500022","2005-10-19","","04","취소/말소/만료/정지/중지","4","폐쇄","2025-12-30","","","","02 4637075","","","서울특별시 광진구 자양동 553-280 (1층)","","","이다종합동물병원","2025-12-31 10:41:19","U","2026-01-03 02:40:00","","","","기타수질오염원관리","","","","","0","","0","2061947041",
"19","수질오염원설치시설(기타)","09_30_12_P","3370000","337000025202100040","2021-07-01","","04","취소/말소/만료/정지/중지","4","폐쇄","2025-12-31","","","","710-9016","","","부산광역시 연제구 거제동 1177-42 메디컬센터 법원점","부산광역시 연제구 월드컵대로 221-4, 메디컬센터 법원점 1층 (거제동)","47525","아이템 안경콘택트","2025-12-31 17:17:24","U","2026-01-03 02:40:00","","388686.159873386","189707.220657804","기타수질오염원관리","","","","","0","","0","2371701308",
"20","수질오염원설치시설(기타)","09_30_12_P","4050000","562000025202300005","2023-09-11","","01","영업/정상","11","영업","","","","","","","","경기도 용인시 처인구 양지읍 양지리 547","경기도 용인시 처인구 양지읍 양지로 67","17158","(주)용인양지전국모터스","2026-01-02 10:54:55","U","2026-01-04 02:40:00","","224437.60093487","414595.894331924","기타수질오염원관리","","","","","0","","0","1420971059",
"21","수질오염원설치시설(기타)","09_30_12_P","3620000","362000025201400006","2014-06-12","","04","취소/말소/만료/정지/중지","4","폐쇄","2026-01-02","","","","268-9955","","","광주광역시 북구 두암동 881-12","광주광역시 북구 서방로107번길 39 (두암동)","","제일튼튼의원","2026-01-02 11:05:08","U","2026-01-04 02:40:00","","193099.889116307","185900.477149969","기타수질오염원관리","","","","","0","","0","4109203252",
"22","수질오염원설치시설(기타)","09_30_12_P","3980000","398000025202100027","2021-07-01","","03","폐업","2","폐업","2025-12-05","","","","0315643241","","","경기도 구리시 수택동 383 동진빌딩","경기도 구리시 경춘로 208, 동진빌딩 1층 (수택동)","11927","아이데코 안경","2026-01-02 09:44:59","U","2026-01-04 02:40:00","","212155.48","455330.145","기타수질오염원관리","","","","","0","","0","6962900777",
"23","수질오염원설치시설(기타)","09_30_12_P","3980000","398000025202100028","2021-07-01","","03","폐업","2","폐업","2025-12-11","","","","0315556543","","","경기도 구리시 수택동 515-53","경기도 구리시 검배로 37 (수택동)","11929","아이패밀리","2026-01-02 09:46:25","U","2026-01-04 02:40:00","","212620.537276746","455100.723388908","기타수질오염원관리","","","","","0","","0","1322794345",
"24","수질오염원설치시설(기타)","09_30_12_P","3980000","398000025202100021","2021-06-28","","01","영업/정상","11","영업","","","","","031-568-7778","","","경기도 구리시 인창동 676-6 동원플에이스테이션","경기도 구리시 경춘로 249, 동원플에이스테이션 (인창동)","11922","아이마트안경","2026-01-02 09:58:36","U","2026-01-04 02:40:00","","212530.771272955","455539.108427022","기타수질오염원관리","","","","","0","","0","8757600020",
"25","수질오염원설치시설(기타)","09_30_12_P","3390000","339000025199500018","1995-01-10","","01","영업/정상","11","영업","","","","","0513141201","","","부산광역시 사상구 감전동 160-9","부산광역시 사상구 가야대로133번길 15 (감전동)","617-801","DS Motors","2026-01-02 15:27:11","U","2026-01-04 02:40:00","","381017.105553097","185323.872055176","기타수질오염원관리","","","","","0","","0","3613001823",
"26","수질오염원설치시설(기타)","09_30_12_P","3740000","377000025201700001","2017-10-30","","01","영업/정상","11","영업","","","","","296-9944","","","","경기도 수원시 팔달구 수성로 92, 1층 (화서동, 농민회관)","16432","(주) 청도 수원공장","2026-01-02 15:50:31","U","2026-01-04 02:40:00","","198939.951346024","420004.023620364","기타수질오염원관리","","","","","0","","0","1258531852",
"27","수질오염원설치시설(기타)","09_30_12_P","4050000","562000025200700005","2007-03-13","","01","영업/정상","11","영업","","","","","","","449-821","경기도 용인시 처인구 양지읍 남곡리 645-2","경기도 용인시 처인구 양지읍 은이로 164","","양지식품","2026-01-02 10:54:57","U","2026-01-04 02:40:00","","224662.102819157","412818.688194853","기타수질오염원관리","","","","","0","","0","",
"28","수질오염원설치시설(기타)","09_30_12_P","4050000","562000025201400006","2014-07-10","","01","영업/정상","11","영업","","","","","","","","경기도 용인시 처인구 양지읍 남곡리 251 ,819-59","경기도 용인시 처인구 양지읍 중부대로 2038-8","449-821","용인현대자동차공업(주)","2026-01-02 10:54:57","U","2026-01-04 02:40:00","","223925.62908515","413818.698455799","기타수질오염원관리","","","","","0","","0","1358128278",
"29","수질오염원설치시설(기타)","09_30_12_P","4050000","562000025202100034","2021-06-30","","01","영업/정상","11","영업","","","","","031-336-8383","","","경기도 용인시 처인구 양지읍 양지리 586-1","경기도 용인시 처인구 양지읍 양지로 152","17158","안경이야기","2026-01-02 10:54:55","U","2026-01-04 02:40:00","","225232.236186552","414748.182943376","기타수질오염원관리","","","","","0","","0","1420520682",
"30","수질오염원설치시설(기타)","09_30_12_P","4050000","562000025199500155","1995-04-10","","03","폐업","2","폐업","2009-11-23","","","","0313383017","","","경기도 용인시 처인구 양지읍 양지리 593-3","경기도 용인시 처인구 양지읍 양지로143번길 3","","아름사진관","2026-01-02 10:54:55","U","2026-01-04 02:40:00","","225145.134689988","414826.850758098","기타수질오염원관리","","","","","0","","0","",
"31","수질오염원설치시설(기타)","09_30_12_P","4050000","562000025200900009","2009-08-27","","01","영업/정상","11","영업","","","","","","","","경기도 용인시 처인구 양지읍 주북리 735-2","경기도 용인시 처인구 양지읍 주북로5번길 139","","(주)신성자동차공업사","2026-01-02 10:55:03","U","2026-01-04 02:40:00","","221740.327345774","417295.135701154","기타수질오염원관리","","","","","0","","0","",
"32","수질오염원설치시설(기타)","09_30_12_P","4050000","562000025201400008","2014-10-06","","01","영업/정상","11","영업","","","","","0313355253","","","경기도 용인시 처인구 양지읍 주북리 89-1 외1필지(89-10)","경기도 용인시 처인구 양지읍 주북로 281","449-822","-","2026-01-02 10:55:03","U","2026-01-04 02:40:00","","223262.17513402","416193.614980612","기타수질오염원관리","","","","","0","","0","",
"33","수질오염원설치시설(기타)","09_30_12_P","4050000","562000025202000009","2020-11-05","","01","영업/정상","11","영업","","","","","0313322201","","","경기도 용인시 처인구 양지읍 양지리 106-8","경기도 용인시 처인구 양지읍 중부대로 2318","17158","양지대형서비스기아오토큐주식회사","2026-01-02 10:54:55","U","2026-01-04 02:40:00","","226495.126922705","414742.710532253","기타수질오염원관리","","","","","0","","0","2618600929",
"34","수질오염원설치시설(기타)","09_30_12_P","4050000","562000025200800013","2008-11-01","","04","취소/말소/만료/정지/중지","4","폐쇄","2015-01-07","","","","0313301146","","","경기도 용인시 처인구 양지읍 대대리 산 281-1","","","금호리조트(주)아시아나시시","2026-01-02 10:55:02","U","2026-01-04 02:40:00","","","","기타수질오염원관리","","","","","0","","0","1428504966",
"35","수질오염원설치시설(기타)","09_30_12_P","4050000","562000025201300006","2013-11-11","","01","영업/정상","11","영업","","","","","","","","경기도 용인시 처인구 양지읍 남곡리 124-7 가동 102호","경기도 용인시 처인구 양지읍 남평로 32, 가동 102호","","(주)지이에스앤드에프","2026-01-02 10:54:57","U","2026-01-04 02:40:00","","225466.850246441","414350.36641158","기타수질오염원관리","","","","","0","","0","1428521311",
"36","수질오염원설치시설(기타)","09_30_12_P","4050000","562000025201900008","2019-09-20","","01","영업/정상","11","영업","","","","","","","","경기도 용인시 처인구 양지읍 평창리 640-25","경기도 용인시 처인구 양지읍 죽양대로2016번길 30","17163","금호타이어 양지IC점","2026-01-02 10:54:58","U","2026-01-04 02:40:00","","228231.550587846","412974.607936049","기타수질오염원관리","","","","","0","","0","1420805998",
"37","수질오염원설치시설(기타)","09_30_12_P","4050000","562000025201900010","2019-10-22","","04","취소/말소/만료/정지/중지","4","폐쇄","2020-11-12","","","","0313384078","","","경기도 용인시 처인구 양지읍 주북리 367-2","경기도 용인시 처인구 양지읍 주북로193번길 21","17159","광희그래픽스","2026-01-02 10:55:03","U","2026-01-04 02:40:00","","222478.826144697","416277.355605507","기타수질오염원관리","","","","","0","","0","2050189698",
"38","수질오염원설치시설(기타)","09_30_12_P","4050000","562000025200900001","2009-02-09","","03","폐업","2","폐업","2016-07-07","","","","0313344171","","","경기도 용인시 처인구 양지읍 주북리 1110","경기도 용인시 처인구 양지읍 한터로 281","","(주)용인폐차사업소","2026-01-02 10:55:03","U","2026-01-04 02:40:00","","221054.899214771","416992.958700605","기타수질오염원관리","","","","","0","","0","1358110273",
"39","수질오염원설치시설(기타)","09_30_12_P","4050000","562000025200300011","2003-01-26","","04","취소/말소/만료/정지/중지","4","폐쇄","2025-06-25","","","","3384797","","","경기도 용인시 처인구 양지읍 양지리 573-5","경기도 용인시 처인구 양지읍 양지로 140","","서울삼성의원","2026-01-02 10:54:59","U","2026-01-04 02:40:00","","225114.59562268","414761.730407598","기타수질오염원관리","","","","","0","","0","1359045610",
"40","수질오염원설치시설(기타)","09_30_12_P","4050000","562000025201700002","2017-10-16","","01","영업/정상","11","영업","","","","","02-471-2511","","","경기도 용인시 처인구 양지읍 주북리 115-1 115-3,115-4","경기도 용인시 처인구 양지읍 주북로342번길 6-17","17159","민우건설기계(주)","2026-01-02 10:55:03","U","2026-01-04 02:40:00","","223609.801705341","415998.548101858","기타수질오염원관리","","","","","0","","0","2158741827",
"41","수질오염원설치시설(기타)","09_30_12_P","3390000","339000025201000002","2010-02-02","","04","취소/말소/만료/정지/중지","4","폐쇄","2026-01-02","","","","051 315-9922","","","부산광역시 사상구 감전동 147-9","부산광역시 사상구 낙동대로1062번길 17 (감전동)","617-804","(주)천일정비서비스","2026-01-02 11:36:49","U","2026-01-04 02:40:00","","379810.761260608","185797.640711346","기타수질오염원관리","","","","","0","","0","6068615455",
"42","수질오염원설치시설(기타)","09_30_12_P","3030000","303000025201900001","2019-02-19","","04","취소/말소/만료/정지/중지","4","폐쇄","2025-12-31","","","","","","","서울특별시 성동구 성수동2가 271-3 2,3층","서울특별시 성동구 연무장길 87, 2,3층 (성수동2가)","04783","㈜헐크모터스","2026-01-02 13:13:01","U","2026-01-04 02:40:00","","205139.510454711","448820.400834501","기타수질오염원관리","","","","","0","","0","8328102549",
"43","수질오염원설치시설(기타)","09_30_12_P","4050000","562000025202000004","2020-04-14","","04","취소/말소/만료/정지/중지","4","폐쇄","2021-09-14","","","","","","","경기도 용인시 처인구 양지읍 주북리 358 B동","경기도 용인시 처인구 양지읍 주북로173번길 54, B동","17159","알에이치Custom","2026-01-02 10:55:03","U","2026-01-04 02:40:00","","","","기타수질오염원관리","","","","","0","","0","8662200436",
"44","수질오염원설치시설(기타)","09_30_12_P","4050000","562000025199200002","1992-03-28","","01","영업/정상","11","영업","","","","","0313301121,1304","","","경기도 용인시 처인구 양지읍 대대리 산 281-1","경기도 용인시 처인구 양지읍 양대로 290","449-822","금호리조트(주)","2026-01-02 10:55:02","U","2026-01-04 02:40:00","","225622.153527581","416941.404061624","기타수질오염원관리","","","","","0","","0","1428103111",
"45","수질오염원설치시설(기타)","09_30_12_P","4050000","562000025199300003","1993-06-18","","01","영업/정상","11","영업","","","","","","","449-820","경기도 용인시 처인구 양지읍 주북리 1110","경기도 용인시 처인구 양지읍 한터로 281","","공우산업(주)","2026-01-02 10:55:03","U","2026-01-04 02:40:00","자동차 전문 수리업","221054.899214771","416992.958700605","기타수질오염원관리","자동차 전문 수리업","","","","0","","0","",
"46","수질오염원설치시설(기타)","09_30_12_P","4050000","562000025199500003","1995-03-25","","01","영업/정상","11","영업","","","","","","","449-820","경기도 용인시 처인구 양지읍 제일리 112","경기도 용인시 처인구 양지읍 중부대로2517번길 21","","제일양어장","2026-01-02 10:54:59","U","2026-01-04 02:40:00","양식어업","227998.353475781","415489.408615653","기타수질오염원관리","양식어업","","","","0","","0","",
"47","수질오염원설치시설(기타)","09_30_12_P","4050000","562000025199500004","1995-06-13","","01","영업/정상","11","영업","","","","","","","449-820","경기도 용인시 처인구 양지읍 남곡리 489-7","","","도원자동차공업(주)","2026-01-02 10:54:57","U","2026-01-04 02:40:00","자동차 수리업","","","기타수질오염원관리","자동차 수리업","","","","0","","0","",
"48","수질오염원설치시설(기타)","09_30_12_P","4050000","562000025199500010","1995-12-15","","01","영업/정상","11","영업","","","","","","","","경기도 용인시 처인구 양지읍 남곡리 34-1","경기도 용인시 처인구 양지읍 남평로 112","","미래개발주식회사","2026-01-02 10:54:57","U","2026-01-04 02:40:00","","225676.720320733","412532.949074993","기타수질오염원관리","","","","","0","","0","1358503969",
"49","수질오염원설치시설(기타)","09_30_12_P","4050000","562000025199600001","1996-07-11","","01","영업/정상","11","영업","","","","","","","","경기도 용인시 처인구 양지읍 남곡리 493-29","","","현대양지자동차정비(주)","2026-01-02 10:54:57","U","2026-01-04 02:40:00","","","","기타수질오염원관리","","","","","0","","0","1358176974",
"50","수질오염원설치시설(기타)","09_30_12_P","4050000","562000025200700017","2007-10-24","","01","영업/정상","11","영업","","","","","","","","경기도 용인시 처인구 양지읍 주북리 602","경기도 용인시 처인구 양지읍 주북로5번길 160","","유림현대공업사","2026-01-02 10:55:03","U","2026-01-04 02:40:00","","221932.222407785","417386.583935215","기타수질오염원관리","","","수리된 자동차","","0","","0","",
"51","수질오염원설치시설(기타)","09_30_12_P","4050000","562000025199900003","1999-08-18","","01","영업/정상","11","영업","","","","","0313396503","","","경기도 용인시 처인구 양지읍 주북리 545-2","","","주식회사 화성특장","2026-01-02 10:55:03","U","2026-01-04 02:40:00","","","","기타수질오염원관리","","","","","0","","0","",
"52","수질오염원설치시설(기타)","09_30_12_P","4050000","562000025200200003","2002-03-21","","01","영업/정상","11","영업","","","","","","","449-823","경기도 용인시 처인구 양지읍 양지리 652-1","","","용인기아자동차공업사","2026-01-02 10:54:55","U","2026-01-04 02:40:00","","","","기타수질오염원관리","","","","","0","","0","",
"53","수질오염원설치시설(기타)","09_30_12_P","3830000","383000025202500003","2025-07-25","","01","영업/정상","11","영업","","","","","","","","경기도 안양시 동안구 관양동 1604-4 평촌벌말프라자","경기도 안양시 동안구 관평로182번길 54, 평촌벌말프라자 2층 204호 (관양동)","14066","으뜸50안경평촌역","2026-01-02 13:09:11","U","2026-01-04 02:40:00","","196677.373788978","432418.177418613","기타수질오염원관리","","","","","0","","0","6861103001",
"54","수질오염원설치시설(기타)","09_30_12_P","4050000","562000025202500008","2025-09-05","","01","영업/정상","11","영업","","","","","","","","경기도 용인시 처인구 양지읍 송문리 114-1","경기도 용인시 처인구 양지읍 신송로 297","17160","케이지모빌리티용인서비스센터(주)","2026-01-02 10:55:04","U","2026-01-04 02:40:00","","223318.305641128","413903.710196502","기타수질오염원관리","","","","","0","","0","",
"55","수질오염원설치시설(기타)","09_30_12_P","4050000","562000025202500009","2025-09-30","","01","영업/정상","11","영업","","","","","031-334-4667","","","경기도 용인시 처인구 양지읍 주북리 712-10","경기도 용인시 처인구 양지읍 한금로 20","17039","(주)한터테크","2026-01-02 10:55:03","U","2026-01-04 02:40:00","","","","기타수질오염원관리","","","","","0","","0","1828702989",
"56","수질오염원설치시설(기타)","09_30_12_P","4050000","562000025202200006","2023-01-03","","01","영업/정상","11","영업","","","","","","","","경기도 용인시 처인구 양지읍 평창리 640-25","경기도 용인시 처인구 양지읍 죽양대로2016번길 30","17163","금호공업사","2026-01-02 10:54:58","U","2026-01-04 02:40:00","","228231.550587846","412974.607936049","기타수질오염원관리","","","","","0","","0","6537500234",
"57","수질오염원설치시설(기타)","09_30_12_P","3830000","383000025202500002","2025-06-25","","01","영업/정상","11","영업","","","","","031-458-4200","","","경기도 안양시 만안구 안양동 604-3","경기도 안양시 만안구 만안로 120 (안양동)","14032","금강자동차정비검사소","2026-01-02 11:50:34","U","2026-01-04 02:40:00","","","","기타수질오염원관리","","","","","0","","0","1360664499",
"58","수질오염원설치시설(기타)","09_30_12_P","4050000","562000025202500004","2025-06-30","","01","영업/정상","11","영업","","","","","031-322-1063","","","경기도 용인시 처인구 양지읍 양지리 586-1","경기도 용인시 처인구 양지읍 양지로 152","17158","이앤김 하이안경","2026-01-02 10:54:55","U","2026-01-04 02:40:00","","225232.236186552","414748.182943376","기타수질오염원관리","","","","","0","","0","2956100818",
"59","수질오염원설치시설(기타)","09_30_12_P","3830000","383000025202500001","2025-06-13","","01","영업/정상","11","영업","","","","","0313840988","","","경기도 안양시 동안구 관양동 1591-12 평촌자이엘라","경기도 안양시 동안구 관평로 183, 평촌자이엘라 1층 102호 (관양동)","14067","브리즘 평촌점","2026-01-02 11:49:31","U","2026-01-04 02:40:00","","196348.623611046","432336.522653627","기타수질오염원관리","","","","","0","","0","6042093430",
"60","수질오염원설치시설(기타)","09_30_12_P","4390000","439000025202500002","2025-07-21","","01","영업/정상","11","영업","","","","","","","","충청북도 충주시 칠금동 441-5","충청북도 충주시 탄금대로 241 (칠금동)","27441","대림정비공업사","2026-01-03 21:51:35","U","2026-01-05 02:40:00","","280510.376147434","387386.414943301","기타수질오염원관리","","","","","0","","0","3030915351",
"61","수질오염원설치시설(기타)","09_30_12_P","3170000","317000025202600001","2026-01-05","","01","영업/정상","11","영업","","","","","02-804-8585","","","서울특별시 금천구 시흥동 1036 기아자동차 시흥서비스센터","서울특별시 금천구 시흥대로51길 20, 기아자동차 시흥서비스센터 (시흥동)","08633","기아(주) 시흥서비스센터","2026-01-05 09:40:50","I","2026-01-07 00:20:36","자동차 제조업","191072.547225504","438867.37115031","기타수질오염원관리","자동차 제조업","","","","0","","0","1198506362",
"62","수질오염원설치시설(기타)","09_30_12_P","3170000","317000025202600002","2026-01-05","","01","영업/정상","11","영업","","","","","02 8048585","","","서울특별시 금천구 시흥동 996-3","서울특별시 금천구 시흥대로51길 20 (시흥동)","153-864","기아(주)시흥서비스센터","2026-01-05 14:07:55","I","2026-01-07 00:20:36","","190959.277765513","438851.051916362","기타수질오염원관리","","","","","0","","0","1198506362",
"63","수질오염원설치시설(기타)","09_30_12_P","5540000","554000025202600001","2026-01-05","","01","영업/정상","11","영업","","","","","","","","경기도 광주시 역동 348-10","경기도 광주시 광주역9로 39 (역동)","12764","(주)새천모터스","2026-01-05 17:01:23","I","2026-01-07 00:20:36","","222514.872558417","433813.263727229","기타수질오염원관리","","","","","0","","0","3378603581",
"64","수질오염원설치시설(기타)","09_30_12_P","5670000","567012325202500003","2026-01-05","","01","영업/정상","11","영업","","","","","0557141932","","","경상남도 창원시 의창구 중동 782-1","경상남도 창원시 의창구 중동북로 23, 제이디윙스 빌딩 1층 117호 (중동)","51380","아이젠트리 창원유니시티점","2026-01-05 13:11:57","I","2026-01-07 00:20:36","","348005.925500209","196631.909856073","기타수질오염원관리","","","","","0","","0","6110630868",
"65","수질오염원설치시설(기타)","09_30_12_P","4271000","427100025202200001","2022-02-18","","01","영업/정상","11","영업","","","","","","","","강원특별자치도 영월군 영월읍 팔괴리 481","강원특별자치도 영월군 영월읍 태화산로 225-14","26240","팔괴송어장","2026-01-05 18:03:04","U","2026-01-07 02:40:00","","332464.279042512","405930.788954425","기타수질오염원관리","","","","","0","","0","2259005191",
"66","수질오염원설치시설(기타)","09_30_12_P","5130000","513000025200300010","2006-05-25","","04","취소/말소/만료/정지/중지","4","폐쇄","2025-12-30","","","","053-817-1797","","","경상북도 경산시 압량읍 부적리 514-13","경상북도 경산시 압량읍 대학로 345","38527","현대외과의원","2026-01-05 15:56:34","U","2026-01-07 02:40:00","","358789.177229081","261431.679082203","기타수질오염원관리","","","","","0","","0","5159018380",
"67","수질오염원설치시설(기타)","09_30_12_P","5090000","509000025200300043","2003-06-17","","03","폐업","2","폐업","2025-08-20","","","","054-637-3035","","","경상북도 영주시 풍기읍 성내리 31-1","경상북도 영주시 풍기읍 기주로 88","750-805","참사랑외과의원","2026-01-05 13:53:00","U","2026-01-07 02:40:00","","336023.61429013","375371.61526991","기타수질오염원관리","","","","","0","","0","5129602843",
"68","수질오염원설치시설(기타)","09_30_12_P","3050000","305000025202100028","2021-04-15","","03","폐업","2","폐업","2026-01-05","","","","02)955-4242","","","서울특별시 동대문구 용두동 33-1 홈플러스 동대문점","서울특별시 동대문구 천호대로 133, 홈플러스 동대문점 (용두동)","02565","아이피아안경","2026-01-05 17:54:53","U","2026-01-07 02:40:00","","203356.957362754","452469.300221465","기타수질오염원관리","","","","","0","","0","2042924959",
"69","수질오염원설치시설(기타)","09_30_12_P","4000000","400000025199800012","1998-04-24","","01","영업/정상","11","영업","","","","","031 3768585","","","경기도 오산시 수청동 58-3 금성공업사","경기도 오산시 내삼미로 9, 금성공업사 (수청동)","18114","주식회사 금성공업사기아오토큐","2026-01-05 17:09:36","U","2026-01-07 02:40:00","","205940.066746598","406897.060823062","기타수질오염원관리","","","","","0","","0","6648103718",
"70","수질오염원설치시설(기타)","09_30_12_P","3730000","373000025199800007","1998-10-14","","04","취소/말소/만료/정지/중지","4","폐쇄","2026-01-05","","","","052 262 3456","","","울산광역시 울주군 언양읍 남부리 154-2","울산광역시 울주군 언양읍 헌양길 53","44946","미화포토칼라","2026-01-05 17:26:04","U","2026-01-07 02:40:00","","392524.255629877","231546.637658959","기타수질오염원관리","","","","","0","","0","6202277703",
"71","수질오염원설치시설(기타)","09_30_12_P","5540000","554000025202100001","2021-01-26","","01","영업/정상","11","영업","","","","","","","","경기도 광주시 문형동 42-12","경기도 광주시 봉골길 131-27","12774","카본모터스","2026-01-05 11:13:38","U","2026-01-07 02:40:00","","","","기타수질오염원관리","","","","","0","","0","7961002961",
"72","수질오염원설치시설(기타)","09_30_12_P","4050000","563000025201700001","2017-06-27","","01","영업/정상","11","영업","","","","","031-896-4444","","","경기도 용인시 기흥구 보정동 547-26","경기도 용인시 기흥구 용구대로2469번길 122 (보정동)","16905","주식회사 트루모터스","2026-01-05 15:57:34","U","2026-01-07 02:40:00","","209309.451848861","423949.9609769","기타수질오염원관리","","","","","0","","0","2068626301",
"73","수질오염원설치시설(기타)","09_30_12_P","3640000","364000025202200002","2022-10-02","","01","영업/정상","11","영업","","","","","042-284-4971","","","대전광역시 동구 용운동 342-2","대전광역시 동구 새울로 58 (용운동)","34522","㈜제이에스모터스대전","2026-01-05 17:20:19","U","2026-01-07 02:40:00","","241473.932792999","313742.195644925","기타수질오염원관리","","","","","0","","0","7792100469",
"74","수질오염원설치시설(기타)","09_30_12_P","6310000","631000007202600001","2026-01-07","","01","영업/정상","01","영업","","","","","0522686684","","","울산광역시 울주군 온산읍 이진리 47번지 에이치디현대중공업(주)온산공장","울산광역시 울주군 온산읍 산암로 487, 에이치디현대중공업(주)온산공장","44996","코스텍기술(주)-에이치디현대중공업(주)온산공장","2026-01-07 18:30:11","I","2026-01-09 00:20:01","","414196.4639775","216778.970580191","기타수질오염원관리","","","","","0","","0","1148176375",
"75","수질오염원설치시설(기타)","09_30_12_P","3060000","306000025202600001","2026-01-07","","01","영업/정상","11","영업","","","","","","","","서울특별시 중랑구 신내동 666 신아타운","서울특별시 중랑구 봉화산로 194, 신아타운 216호 (신내동)","02076","으뜸50안경 신내점","2026-01-07 12:43:07","I","2026-01-09 00:20:01","","208295.099818379","456014.999180519","기타수질오염원관리","","","","","0","","0","4561502753",
"76","수질오염원설치시설(기타)","09_30_12_P","3010000","301000025202100005","2021-04-02","","01","영업/정상","11","영업","","","","","02-752-1655","","","서울특별시 중구 남창동 50-57","서울특별시 중구 남대문시장4길 28-12 (남창동)","04528","수정광학 안경","2026-01-07 16:11:19","I","2026-01-09 00:20:01","","197864.564761519","450776.970697936","기타수질오염원관리","","","","","0","","0","2090947279",
"77","수질오염원설치시설(기타)","09_30_12_P","3000000","300000025202600001","2026-01-06","","01","영업/정상","11","영업","","","","","","","","서울특별시 종로구 권농동 184-1 성우빌딩","서울특별시 종로구 율곡로10길 63, 성우빌딩 3층 (권농동)","03134","다올주얼리","2026-01-06 09:46:09","I","2026-01-09 00:20:01","","199190.271703465","452491.784661974","기타수질오염원관리","","","","","0","","0","8393801415",
"78","수질오염원설치시설(기타)","09_30_12_P","5400000","540000025202400002","2024-08-05","","04","취소/말소/만료/정지/중지","4","폐쇄","2026-01-06","","","","","","","부산광역시 강서구 미음동 1542-2 새한검사기술주식회사","부산광역시 강서구 미음산단5로42번길 56, 새한검사기술주식회사 (미음동)","46744","새한검사기술(주)","2026-01-06 17:12:10","U","2026-01-09 02:40:00","","369529.530559439","185776.366158315","기타수질오염원관리","","","","","0","","0","",
"79","수질오염원설치시설(기타)","09_30_12_P","3620000","362000025202100048","2021-05-26","","01","영업/정상","11","영업","","","","","0622691314","","","광주광역시 북구 오치동 574-10","광주광역시 북구 서하로 200 (오치동)","61120","밝은세상안경원","2026-01-06 17:58:51","U","2026-01-09 02:40:00","","191023.81058967","187541.682368945","기타수질오염원관리","","","","","0","","0","7743601512",
"80","수질오염원설치시설(기타)","09_30_12_P","5670000","567020625199700002","1997-11-18","","04","취소/말소/만료/정지/중지","4","폐쇄","2026-01-07","","","","0555453120","","","경상남도 창원시 진해구 덕산동 사서함 30호","","","육군제7808부대","2026-01-07 16:56:42","U","2026-01-09 02:40:00","","","","기타수질오염원관리","","","","","0","","0","6098300547",
"81","수질오염원설치시설(기타)","09_30_12_P","3460000","346000025201200003","2012-04-20","","01","영업/정상","11","영업","","","","","053-765-9900","","","대구광역시 수성구 상동 206-45 (667-36)","대구광역시 수성구 신천동로 93 (상동)","706-060","(주)수성모터스","2026-01-07 15:22:08","U","2026-01-09 02:40:00","","345122.05872729","260439.314459979","기타수질오염원관리","","","","","0","","0","8808803003",
"82","수질오염원설치시설(기타)","09_30_12_P","3690000","369000025202100031","2021-06-17","","01","영업/정상","11","영업","","","","","052-297-9150","","","울산광역시 중구 반구동 57-4","울산광역시 중구 화합로 412 (반구동)","44509","첫눈애안경이랑콘택트","2026-01-07 09:06:57","U","2026-01-09 02:40:00","","411925.554966695","231666.069706377","기타수질오염원관리","","","","","0","","0","6201031780",
"83","수질오염원설치시설(기타)","09_30_12_P","3050000","305000025202100067","2021-06-24","","01","영업/정상","11","영업","","","","","02)3394-6357","","","서울특별시 동대문구 답십리동 494-5","서울특별시 동대문구 천호대로 291-1 (답십리동)","02604","다비치안경 답십리역점","2026-01-06 14:41:15","U","2026-01-09 02:40:00","","204662.341213164","451605.260722901","기타수질오염원관리","","","","","0","","0","2755100057",
"84","수질오염원설치시설(기타)","09_30_12_P","3350000","335000025202100011","2021-05-28","","01","영업/정상","11","영업","","","","","051-516-6294","","","부산광역시 금정구 장전동 416-25","부산광역시 금정구 금정로 90, 1층 (장전동)","46290","으뜸아이안경 부산대점","2026-01-07 15:18:42","U","2026-01-09 02:40:00","","389923.331756599","194574.979567074","기타수질오염원관리","","","","","0","","0","8091901319",
"85","수질오염원설치시설(기타)","09_30_12_P","3520000","352000025200400006","2004-12-09","","01","영업/정상","11","영업","","","","","820-4045","","","인천광역시 연수구 연수동 534-2","인천광역시 연수구 함박뫼로 191 (연수동, 가천대학교)","","가천대학교","2026-01-06 17:12:07","U","2026-01-09 02:40:00","","172299.004968568","435653.885663545","기타수질오염원관리","","","","","0","","0","1298206320",
"86","수질오염원설치시설(기타)","09_30_12_P","3830000","383000025201700003","2017-11-30","","04","취소/말소/만료/정지/중지","4","폐쇄","2026-01-06","","","","031-477-1111","","","경기도 안양시 만안구 안양동 219-2 대륜플러스, 홍익물류창고","경기도 안양시 만안구 시민대로 28 (안양동)","14098","(주)현대드림모터스","2026-01-06 09:40:11","U","2026-01-09 02:40:00","","","","기타수질오염원관리","","","","","0","","0","1388142774",
"87","수질오염원설치시설(기타)","09_30_12_P","3160000","316000025202100050","2021-06-22","","01","영업/정상","11","영업","","","","","02-2635-0084","","","서울특별시 구로구 신도림동 400-1","서울특별시 구로구 신도림로 7, 103호 (신도림동)","08206","안경박사 오금교점","2026-01-06 15:38:11","U","2026-01-09 02:40:00","","189067.276002245","444891.605594405","기타수질오염원관리","","","","","0","","0","1131082030",
"88","수질오염원설치시설(기타)","09_30_12_P","5390000","539000025200500004","2005-04-02","","01","영업/정상","11","영업","","","","","055-572-2996","","","","경상남도 의령군 의령읍 의병로 235-1","636-805","제일의원","2026-01-06 09:45:48","U","2026-01-09 02:40:00","","314727.463614413","203042.043186359","기타수질오염원관리","","","","","0","","0","6089607853",
"89","수질오염원설치시설(기타)","09_30_12_P","5690000","569000025202100037","2021-07-09","","01","영업/정상","11","영업","","","","","044-868-5060","","","세종특별자치시 아름동 1360 해피라움3","세종특별자치시 보듬3로 95, 해피라움3 203호 (아름동)","30100","으뜸50안경","2026-01-06 16:17:28","U","2026-01-09 02:40:00","","222241.160566293","334510.301048981","기타수질오염원관리","","","","","0","","0","7432401077",
"90","수질오염원설치시설(기타)","09_30_12_P","5690000","569000025199900030","1999-05-27","","01","영업/정상","11","영업","","","","","273-8272","","","세종특별자치시 부강면 부강리 776-3","세종특별자치시 부강면 구들기길 17","","세종모터스","2026-01-07 18:10:36","U","2026-01-09 02:40:00","","232974.120053255","335438.228519207","기타수질오염원관리","","","","","0","","0","3170329473",
"91","수질오염원설치시설(기타)","09_30_12_P","4090000","409000025201900004","2019-07-29","","01","영업/정상","11","영업","","","","","","","","경기도 김포시 양촌읍 흥신리 259-4","경기도 김포시 양촌읍 흥신로 220 (흥신리 259-4)","10034","트리플모터스서비스(주)","2026-01-06 16:14:18","U","2026-01-09 02:40:00","자동차 종합 수리업","165864.673665384","463865.922402587","기타수질오염원관리","자동차 종합 수리업","","","","0","","0","3318703921",
"92","수질오염원설치시설(기타)","09_30_12_P","6310000","631000007202300003","2026-01-06","","03","폐업","02","폐업","2026-01-06","","","","","","","울산광역시 울주군 온산읍 이진리 47번지 현대미포조선온산공장","울산광역시 울주군 온산읍 산암로 487, 현대미포조선온산공장","44996","서울검사(주)[(주)현대미포조선 내]","2026-01-06 14:58:09","U","2026-01-09 02:40:00","","414196.4639775","216778.970580191","기타수질오염원관리","","","","","0","","0","2138179460",
"93","수질오염원설치시설(기타)","09_30_12_P","6310000","631000007202100002","2026-01-06","","03","폐업","02","폐업","2026-01-06","","","","","","","울산광역시 울주군 온산읍 원산리 1234번지 (주)한텍","울산광역시 울주군 온산읍 연자로 51, (주)한텍","45011","서울검사(주)-한텍현장","2026-01-06 14:59:35","U","2026-01-09 02:40:00","","414095.235902008","215823.756521471","기타수질오염원관리","","","","","0","","0","2138179460",
"94","수질오염원설치시설(기타)","09_30_12_P","4090000","409000025202600001","2026-01-08","","01","영업/정상","11","영업","","","","","031-989-3141","","","경기도 김포시 대곶면 송마리 957 , 945","경기도 김포시 대곶면 대명항로 438 (송마리 945, 957)","10040","(주)스마트 리싸이클링 폐차장","2026-01-08 18:47:50","I","2026-01-10 00:20:07","","162282.688479598","460981.153462568","기타수질오염원관리","","","","","0","","0","6478500844",
"95","수질오염원설치시설(기타)","09_30_12_P","5350000","535000025202600001","2026-01-08","","01","영업/정상","11","영업","","","","","","","","경상남도 김해시 진례면 담안리 1431-2","경상남도 김해시 진례면 고모로324번길 201","50875","케이피이엔지(주)","2026-01-08 16:10:35","I","2026-01-10 00:20:07","","362281.454711392","195640.528270914","기타수질오염원관리","","","","","0","","0","4388600650",
"96","수질오염원설치시설(기타)","09_30_12_P","3740000","561000025202600001","2026-01-08","","01","영업/정상","11","영업","","","","","0312168541","","","경기도 수원시 영통구 매탄동 509-4","경기도 수원시 영통구 신원로198번길 65 (매탄동)","16676","㈜스피드메이트 수원센터","2026-01-08 15:13:22","I","2026-01-10 00:20:07","","205401.1572435","417004.745689565","기타수질오염원관리","","","","","0","","0","5898701935",
"97","수질오염원설치시설(기타)","09_30_12_P","5330000","533000025202600001","2026-01-08","","01","영업/정상","11","영업","","","","","","","","경상남도 통영시 용남면 원평리 321","경상남도 통영시 용남면 원평길 544-17","650-830","해소수산(굴박신장)","2026-01-08 16:25:12","I","2026-01-10 00:20:07","","333031.873550665","157011.322913947","기타수질오염원관리","","","","","0","","0","6129280836",
"98","수질오염원설치시설(기타)","09_30_12_P","5670000","567015625202100039","2021-07-02","","01","영업/정상","11","영업","","","","","055-241-9611","","","경상남도 창원시 마산합포구 교방동 511","경상남도 창원시 마산합포구 교방시장2길 21 (교방동)","51270","으뜸스타안경","2026-01-08 14:49:24","U","2026-01-10 02:40:00","","342178.287052361","191947.690451564","기타수질오염원관리","","","","","0","","0","6081933141",
"99","수질오염원설치시설(기타)","09_30_12_P","3820000","382000025200700016","2007-08-24","","04","취소/말소/만료/정지/중지","4","폐쇄","2026-01-07","","","","0318751559","","","경기도 의정부시 호원동 454 105호","경기도 의정부시 평화로 239, 1층 105호 (호원동)","11711","달빛동물병원","2026-01-08 09:36:56","U","2026-01-10 02:40:00","","204078.757685159","467864.625948019","기타수질오염원관리","","","","","0","","0","1274395037",
"100","수질오염원설치시설(기타)","09_30_12_P","3820000","382000025202100037","2021-05-12","","01","영업/정상","11","영업","","","","","031-877-9990","","","경기도 의정부시 호원동 458-11 보광그랑베르 101호","경기도 의정부시 평화로 206, 1층 101호 (호원동, 보광그랑베르)","11712","안경박사","2026-01-08 09:35:54","U","2026-01-10 02:40:00","","204174.449397452","467535.261684457","기타수질오염원관리","","","","","0","","0","1271196694",
"101","수질오염원설치시설(기타)","09_30_12_P","3000000","300000025200800052","2008-09-11","","01","영업/정상","11","영업","","","","","02-3672-3034","","","서울특별시 종로구 묘동 39-1","서울특별시 종로구 돈화문로8길 6, 지하1층 (묘동)","03138","엘카","2026-01-08 16:55:00","U","2026-01-10 02:40:00","","199248.090302537","452144.242776903","기타수질오염원관리","","","","","0","","0","1010836035",
"102","수질오염원설치시설(기타)","09_30_12_P","3540000","354000025201400002","2014-05-27","","04","취소/말소/만료/정지/중지","4","폐쇄","2026-01-07","","","","","","","인천광역시 부평구 청천동 391-18","인천광역시 부평구 부평북로 116 (청천동)","21310","만도자동차공업사","2026-01-08 12:54:40","U","2026-01-10 02:40:00","","173919.32423391","446695.348077765","기타수질오염원관리","","","","","0","","0","1225305505",
"103","수질오염원설치시설(기타)","09_30_12_P","4830000","483000025199100003","1991-11-13","","01","영업/정상","11","영업","","","","","","","","전라남도 나주시 남평읍 오계리 115-1 166, 113-1, 113-3, 113-8, 113-11","전라남도 나주시 남평읍 지석로 623-50","58232","오계리양어장","2026-01-08 14:00:43","U","2026-01-10 02:40:00","","187931.375372446","167601.995015608","기타수질오염원관리","","","","","0","","0","6024561027",
"104","수질오염원설치시설(기타)","09_30_12_P","5390000","539000025200900001","2009-10-01","","01","영업/정상","11","영업","","","","","0555726200","","","경상남도 의령군 가례면 운암리 828-4","경상남도 의령군 가례면 홍의로 188","636-821","부림영농조합법인","2026-01-08 17:38:02","U","2026-01-10 02:40:00","","311107.598918066","204371.369675924","기타수질오염원관리","","","","","0","","0","6088176905",
"105","수질오염원설치시설(기타)","09_30_12_P","3000000","300000025200900018","2009-07-21","","01","영업/정상","11","영업","","","","","36731385","","","서울특별시 종로구 원남동 273 세용빌딩 3층","서울특별시 종로구 동순라길 78-7 (원남동,세용빌딩 3층)","","좋은느낌","2026-01-08 15:53:32","U","2026-01-10 02:40:00","","199644.355306745","452445.037370467","기타수질오염원관리","","","","","0","","0","1010920092",
"106","수질오염원설치시설(기타)","09_30_12_P","3100000","310000025200300008","2003-07-22","","04","취소/말소/만료/정지/중지","4","폐쇄","2026-01-08","","","","","","","서울특별시 노원구 월계동 402-53","서울특별시 노원구 광운로 37-1 (월계동)","139-845","광운사진실","2026-01-08 18:20:35","U","2026-01-10 02:40:00","","205118.814376429","457618.340816931","기타수질오염원관리","","","","","0","","0","2170822705",
"107","수질오염원설치시설(기타)","09_30_12_P","4950000","495000025202500002","2025-07-08","","01","영업/정상","11","영업","","","","","","","","전라남도 무안군 삼향읍 임성리 1139-13","전라남도 무안군 삼향읍 임성로 155","58565","유한회사 남악현대서비스","2026-01-08 18:01:56","U","2026-01-10 02:40:00","","149041.250536475","147266.686927604","기타수질오염원관리","","","","","0","","0","3938603276",
"108","수질오염원설치시설(기타)","09_30_12_P","3470000","347000025202600001","2026-01-09","","01","영업/정상","11","영업","","","","","0532011031","","","대구광역시 달서구 이곡동 1196-7","대구광역시 달서구 계대동문로 110, 1층 (이곡동)","42612","아이젠트리 성서점","2026-01-09 17:45:08","I","2026-01-11 00:20:02","","335818.38717264","262683.981158618","기타수질오염원관리","","","","","0","","0","2524101485",
"109","수질오염원설치시설(기타)","09_30_12_P","5670000","567012325200400011","2004-01-28","","01","영업/정상","11","영업","","","","","282-8888","","","경상남도 창원시 의창구 팔용동 8-29","경상남도 창원시 의창구 차상로8번길 64 (팔용동)","641-846","(주)대한정비","2026-01-09 17:39:55","U","2026-01-11 02:40:00","","349234.71824868","193501.238798293","기타수질오염원관리","","","","","0","","0","6098600719",
"110","수질오염원설치시설(기타)","09_30_12_P","3250000","325000025202100027","2021-06-21","","01","영업/정상","11","영업","","","","","051-247-4300","","","부산광역시 중구 창선동2가 46-5","부산광역시 중구 광복로 32-2 (창선동2가)","48953","갤러리안경","2026-01-09 09:02:56","U","2026-01-11 02:40:00","","384905.546417818","179673.030990912","기타수질오염원관리","","","","","0","","0","3500402575",
"111","수질오염원설치시설(기타)","09_30_12_P","5670000","567015625200300086","2003-12-18","","01","영업/정상","11","영업","","","","","055  2716121","","631-822","경상남도 창원시 마산합포구 진북면 망곡리 575","경상남도 창원시 마산합포구 진북면 망곡길 2","","형제중기","2026-01-09 17:44:47","U","2026-01-11 02:40:00","","334961.400257616","183840.654117251","기타수질오염원관리","","","","","0","","0","6080726220",
"112","수질오염원설치시설(기타)","09_30_12_P","3690000","369000025202100004","2021-03-26","","01","영업/정상","11","영업","","","","","294-7613","","","울산광역시 중구 남외동 213-1","울산광역시 중구 번영로 583 (남외동)","44493","다비치안경(병영사거리점)","2026-01-09 17:57:23","U","2026-01-11 02:40:00","","412578.805915651","232494.143017223","기타수질오염원관리","","","","","0","","0","6201256558",
"113","수질오염원설치시설(기타)","09_30_12_P","3690000","369000025202100029","2021-06-15","","01","영업/정상","11","영업","","","","","052-969-9059","","","울산광역시 중구 우정동 284-3 삼우아파트","울산광역시 중구 명륜로 40 (우정동, 삼우아파트)","44534","천리안안경원","2026-01-09 17:58:36","U","2026-01-11 02:40:00","","409365.111678265","230894.809737145","기타수질오염원관리","","","","","0","","0","6101739367",
"114","수질오염원설치시설(기타)","09_30_12_P","3290000","329000025201900002","2019-07-05","","01","영업/정상","11","영업","","","","","051-792-1810","","","부산광역시 부산진구 부암동 257 롯데키즈마트","부산광역시 부산진구 신천대로 241, 롯데키즈마트 6층 (부암동)","47187","(주)동성모터스 부산 롯데 패스트레인","2026-01-09 17:03:44","U","2026-01-11 02:40:00","","386646.262710145","186822.941472238","기타수질오염원관리","","","","","0","","0","",
"115","수질오염원설치시설(기타)","09_30_12_P","3350000","335000025202100012","2021-06-01","","01","영업/정상","11","영업","","","","","0515160098","","","부산광역시 금정구 부곡동 224-71","부산광역시 금정구 중앙대로1719번길 56 (부곡동)","46276","미소애안경원","2026-01-09 16:12:47","U","2026-01-11 02:40:00","","390099.538415933","195180.036468504","기타수질오염원관리","","","","","0","","0","6212153328",
"116","수질오염원설치시설(기타)","09_30_12_P","4040000","404000025202500003","2025-04-09","","03","폐업","2","폐업","2025-12-10","","","","","","","경기도 하남시 광암동 401-1","경기도 하남시 초광산단동로 6, 3층 (광암동)","12989","투비티","2026-01-09 17:40:08","U","2026-01-11 02:40:00","","215193.296037514","447354.17966373","기타수질오염원관리","","","","","0","","0","3684501207",
"117","수질오염원설치시설(기타)","09_30_12_P","6280000","628000007200900010","2026-01-09","","01","영업/정상","01","영업","","","","","0328996032","","","인천광역시 연수구 송도동 7-45 가천대학교이길여암당뇨연구원","인천광역시 연수구 갯벌로 155, 가천대학교이길여암당뇨연구원 (송도동)","21999","가천대학교","2026-01-09 14:47:06","U","2026-01-11 02:40:00","","169097.075081823","431405.923206114","기타수질오염원관리","","","","","0","","0","1298206320",
"118","수질오염원설치시설(기타)","09_30_12_P","5020000","503000025202600001","2026-01-12","","01","영업/정상","11","영업","","","","","054-277-5846","","","경상북도 포항시 남구 대도동 124-2","경상북도 포항시 남구 포스코대로 396, 1층 (대도동)","37822","서울검사(주)","2026-01-12 18:11:34","I","2026-01-14 00:20:02","","413196.478445382","281959.244796691","기타수질오염원관리","","","","","0","","0","2138179460",
"119","수질오염원설치시설(기타)","09_30_12_P","4191000","419100025200600022","2006-12-27","","01","영업/정상","11","영업","","","","","7448844","","220-120","강원특별자치도 원주시 태장동 700-11","강원특별자치도 원주시 치악로 1983 (태장동)","","원주자동차정비공업사","2026-01-12 17:12:05","U","2026-01-14 02:40:00","","284701.553123912","428857.675020841","기타수질오염원관리","","","","","0","","0","2240157047",
"120","수질오염원설치시설(기타)","09_30_12_P","5220000","522000025202200001","2022-02-28","","01","영업/정상","11","영업","","","","","","","","경상북도 칠곡군 왜관읍 금산리 596-5","경상북도 칠곡군 왜관읍 공단로 60","39910","왜관공단폐차장","2026-01-12 19:13:56","U","2026-01-14 02:40:00","","326684.369098387","274313.863255775","기타수질오염원관리","","","","","0","","0","2206000777",
"121","수질오염원설치시설(기타)","09_30_12_P","3860000","386000025202100018","2021-05-13","","01","영업/정상","11","영업","","","","","032-328-5536","","","경기도 부천시 원미구 상동 534-1 승재 프라자","경기도 부천시 원미구 상동로 113, 승재 프라자 112,113호 (상동)","14543","쿨안경원","2026-01-12 09:12:02","U","2026-01-14 02:40:00","","178093.381762203","445057.141825636","기타수질오염원관리","","","","","0","","0","8721300889",
"122","수질오염원설치시설(기타)","09_30_12_P","3620000","362000025202100055","2021-06-02","","01","영업/정상","11","영업","","","","","0625760048","","","광주광역시 북구 양산동 660-103","광주광역시 북구 양일로 71 (양산동)","61083","오렌즈광주연제점,안경매니져","2026-01-12 17:03:52","U","2026-01-14 02:40:00","","188330.595168966","188767.177267104","기타수질오염원관리","","","","","0","","0","2871001696",
"123","수질오염원설치시설(기타)","09_30_12_P","3620000","362000025202100100","2021-07-02","","01","영업/정상","11","영업","","","","","0624560901","","","광주광역시 북구 두암동 985-4","광주광역시 북구 갈마로 45 (두암동)","61161","더글라스","2026-01-12 17:02:50","U","2026-01-14 02:40:00","","194049.844402867","184766.460192847","기타수질오염원관리","","","","","0","","0","7030603656",
"124","수질오염원설치시설(기타)","09_30_12_P","5050000","505000025199800025","1998-03-21","","01","영업/정상","11","영업","","","","","7400500","","","경상북도 경주시 양남면 신대리 산 140-1","경상북도 경주시 양남면 동남로 982","780-843","코오롱글로벌(주)미오나오션리조트","2026-01-12 22:50:04","U","2026-01-14 02:40:00","","414744.484239883","245720.536009802","기타수질오염원관리","","","","","0","","0","5058145966",
"125","수질오염원설치시설(기타)","09_30_12_P","5080000","508000025202100034","2021-06-21","","01","영업/정상","11","영업","","","","","054-458-6572","","","경상북도 구미시 원평동 360-6","경상북도 구미시 구미중앙로 124 (원평동)","39226","다비치안경 구미점","2026-01-12 16:33:53","U","2026-01-14 02:40:00","","320168.545518629","292635.887527667","기타수질오염원관리","","","","","0","","0","5130620334",
"126","수질오염원설치시설(기타)","09_30_12_P","3030000","303000025199500040","1995-12-25","","04","취소/말소/만료/정지/중지","4","폐쇄","2026-01-09","","","","024646464","","","서울특별시 성동구 성수동2가 277-69 현대자동차","서울특별시 성동구 아차산로 171, 현대자동차 (성수동2가)","04798","월드자동차 주식회사","2026-01-12 14:50:51","U","2026-01-14 02:40:00","","205501.266529383","448959.403753797","기타수질오염원관리","","","","","0","","0","2068153967",
"127","수질오염원설치시설(기타)","09_30_12_P","4530000","453000025202500003","2025-09-04","","01","영업/정상","11","영업","","","","","","","","충청남도 서산시 고북면 신상리 191-10","충청남도 서산시 고북면 내포로 2316-2","32026","동현모터스","2026-01-12 15:25:40","U","2026-01-14 02:40:00","","","","기타수질오염원관리","","","","","0","","0","2502102345",
"128","수질오염원설치시설(기타)","09_30_12_P","5020000","503000025202600002","2026-01-13","","01","영업/정상","11","영업","","","","","","","","경상북도 포항시 남구 오천읍 문덕리 1345-4 (주)범스틸","경상북도 포항시 남구 오천읍 철강산단로130번길 187-6 (주)범스틸","37876","국제비파괴검사(주)","2026-01-13 17:52:53","I","2026-01-15 00:20:35","","415644.150713244","275780.601794345","기타수질오염원관리","","","","","0","","0","6038119762",
"129","수질오염원설치시설(기타)","09_30_12_P","5530000","553000025202600001","2026-01-13","","01","영업/정상","11","영업","","","","","031-377-5145","","","경기도 화성시 목동 487-2","경기도 화성시 동탄순환대로 400, 110호 (목동)","18484","라운즈 동탄목동점","2026-01-13 13:26:26","I","2026-01-15 00:20:35","","","","기타수질오염원관리","","","","","0","","0","1616100591",
"130","수질오염원설치시설(기타)","09_30_12_P","6310000","631000007201600009","2026-01-13","","01","영업/정상","01","영업","","","","","","","","","울산광역시 남구 여천로217번길 19 (여천동)","44714","(주)서울검사-롯데정밀화학(주)현장","2026-01-13 20:47:59","U","2026-01-15 02:40:00","","414304.678428711","228255.680721336","기타수질오염원관리","","","","","0","","0","2138179460",
"131","수질오염원설치시설(기타)","09_30_12_P","4191000","419100025202100056","2021-06-23","","01","영업/정상","11","영업","","","","","0337636831","","","강원특별자치도 원주시 단계동 881-4","강원특별자치도 원주시 서원대로 166, 1층 (단계동)","26382","안경박사원주점","2026-01-13 09:53:23","U","2026-01-15 02:40:00","","282330.440656333","427288.282286139","기타수질오염원관리","","","","","0","","0","8853500043",
"132","수질오염원설치시설(기타)","09_30_12_P","4030000","403000025202400003","2024-06-13","","01","영업/정상","11","영업","","","","","031-426-1230","","","경기도 의왕시 청계동 991 세종메디칼프라자","경기도 의왕시 안양판교로 211, 세종메디칼프라자 1층 110호 (청계동)","16009","디어안경","2026-01-13 16:31:27","U","2026-01-15 02:40:00","","199456.965788077","431970.042282206","기타수질오염원관리","","","","","0","","0","1720602552",
"133","수질오염원설치시설(기타)","09_30_12_P","4030000","403000025200400005","2004-11-05","","01","영업/정상","11","영업","","","","","031-452-3314","","","경기도 의왕시 오전동 128","경기도 의왕시 고래들길 39 (오전동)","437-819","이카검사정비(주)","2026-01-13 15:41:11","U","2026-01-15 02:40:00","","196554.41634421","428443.914436554","기타수질오염원관리","","","","","0","","0","7288703014",
"134","수질오염원설치시설(기타)","09_30_12_P","4030000","403000025200500001","2005-02-02","","04","취소/말소/만료/정지/중지","4","폐쇄","2021-12-16","","","","031 4612326","","437-813","경기도 의왕시 삼동 166-23","경기도 의왕시 부곡시장길 17 (삼동)","437-040","진스튜디오","2026-01-13 15:19:58","U","2026-01-15 02:40:00","","195583.615002915","424177.010050151","기타수질오염원관리","","","","","0","","0","",
"135","수질오염원설치시설(기타)","09_30_12_P","4030000","403000025201000004","2010-05-04","","04","취소/말소/만료/정지/중지","4","폐쇄","2023-12-15","","","","0314244782","","","경기도 의왕시 내손동 757-4 반도프라자","경기도 의왕시 계원대학로 7 (내손동, 3층)","437-834","포토피아","2026-01-13 15:46:29","U","2026-01-15 02:40:00","","197786.609233422","430773.049025715","기타수질오염원관리","","","","","0","","0","1380922336",
"136","수질오염원설치시설(기타)","09_30_12_P","4030000","403000025199300008","1993-01-19","","01","영업/정상","11","영업","","","","","031-429-9333","","","경기도 의왕시 오전동 260-5","","","한국지엠의왕서비스센터(주)","2026-01-13 15:27:51","U","2026-01-15 02:40:00","","","","기타수질오염원관리","","","","","0","","0","1108145749",
"137","수질오염원설치시설(기타)","09_30_12_P","4030000","403000025202100022","2021-07-14","","03","폐업","2","폐업","2021-10-20","","","","031-421-9071","","","경기도 의왕시 포일동 661-2 포레스타타워","경기도 의왕시 안양판교로 103, 포레스타타워 101-2호 (포일동)","16001","007안경","2026-01-13 15:08:55","U","2026-01-15 02:40:00","","198647.661694441","432578.432930656","기타수질오염원관리","","","","","0","","0","1600302257",
"138","수질오염원설치시설(기타)","09_30_12_P","4030000","403000025201200005","2012-11-30","","04","취소/말소/만료/정지/중지","4","폐쇄","2023-11-01","","","","031-422-1991","","","경기도 의왕시 포일동 661","경기도 의왕시 안양판교로 99 (포일동)","437-120","서울와이즈병원","2026-01-13 15:44:01","U","2026-01-15 02:40:00","","198614.363535525","432611.323480268","기타수질오염원관리","","","","","0","","0","1389121443",
"139","수질오염원설치시설(기타)","09_30_12_P","3450000","345000025200300184","1995-02-02","","01","영업/정상","11","영업","","","","","053-352-7420","","","대구광역시 북구 노원동3가 231","대구광역시 북구 노원로1길 76 (노원동3가)","","극동1급정비공장","2026-01-13 08:55:03","U","2026-01-15 02:40:00","","341455.429096385","267197.482724484","기타수질오염원관리","","","","","0","","0","2723401652",
"140","수질오염원설치시설(기타)","09_30_12_P","3620000","362000025198700007","2006-09-12","","01","영업/정상","11","영업","","","","","062-515-1020","","","광주광역시 북구 신안동 475-5","광주광역시 북구 서암대로143번길 20 (신안동)","","(주)뉴이한모터스","2026-01-13 15:04:58","U","2026-01-15 02:40:00","","190877.379853233","185746.168129146","기타수질오염원관리","","","","","0","","0","5568100439",
"141","수질오염원설치시설(기타)","09_30_12_P","3090000","309000025201700001","2017-09-20","","01","영업/정상","11","영업","","","","","029007411","","","서울특별시 도봉구 창동 746-23","서울특별시 도봉구 도봉로140길 9 (창동)","01397","(주)위너스 모터스","2026-01-13 16:12:24","U","2026-01-15 02:40:00","","203709.203667825","462087.033240428","기타수질오염원관리","","","","","0","","0","1818803570",
"142","수질오염원설치시설(기타)","09_30_12_P","5710000","573000025199500009","1995-11-15","","01","영업/정상","11","영업","","","","","043-230-7324","","363-890","충청북도 청주시 흥덕구 강내면 황탄리 258-0","충청북도 청주시 흥덕구 강내면 태성1길 64","","깨끗한나라(주)","2026-01-13 09:02:54","U","2026-01-15 02:40:00","지정외 폐기물 처리업","230528.369910943","343692.129941232","기타수질오염원관리","지정외 폐기물 처리업","","","","0","","0","2018112618",
"143","수질오염원설치시설(기타)","09_30_12_P","4030000","403000025200300029","2003-10-28","","04","취소/말소/만료/정지/중지","4","폐쇄","2023-11-01","","","","03104293792","","","경기도 의왕시 고천동 280-4","경기도 의왕시 사그내길 5 (고천동)","437-801","원칼라현상소","2026-01-13 15:44:35","U","2026-01-15 02:40:00","","197704.562396374","427332.863310765","기타수질오염원관리","","","","","0","","0","1381211367",
"144","수질오염원설치시설(기타)","09_30_12_P","3130000","313000025200200008","2002-05-19","","03","폐업","2","폐업","2026-01-13","","","","02  704 3065","","","서울특별시 마포구 구수동 68-25","서울특별시 마포구 창전로 30 (구수동)","121-130","문형사","2026-01-13 16:07:13","U","2026-01-15 02:40:00","","193900.482380228","449201.850527823","기타수질오염원관리","","","","","0","","0","1051971874",
"145","수질오염원설치시설(기타)","09_30_12_P","3910000","391000025201200005","2012-04-30","","01","영업/정상","11","영업","","","","","","","","","경기도 평택시 청북면 고잔길 160-160","451-832","청북종합모터스","2026-01-13 17:45:24","U","2026-01-15 02:40:00","","","","기타수질오염원관리","","","","","0","","0","",
"146","수질오염원설치시설(기타)","09_30_12_P","4030000","403000025202400002","2024-03-27","","01","영업/정상","11","영업","","","","","031-689-3378","","","경기도 의왕시 포일동 662-2 포일프라자 104호","경기도 의왕시 봇들로 40, 포일프라자 1층 104호 (포일동)","16004","밝고 맑은 안경원","2026-01-13 16:33:25","U","2026-01-15 02:40:00","","198626.555262447","432700.719500674","기타수질오염원관리","","","","","0","","0","4840500635",
"147","수질오염원설치시설(기타)","09_30_12_P","4030000","403000025202400001","2024-03-06","","01","영업/정상","11","영업","","","","","031-342-0999","","","경기도 의왕시 오전동 898 의왕 더샵 캐슬 B동 103호","경기도 의왕시 어내들로 5, B동 1층 103호 (오전동, 의왕 더샵 캐슬)","16046","수안경원","2026-01-13 16:33:30","U","2026-01-15 02:40:00","","196756.890595833","428729.574681733","기타수질오염원관리","","","","","0","","0","2190492096",
"148","수질오염원설치시설(기타)","09_30_12_P","3090000","309000025202600001","2026-01-14","","01","영업/정상","11","영업","","","","","0269490430","","","서울특별시 도봉구 창동 1-10 농협창동유통센타","서울특별시 도봉구 마들로11길 20, 농협창동유통센타 1층 (창동)","01413","눈사랑안경 창동점","2026-01-14 21:02:38","I","2026-01-16 00:20:02","","204413.616574592","461378.588676784","기타수질오염원관리","","","","","0","","0","2710803380",
"149","수질오염원설치시설(기타)","09_30_12_P","3150000","315000025202400004","2024-10-02","","01","영업/정상","11","영업","","","","","02-6925-0393","","","서울특별시 강서구 등촌동 637-12","서울특별시 강서구 양천로60길 43 (등촌동)","07550","주식회사 프리마모터스","2026-01-14 16:44:16","U","2026-01-16 02:40:00","","187424.962852459","450507.963544934","기타수질오염원관리","","","","","0","","0","1098629730",
"150","수질오염원설치시설(기타)","09_30_12_P","6310000","631000007201400012","2026-01-14","","01","영업/정상","01","영업","","","","","0522742036","","","울산광역시 울주군 온산읍 화산리 1292번지 디케이엠이(주)울산3공장현장","울산광역시 울주군 온산읍 산성길 159, 디케이엠이(주)울산3공장현장","44999","서울검사(주)-[디케이엠이(주)울산3공장 현장]","2026-01-14 17:00:45","U","2026-01-16 02:40:00","","411318.778057192","216553.928102385","기타수질오염원관리","","","","","0","","0","2138179460",
"151","수질오염원설치시설(기타)","09_30_12_P","3930000","393000025199500002","1995-01-24","","01","영업/정상","11","영업","","","","","0314094433","","","경기도 안산시 상록구 본오동 730-5","경기도 안산시 상록구 오목로 171 (본오동)","426-808","동안산서비스기아오토큐(주)","2026-01-14 13:24:25","U","2026-01-16 02:40:00","","189005.555073438","421101.235881187","기타수질오염원관리","","","","","0","","0","1348683803",
"152","수질오염원설치시설(기타)","09_30_12_P","4610000","461000025201100003","2011-11-15","","01","영업/정상","11","영업","","","","","","","","충청남도 예산군 예산읍 석양리 44-1 외1필지","충청남도 예산군 예산읍 충서로 1122-7 (외1필지)","","북예산서비스 기아오토큐","2026-01-14 15:55:15","U","2026-01-16 02:40:00","","184909.802941168","356266.624955254","기타수질오염원관리","","","","","0","","0","3110255224",
"153","수질오염원설치시설(기타)","09_30_12_P","4390000","439000025200300174","2003-08-28","","04","취소/말소/만료/정지/중지","4","폐쇄","2026-01-13","","","","","","","충청북도 충주시 용산동 23","","","하나로인쇄","2026-01-14 13:09:21","U","2026-01-16 02:40:00","","283083.88129637","385571.077124159","기타수질오염원관리","","","","","0","","0","",
"154","수질오염원설치시설(기타)","09_30_12_P","3220000","322000025202000001","2020-06-15","","04","취소/말소/만료/정지/중지","4","폐쇄","2025-07-13","","","","","","","서울특별시 강남구 신사동 544-16 파샤빌딩","서울특별시 강남구 도산대로15길 32, 파샤빌딩 (신사동)","06033","주식회사 45사십오","2026-01-14 10:58:27","U","2026-01-16 02:40:00","","202029.638816172","446457.859984304","기타수질오염원관리","","","","","0","","0","4728603230",
"155","수질오염원설치시설(기타)","09_30_12_P","3940000","394000025202000011","2020-12-07","","01","영업/정상","11","영업","","","","","0319220117","","","경기도 고양시 일산동구 풍동 713","경기도 고양시 일산동구 무궁화로 335 (풍동)","10311","주식회사 프리마모터스","2026-01-14 16:18:49","U","2026-01-16 02:40:00","","181959.335062123","463844.298571575","기타수질오염원관리","","","","","0","","0","1098629730",
"156","수질오염원설치시설(기타)","09_30_12_P","5080000","508000025200900006","2009-10-27","","01","영업/정상","11","영업","","","","","","","","경상북도 구미시 도량동 447-5","경상북도 구미시 송선로15길 27 (도량동)","730-908","정수종합정비","2026-01-14 13:29:16","U","2026-01-16 02:40:00","","318767.377843882","293759.79847051","기타수질오염원관리","","","도장된 차량","","0","","0","",
"157","수질오염원설치시설(기타)","09_30_12_P","3680000","368000025202500004","2025-09-10","","01","영업/정상","11","영업","","","","","","","","대전광역시 대덕구 신탄진동 211-5 영일","대전광역시 대덕구 신탄진로756번길 110, 영일 (신탄진동)","34314","(주)대운모터스1급정비센터","2026-01-14 16:48:05","U","2026-01-16 02:40:00","","","","기타수질오염원관리","","","","","0","","0","2848703611",
"158","수질오염원설치시설(기타)","09_30_12_P","5530000","553000025202500006","2025-04-11","","01","영업/정상","11","영업","","","","","031-220-7571","","","경기도 화성시 서신면 궁평리 712-2","경기도 화성시 서신면 궁평항로 1178-84","18556","경기수협 양식사업팀","2026-01-14 13:33:29","U","2026-01-16 02:40:00","","173539.418355242","402170.308820679","기타수질오염원관리","","","","","0","","0","1248200807",
"159","수질오염원설치시설(기타)","09_30_12_P","3220000","322000025202600001","2026-01-15","","01","영업/정상","11","영업","","","","","","","","서울특별시 강남구 율현동 106-3 외 4필지(102-6, 103-7, 106-1, 106-17)","서울특별시 강남구 헌릉로745길 51-8, 외 4필지(102-6, 103-7, 106-1, 106-17) (율현동)","06378","강남공업사","2026-01-15 10:36:09","I","2026-01-17 00:20:02","","210368.282308613","440982.962433934","기타수질오염원관리","","","","","0","","0","3646500709",
"160","수질오염원설치시설(기타)","09_30_12_P","5250000","525000025202600001","2026-01-15","","01","영업/정상","11","영업","","","","","0547896793","","","경상북도 울진군 울진읍 읍내리 464","경상북도 울진군 울진읍 울진중앙로 121","36323","울진군청(농정과)","2026-01-15 18:24:13","I","2026-01-17 00:20:02","","413652.211660271","390632.20841586","기타수질오염원관리","","","","","0","","0","5078302079",
"161","수질오염원설치시설(기타)","09_30_12_P","5530000","553000025202600002","2026-01-15","","01","영업/정상","11","영업","","","","","031-8043-0216","","","경기도 화성시 장지동 971-4","경기도 화성시 동탄대로4길 47, 108호 (장지동)","18506","동탄 아워글라스 안경","2026-01-15 10:16:36","I","2026-01-17 00:20:02","","209799.685595493","406673.352499785","기타수질오염원관리","","","","","0","","0","2352701280",
"162","수질오염원설치시설(기타)","09_30_12_P","4580000","458000025202100001","2021-01-14","","01","영업/정상","11","영업","","","","","","","","충청남도 서천군 마서면 죽산리 546-2 , 564-4, 564-5, 565-3, 565-5, 565-7, 626","","","우리수산","2026-01-15 09:29:07","U","2026-01-17 02:40:00","","167571.57683525","284409.728140831","기타수질오염원관리","","","새우류","","0","","0","3139064217",
"163","수질오염원설치시설(기타)","09_30_12_P","5670000","567012325202100040","2021-06-18","","01","영업/정상","11","영업","","","","","0552771947","","","경상남도 창원시 의창구 도계동 396-18 도원빌딩","경상남도 창원시 의창구 도계로 81, 도원빌딩 1층 (도계동)","51162","시원안경 렌즈타운 창원도계점","2026-01-15 14:36:36","U","2026-01-17 02:40:00","","349119.438665872","196601.067669115","기타수질오염원관리","","","","","0","","0","6042752312",
"164","수질오염원설치시설(기타)","09_30_12_P","3740000","377000025199400001","1994-05-13","","04","취소/말소/만료/정지/중지","4","폐쇄","2026-01-15","","","","031-247-9885","","","경기도 수원시 팔달구 신풍동 230","경기도 수원시 팔달구 정조로 843 (신풍동)","","행복사진관","2026-01-15 13:12:12","U","2026-01-17 02:40:00","","201357.185768191","420153.211855847","기타수질오염원관리","","","","","0","","0","1350514071",
"165","수질오염원설치시설(기타)","09_30_12_P","3290000","329000025202100073","2021-09-01","","01","영업/정상","11","영업","","","","","051-818-8111","","","부산광역시 부산진구 부전동 241-4","부산광역시 부산진구 중앙대로 687-1, 1층 (부전동)","47289","아이젠트리 서면점","2026-01-15 15:43:34","U","2026-01-17 02:40:00","","387523.955581263","185827.701295594","기타수질오염원관리","","","","","0","","0","8081801714",
"166","수질오염원설치시설(기타)","09_30_12_P","3720000","372000025201800001","2018-02-02","","01","영업/정상","11","영업","","","","","052-239-2000","","","울산광역시 북구 진장동 112-2","울산광역시 북구 진장유통1로 63-8 (진장동)","44249","현대건설장비판매(주)","2026-01-15 16:02:15","U","2026-01-17 02:40:00","","","","기타수질오염원관리","","","","","0","","0","8488100148",
"167","수질오염원설치시설(기타)","09_30_12_P","3560000","356000025200800020","2008-11-28","","04","취소/말소/만료/정지/중지","4","폐쇄","2026-01-15","","","","5740188","","","인천광역시 서구 석남동 583-46","인천광역시 서구 가정로 201 (석남동)","","차왕기내과의원","2026-01-15 15:39:31","U","2026-01-17 02:40:00","","170913.828921826","444550.477384394","기타수질오염원관리","","","","","0","","0","1379034569",
"168","수질오염원설치시설(기타)","09_30_12_P","5690000","569000025201700003","2017-11-15","","01","영업/정상","11","영업","","","","","042-538-0096","","","세종특별자치시 연동면 내판리 0 I8-1","세종특별자치시 연동면 명학산단로 110-5","30068","현대중장비(주)","2026-01-15 15:08:00","U","2026-01-17 02:40:00","","229427.556859999","338640.026829945","기타수질오염원관리","","","","","0","","0","2588700314",
"169","수질오염원설치시설(기타)","09_30_12_P","4060000","406000025200200003","2002-03-21","","01","영업/정상","11","영업","","","","","","","","경기도 파주시 아동동 270-1","경기도 파주시 면산말길 48 (아동동)","","카자인 모터스(CAZAIN MOTORS)","2026-01-15 18:05:36","U","2026-01-17 02:40:00","","180674.216237316","474122.254581645","기타수질오염원관리","","","","","0","","0","1902201212",
"170","수질오염원설치시설(기타)","09_30_12_P","4641000","466100025202100067","2021-10-28","","01","영업/정상","11","영업","","","","","0639090074","","","전북특별자치도 전주시 덕진구 송천동2가 1331-4","전북특별자치도 전주시 덕진구 세병서로 27, 104호 (송천동2가)","55149","오렌즈 전주에코시티점·안경매니져","2026-01-15 09:03:16","U","2026-01-17 02:40:00","","211230.453569328","263548.758296251","기타수질오염원관리","","","","","0","","0","3321301982",
"171","수질오염원설치시설(기타)","09_30_12_P","4641000","466100025202100034","2021-06-21","","01","영업/정상","11","영업","","","","","0632470990","","","전북특별자치도 전주시 덕진구 우아동3가 599-2","전북특별자치도 전주시 덕진구 견훤로 493 (우아동3가)","54905","다비치안경 전주호성점","2026-01-15 09:06:33","U","2026-01-17 02:40:00","","213946.062440308","261621.649491501","기타수질오염원관리","","","","","0","","0","4020818852",
"172","수질오염원설치시설(기타)","09_30_12_P","4641000","466100025202100035","2021-06-21","","01","영업/정상","11","영업","","","","","0632531357","","","전북특별자치도 전주시 덕진구 송천동2가 301-14","전북특별자치도 전주시 덕진구 동부대로 1082 (송천동2가)","55149","다비치안경 전주에코시티점","2026-01-15 09:04:22","U","2026-01-17 02:40:00","","211566.73088254","263325.175891245","기타수질오염원관리","","","","","0","","0","7820901588",
"173","수질오염원설치시설(기타)","09_30_12_P","4910000","491000025202500003","2025-06-13","","04","취소/말소/만료/정지/중지","4","폐쇄","2026-01-15","","","","","","","전라남도 장흥군 부산면 유량리 408-3","","","김옥연","2026-01-15 17:41:17","U","2026-01-17 02:40:00","","190364.318311456","137362.403199676","기타수질오염원관리","","","","","0","","0","",
"174","수질오염원설치시설(기타)","09_30_12_P","4641000","466100025202500001","2025-03-07","","01","영업/정상","11","영업","","","","","063-271-1441","","","전북특별자치도 전주시 덕진구 송천동1가 395-20","전북특별자치도 전주시 덕진구 송천중앙로 140, 101~103호 (송천동1가)","54836","다비치안경 전주송천점","2026-01-15 11:16:51","U","2026-01-17 02:40:00","","210911.954441238","262130.531166243","기타수질오염원관리","","","","","0","","0","3900703030",
