"번호","개방서비스명","개방서비스아이디","개방자치단체코드","관리번호","인허가일자","인허가취소일자","영업상태구분코드","영업상태명","상세영업상태코드","상세영업상태명","폐업일자","휴업시작일자","휴업종료일자","재개업일자","소재지전화","소재지면적","소재지우편번호","소재지전체주소","도로명전체주소","도로명우편번호","사업장명","최종수정시점","데이터갱신구분","데이터갱신일자","업태구분명","좌표정보x(epsg5174)","좌표정보y(epsg5174)","위생업태명","건물지상층수","건물지하층수","사용시작지상층","사용끝지상층","사용시작지하층","사용끝지하층","의자수","조건부허가신고사유","조건부허가시작일자","조건부허가종료일자","건물소유구분명","여성종사자수","남성종사자수","침대수","다중이용업소여부",
"1","이용업","05_19_01_P","3150000","3150000-203-2025-00011","2025-12-31","","01","영업/정상","01","영업","","","","","","34.02","157-210","서울특별시 강서구 마곡동 757 두산더랜드파크","서울특별시 강서구 마곡중앙로 161-8, 두산더랜드파크 A동 2층 212호 (마곡동)","07788","로던바버샵","2025-12-31 10:39:42","I","2026-01-03 00:20:02","일반이용업","184655.264279055","451864.298152252","일반이용업","0","0","0","0","0","0","2","","","","","0","0","0","N",
"2","이용업","05_19_01_P","4211000","4211000-203-2025-00002","2025-12-31","","01","영업/정상","01","영업","","","","","","32.09","","강원특별자치도 동해시 천곡동 986-1 현대원룸","강원특별자치도 동해시 감추4길 8, 1층 (천곡동, 현대원룸)","25777","VIP이용원","2025-12-31 13:02:20","I","2026-01-03 00:20:02","일반이용업","387357.945256583","448034.808633063","일반이용업","0","0","1","0","0","0","2","","","","임대","0","0","0","N",
"3","이용업","05_19_01_P","5370000","5370000-203-2025-00007","2025-12-31","","01","영업/정상","01","영업","","","","","","37.90","656-900","경상남도 거제시 능포동 711-1 문화빌딩","경상남도 거제시 능포로 115, 문화빌딩 105호 (능포동)","53316","평화이용원","2025-12-31 09:49:56","I","2026-01-03 00:20:02","일반이용업","358174.503926471","154194.772220418","일반이용업","0","0","0","0","0","0","0","","","","","0","0","0","N",
"4","이용업","05_19_01_P","3380000","3380000-203-2025-00005","2025-12-31","","01","영업/정상","01","영업","","","","","","30.47","613-806","부산광역시 수영구 광안동 334-10","부산광역시 수영구 수영로 513, 1층 (광안동)","48264","큐사랑 금련산역점","2025-12-31 10:02:14","I","2026-01-03 00:20:02","일반이용업","392318.938254499","185663.833543042","일반이용업","0","0","0","0","0","0","2","","","","","0","0","0","N",
"5","이용업","05_19_01_P","4201000","4201000-203-2025-00003","2025-12-31","","01","영업/정상","01","영업","","","","","","105.85","","강원특별자치도 강릉시 노암동 664-1","강원특별자치도 강릉시 남부로 147, 2층 (노암동)","25594","살롱드라라헤어맨즈","2025-12-31 09:28:10","I","2026-01-03 00:20:02","일반이용업","367112.171607605","472892.750835418","일반이용업","2","0","2","2","0","0","6","","","","","0","0","0","N",
"6","이용업","05_19_01_P","3420000","3420000-203-2009-00002","2009-04-15","","03","폐업","02","폐업","2025-12-31","","","","053 941 4956","20.00","701-817","대구광역시 동구 신암동 1298-93","대구광역시 동구 신암로14길 6-1 (신암동)","41205","협동이용소","2025-12-31 17:18:28","U","2026-01-03 02:40:00","일반이용업","345186.63662186","265323.307228255","일반이용업","0","0","0","0","0","0","2","","","","","0","0","0","N",
"7","이용업","05_19_01_P","5670000","5670156-203-1992-00007","1992-06-02","","03","폐업","02","폐업","2025-12-30","","","","055 222 6696","0.00","631-170","경상남도 창원시 마산합포구 신월동 18-33","경상남도 창원시 마산합포구 고운로 116 (신월동)","51761","경남","2025-12-31 13:42:46","U","2026-01-03 02:40:00","일반이용업","342049.092633546","189228.818887769","일반이용업","0","0","0","0","0","0","3","","","","","0","0","0","N",
"8","이용업","05_19_01_P","3380000","3380000-203-2019-00001","2019-03-12","","01","영업/정상","01","영업","","","","","","24.05","613-831","부산광역시 수영구 수영동 459-10","부산광역시 수영구 망미번영로52번길 39, 1층 (수영동)","48231","빅가이(BigGuy)","2025-12-31 10:43:11","U","2026-01-03 02:40:00","일반이용업","392209.136563234","187802.985873723","일반이용업","0","0","1","1","0","0","1","","","","","0","0","0","N",
"9","이용업","05_19_01_P","4990000","4990000-203-1977-00004","1977-10-08","","03","폐업","02","폐업","2025-12-31","","","","061 5537444","20.00","537-831","전라남도 완도군 소안면 비자리 1227-3","전라남도 완도군 소안면 비자2길 31","59165","중앙","2025-12-31 13:38:59","U","2026-01-03 02:40:00","일반이용업","167713.079725159","75208.5197130962","일반이용업","1","0","1","0","0","0","2","","","","","0","0","0","N",
"10","이용업","05_19_01_P","5080000","5080000-203-2022-00002","2022-02-03","","01","영업/정상","01","영업","","","","","","28.90","730-901","경상북도 구미시 공단동 111 금오공고 지하1층","경상북도 구미시 구미대로30길 59, 금오공고 지하1층 (공단동)","39248","금오공고구내이용소","2025-12-31 13:10:06","U","2026-01-03 02:40:00","일반이용업","323151.622319178","291832.684066021","일반이용업","0","0","0","0","0","0","2","공유재산 사용 계약기간","20220203","20260531","","0","0","0","N",
"11","이용업","05_19_01_P","3680000","3680000-203-2013-00003","2013-10-08","","01","영업/정상","01","영업","","","","","042 637 7387","17.05","306-813","대전광역시 대덕구 송촌동 460-2","대전광역시 대덕구 동춘당로94번길 11-27, 106호 (송촌동)","34401","머리염색","2025-12-31 09:16:41","U","2026-01-03 02:40:00","일반이용업","239322.112997468","318485.675068778","일반이용업","0","0","1","1","0","0","2","","","","임대","1","0","0","N",
"12","이용업","05_19_01_P","5400000","5400000-203-1977-00003","1977-10-31","","01","영업/정상","01","영업","","","","","055 5844478","6.25","637-802","경상남도 함안군 가야읍 검암리 1003-11","경상남도 함안군 가야읍 가야19길 11","52039","영광이용원","2025-12-31 14:32:26","U","2026-01-03 02:40:00","일반이용업","328619.203338057","198585.410419703","일반이용업","4","1","0","","1","","0","","","","","","","","N",
"13","이용업","05_19_01_P","3530000","3530000-203-1973-00002","1973-05-10","","03","폐업","02","폐업","2025-12-31","","","","","0.00","405-850","인천광역시 남동구 논현동 560-8 1층 상가","인천광역시 남동구 논곡로91번길 5-4 (논현동,1층 상가)","21636","논현이발관","2025-12-31 13:40:51","U","2026-01-03 02:40:00","일반이용업","174523.544807521","434654.301059696","일반이용업","1","0","1","1","0","0","3","","","","임대","0","0","0","N",
"14","이용업","05_19_01_P","5410000","5410000-203-2021-00002","2021-11-16","","03","폐업","02","폐업","2025-12-31","","","","","5.76","635-813","경상남도 창녕군 창녕읍 말흘리 404-5 목욕탕","경상남도 창녕군 창녕읍 화왕산로 157-7, 목욕탕 3층","50334","킹이용원","2025-12-31 11:42:33","U","2026-01-03 02:40:00","일반이용업","336494.626716888","226859.178171693","일반이용업","0","0","0","0","0","0","1","","","","","0","0","0","N",
"15","이용업","05_19_01_P","5670000","5670156-203-2025-00002","2025-12-01","","01","영업/정상","01","영업","","","","","","39.84","631-270","경상남도 창원시 마산합포구 현동 418","경상남도 창원시 마산합포구 현동7길 18, 1층 (현동)","51778","리화 바버샵","2025-12-31 14:08:59","U","2026-01-03 02:40:00","일반이용업","341534.435642188","184410.159714109","일반이용업","0","0","1","1","0","0","1","","","","","0","1","0","N",
"16","이용업","05_19_01_P","3180000","3180000-203-2022-00011","2022-12-13","","03","폐업","02","폐업","2025-12-31","","","","","91.00","150-096","서울특별시 영등포구 문래동6가 56-1 미주프라자아파트 202호","서울특별시 영등포구 선유로 49, 2층 202호 (문래동6가, 미주프라자아파트)","07281","버터 문래 바버샵","2025-12-31 16:04:05","U","2026-01-03 02:40:00","일반이용업","190089.042392341","446237.835338274","일반이용업","0","0","2","0","0","0","4","","","","임대","0","0","0","N",
"17","이용업","05_19_01_P","5540000","5540000-203-2004-00008","2004-12-10","","03","폐업","02","폐업","2025-12-31","","","","031 726 7117","10.00","","경기도 광주시 능평동 366-1","경기도 광주시 대명대길 18-17","12772","중앙 스파월드 사우나 이용원","2025-12-31 11:07:30","U","2026-01-03 02:40:00","일반이용업","214887.991355576","428338.515771347","일반이용업","0","0","2","2","0","0","3","","","","임대","0","1","0","N",
"18","이용업","05_19_01_P","3600000","3600000-203-2026-00001","2026-01-02","","01","영업/정상","01","영업","","","","","0623524677","118.48","502-834","광주광역시 서구 화정동 23-191 광주화정2차 골드클래스 106~107호","광주광역시 서구 내방로353번길 9, 106~107호 (화정동, 광주화정2차 골드클래스)","61938","베이코헤어,헤드스파 화정점(Baycohair head spa)","2026-01-02 11:02:03","I","2026-01-04 00:20:12","일반이용업","188879.020544395","184341.554257417","일반이용업","0","0","0","0","0","0","6","","","","자가","0","0","0","N",
"19","이용업","05_19_01_P","3700000","3700000-203-2026-00001","2026-01-02","","01","영업/정상","01","영업","","","","","","0.00","680-805","울산광역시 남구 달동 1366-12","울산광역시 남구 왕생로62번길 15-1, 2층 (달동)","44707","아이덴티티","2026-01-02 14:44:59","I","2026-01-04 00:20:12","이용업 기타","411573.562026204","229141.191735493","이용업 기타","0","0","1","1","0","0","2","","","","","0","0","2","N",
"20","이용업","05_19_01_P","5080000","5080000-203-2026-00001","2026-01-02","","01","영업/정상","01","영업","","","","","","0.00","730-908","경상북도 구미시 도량동 112 한빛타운 1층 상가A동 108호","경상북도 구미시 송동로 117, 한빛타운 상가A동 1층 108호 (도량동)","39200","삼봉이용소","2026-01-02 14:46:09","I","2026-01-04 00:20:12","일반이용업","318914.279989532","294361.342062562","일반이용업","0","0","0","0","0","0","2","","","","","0","0","0","N",
"21","이용업","05_19_01_P","5120000","5120000-203-2026-00001","2026-01-02","","01","영업/정상","01","영업","","","","","","33.00","745-883","경상북도 문경시 모전동 873-15","경상북도 문경시 매봉로 16 (모전동)","36983","청춘이용실","2026-01-02 16:38:53","I","2026-01-04 00:20:12","일반이용업","305712.258123853","343415.51923504","일반이용업","0","0","1","0","0","0","2","","","","","0","1","0","N",
"22","이용업","05_19_01_P","3200000","3200000-203-2026-00001","2026-01-02","","01","영업/정상","01","영업","","","","","","43.68","151-803","서울특별시 관악구 봉천동 1-783","서울특별시 관악구 청림5길 87, 3층 (봉천동)","08731","큐사랑 봉천고개점","2026-01-02 09:47:47","I","2026-01-04 00:20:12","일반이용업","196353.9601235","443284.530613553","일반이용업","0","0","0","0","0","0","2","","","","","0","0","0","N",
"23","이용업","05_19_01_P","3380000","3380000-203-2026-00001","2026-01-02","","01","영업/정상","01","영업","","","","","","22.40","613-814","부산광역시 수영구 남천동 22-46","부산광역시 수영구 수영로394번길 23, 1층 일부호 (남천동)","48308","드라이빌 바버샵","2026-01-02 12:07:47","I","2026-01-04 00:20:12","일반이용업","392094.995384313","184459.457881978","일반이용업","0","0","0","0","0","0","2","","","","","0","0","0","N",
"24","이용업","05_19_01_P","3680000","3680000-203-1978-00003","1978-05-31","","01","영업/정상","01","영업","","","","","042 8228926","18.00","306-825","대전광역시 대덕구 중리동 155-16","대전광역시 대덕구 중리동로 50, 1층 (중리동)","34390","뉴신광이용원","2026-01-02 15:52:38","I","2026-01-04 00:20:12","일반이용업","238447.981370934","318170.179803378","일반이용업","0","0","0","0","0","0","3","","","","","0","0","0","N",
"25","이용업","05_19_01_P","3150000","3150000-203-2026-00001","2026-01-02","","01","영업/정상","01","영업","","","","","","44.40","157-210","서울특별시 강서구 마곡동 798-6 류마타워Ⅱ","서울특별시 강서구 마곡중앙로 59-17, 류마타워Ⅱ 2층 213호 (마곡동)","07807","커넥트 바버샵","2026-01-02 15:16:09","I","2026-01-04 00:20:12","일반이용업","184448.542296683","450753.13459287","일반이용업","0","0","0","0","0","0","2","","","","","0","0","0","N",
"26","이용업","05_19_01_P","5530000","5530000-203-2026-00001","2026-01-02","","01","영업/정상","01","영업","","","","","","31.16","445-160","경기도 화성시 반송동 69-12","경기도 화성시 동탄공원로1길 8-3, 1층 일부(101호)호 (반송동)","18436","블릭맨바버샵 BLICK MAN BARBERSHOP","2026-01-02 14:26:16","I","2026-01-04 00:20:12","일반이용업","205261.032891945","411127.161003783","일반이용업","0","0","1","1","0","0","0","","","","","0","0","0","N",
"27","이용업","05_19_01_P","3450000","3450000-203-2026-00001","2026-01-02","","01","영업/정상","01","영업","","","","","","42.00","702-865","대구광역시 북구 태전동 420-5 강북 화성파크드림","대구광역시 북구 칠곡중앙대로 312, 107동 2층 203호 (태전동, 강북 화성파크드림)","41462","신나라이발소","2026-01-02 11:16:18","I","2026-01-04 00:20:12","일반이용업","339616.137944429","270352.153977546","일반이용업","0","0","2","2","0","0","1","","","","","0","0","0","N",
"28","이용업","05_19_01_P","3110000","3110000-203-2026-00001","2026-01-02","","01","영업/정상","01","영업","","","","","","66.00","122-813","서울특별시 은평구 갈현동 463-18","서울특별시 은평구 연서로21길 3, 1층 (갈현동)","03336","올뉴뷰티(올:new 뷰티)","2026-01-02 10:55:14","I","2026-01-04 00:20:12","일반이용업","192624.659056281","456885.882471005","일반이용업","0","0","0","0","0","0","4","","","","임대","0","0","0","N",
"29","이용업","05_19_01_P","3740000","3770000-203-2026-00001","2026-01-02","","01","영업/정상","01","영업","","","","","","0.00","442-853","경기도 수원시 팔달구 매산로2가 75-13","경기도 수원시 팔달구 매산로28번길 21-2, 1층 101호 (매산로2가)","16461","헤어컷트전문","2026-01-02 13:33:06","I","2026-01-04 00:20:12","일반이용업","200371.071914674","418320.475834333","일반이용업","0","0","0","0","0","0","2","","","","","0","0","0","N",
"30","이용업","05_19_01_P","5380000","5380000-203-2019-00007","2019-06-20","","01","영업/정상","01","영업","","","","","","6.60","626-848","경상남도 양산시 평산동 88-9 1층 104호","경상남도 양산시 평산8길 11, 1층 104호 (평산동)","50548","제이부띠","2026-01-02 16:40:04","U","2026-01-04 02:40:00","이용업 기타","395340.457553534","211372.588874993","이용업 기타","0","0","1","1","0","0","1","","","","","0","0","0","N",
"31","이용업","05_19_01_P","3670000","3670000-203-1978-00001","1978-05-31","","03","폐업","02","폐업","2026-01-02","","","","042 8228926","16.70","305-308","대전광역시 유성구 장대동 191-12","대전광역시 유성구 유성대로720번길 35 (장대동)","34172","신광이용원","2026-01-02 15:21:22","U","2026-01-04 02:40:00","일반이용업","229897.222166026","317458.052747689","일반이용업","0","0","0","0","0","0","3","","","","","0","0","0","N",
"32","이용업","05_19_01_P","4791000","4791000-203-2025-00001","2025-12-30","","01","영업/정상","01","영업","","","","","","49.69","","전북특별자치도 부안군 부안읍 봉덕리 790-10","전북특별자치도 부안군 부안읍 진성길 21-1","56315","염색이야기 부안점","2026-01-02 15:25:21","U","2026-01-04 02:40:00","이용업 기타","176240.210535246","247301.104656526","이용업 기타","1","0","0","0","0","0","2","","","","","1","0","0","N",
"33","이용업","05_19_01_P","3040000","3040000-203-2008-00003","2008-07-21","","03","폐업","02","폐업","2026-01-02","","","","0234360005","30.92","143-873","서울특별시 광진구 자양동 663-21 와이엠프라젠스파1층 116호","서울특별시 광진구 자양로5길 33, 1층 116호 (자양동, 와이엠프라젠스파)","05102","우정 이용원","2026-01-02 14:52:46","U","2026-01-04 02:40:00","일반이용업","207368.624495222","447632.296040333","일반이용업","0","0","1","1","0","0","3","","","","임대","0","0","0","N",
"34","이용업","05_19_01_P","4711000","4711000-203-1989-00002","1989-04-24","","03","폐업","02","폐업","2026-01-02","","","","063 546 2378","16.90","","전북특별자치도 김제시 죽산면 옥성리 241-61","전북특별자치도 김제시 죽산면 죽산로 381","54420","신흥이발관","2026-01-02 13:40:47","U","2026-01-04 02:40:00","일반이용업","185190.721687931","253582.855657189","일반이용업","0","0","0","0","0","0","2","","","","","0","0","0","N",
"35","이용업","05_19_01_P","3630000","3630000-203-2010-00009","2010-09-24","","03","폐업","02","폐업","2026-01-02","","","","062384 1100","6.00","506-813","광주광역시 광산구 우산동 1585-2","광주광역시 광산구 사암로216번길 10-11, 3층 (우산동, 싼타모호텔)","62355","싼타모","2026-01-02 11:10:41","U","2026-01-04 02:40:00","일반이용업","182574.242416471","184844.962799279","일반이용업","0","0","0","0","0","0","1","","","","","0","0","0","N",
"36","이용업","05_19_01_P","3160000","3160000-203-2020-00004","2020-07-16","","01","영업/정상","01","영업","","","","","","42.08","152-826","서울특별시 구로구 고척동 73-3 일이삼전자타운","서울특별시 구로구 경인로 393-7, 일이삼전자타운 2동 4113,4114,4115,4116호 (고척동)","08227","바버샵 브엘로","2026-01-02 17:03:51","U","2026-01-04 02:40:00","일반이용업","187826.698183821","443925.52468616","일반이용업","0","0","3","3","0","0","3","","","","","0","0","0","N",
"37","이용업","05_19_01_P","3470000","3470000-203-2026-00001","2026-01-05","","01","영업/정상","01","영업","","","","","","0.00","704-818","대구광역시 달서구 상인동 1529-6","대구광역시 달서구 상인서로10길 6, 2층 (상인동)","42812","스타클럽","2026-01-05 15:57:03","I","2026-01-07 00:20:36","일반이용업","339603.189697161","258252.452607591","일반이용업","3","1","2","2","0","0","2","","","","","0","0","0","N",
"38","이용업","05_19_01_P","3590000","3590000-203-2026-00001","2026-01-05","","01","영업/정상","01","영업","","","","","062 223 9876","151.63","501-040","광주광역시 동구 궁동 12-5","광주광역시 동구 제봉로 155-1, 2층 (궁동)","61474","맨포트 예술의거리점","2026-01-05 10:34:23","I","2026-01-07 00:20:36","일반이용업","192570.767539424","183550.930626187","일반이용업","0","0","0","0","0","0","7","","","","","0","0","0","N",
"39","이용업","05_19_01_P","4040000","4040000-203-2026-00001","2026-01-05","","01","영업/정상","01","영업","","","","","","70.62","465-150","경기도 하남시 망월동 834 미사강변 스카이폴리스","경기도 하남시 미사강변한강로 135, 미사강변 스카이폴리스 2층 가 234호 (망월동)","12902","루시바버스튜디오(Lucy BarBer Studio)","2026-01-05 17:01:43","I","2026-01-07 00:20:36","일반이용업","216846.891263183","452760.863180903","일반이용업","0","0","0","0","0","0","4","","","","","0","0","0","N",
"40","이용업","05_19_01_P","3090000","3090000-203-2026-00001","2026-01-05","","01","영업/정상","01","영업","","","","","","26.85","132-800","서울특별시 도봉구 도봉동 30-1 도봉한신아파트","서울특별시 도봉구 도봉로180나길 41, 도봉한신아파트 2층 213,214호 (도봉동)","01318","한신이발소","2026-01-05 09:51:17","I","2026-01-07 00:20:36","일반이용업","204169.847670316","464814.717432497","일반이용업","0","0","0","0","0","0","3","","","","","0","0","0","N",
"41","이용업","05_19_01_P","3530000","3530000-203-2026-00001","2026-01-05","","01","영업/정상","01","영업","","","","","","39.60","405-862","인천광역시 남동구 만수동 924-11","인천광역시 남동구 구월로336번길 60, 1층 101호 (만수동)","21535","한빛이용원","2026-01-05 14:35:32","I","2026-01-07 00:20:36","일반이용업","175831.686543034","438961.541810831","일반이용업","0","0","1","1","0","0","3","","","","","0","0","0","N",
"42","이용업","05_19_01_P","5180000","5180000-203-2020-00003","2020-03-09","","01","영업/정상","01","영업","","","","","","8.00","766-805","경상북도 영덕군 영덕읍 우곡리 205-5 동방사우나","경상북도 영덕군 영덕읍 영덕로 141, 동방사우나 2층","36439","동방사우나 이용원","2026-01-05 15:20:04","I","2026-01-07 00:20:36","일반이용업","412984.801540626","325574.773401527","일반이용업","0","0","0","0","0","0","2","","","","","0","0","0","N",
"43","이용업","05_19_01_P","3590000","3590000-203-2003-00013","2003-12-26","","03","폐업","02","폐업","2026-01-05","","","","062 2391359","52.00","501-838","광주광역시 동구 지산동 342-1 (지하1층)","광주광역시 동구 준법로 7-12 (지산동,(지하1층))","61441","법원구내이용원","2026-01-05 10:49:50","U","2026-01-07 02:40:00","일반이용업","193981.958754895","183484.202851849","일반이용업","6","1","0","0","1","1","4","","","","","0","0","0","N",
"44","이용업","05_19_01_P","3330000","3330000-203-1992-00420","1992-05-08","","03","폐업","02","폐업","2026-01-05","","","","051 7828530","18.18","612-831","부산광역시 해운대구 재송동 1084-7","부산광역시 해운대구 재송1로 80 (재송동)","48055","재송이용원","2026-01-05 09:50:41","U","2026-01-07 02:40:00","일반이용업","393489.624320556","189630.760461919","일반이용업","0","0","0","0","0","0","3","","","","","0","0","0","N",
"45","이용업","05_19_01_P","3200000","3200000-203-2019-00002","2019-03-12","","01","영업/정상","01","영업","","","","","028864822","16.00","151-867","서울특별시 관악구 신림동 409-370","서울특별시 관악구 신림로 241-1 (신림동)","08844","태후사랑","2026-01-05 09:46:46","U","2026-01-07 02:40:00","일반이용업","194125.585498395","441689.859478847","일반이용업","1","0","1","0","0","0","1","","","","","0","0","0","N",
"46","이용업","05_19_01_P","3050000","3050000-203-2023-00004","2023-06-20","","03","폐업","02","폐업","2026-01-05","","","","","2.07","130-848","서울특별시 동대문구 전농동 10 전농 SK아파트","서울특별시 동대문구 사가정로 148, 5층 501호 (전농동, 전농 SK아파트)","02532","백두산","2026-01-05 17:17:27","U","2026-01-07 02:40:00","일반이용업","205271.704936121","452706.897879436","일반이용업","0","0","0","0","0","0","2","","","","","0","0","0","N",
"47","이용업","05_19_01_P","5250000","5250000-203-2020-00002","2020-03-09","","03","폐업","02","폐업","2026-01-05","","","","","9.62","767-831","경상북도 울진군 후포면 삼율리 732 3층","경상북도 울진군 후포면 중밤터1길 21-13, 3층","36370","후포하와이찜질방이용원","2026-01-05 14:38:21","U","2026-01-07 02:40:00","일반이용업","417517.296964277","356091.126388228","일반이용업","0","0","0","0","0","0","2","","","","","0","0","0","N",
"48","이용업","05_19_01_P","3530000","3530000-203-2003-00017","2003-08-04","","03","폐업","02","폐업","2026-01-05","","","","032 4628594","39.60","405-862","인천광역시 남동구 만수동 924-11","인천광역시 남동구 구월로336번길 60 (만수동)","21535","한빛이용원","2026-01-05 12:04:08","U","2026-01-07 02:40:00","일반이용업","175831.686543034","438961.541810831","일반이용업","2","1","1","1","0","0","3","","","","자가","0","0","0","N",
"49","이용업","05_19_01_P","5050000","5050000-203-2025-00005","2025-11-25","","03","폐업","02","폐업","2026-01-05","","","","","3.93","780-935","경상북도 경주시 동천동 801","경상북도 경주시 양정로251번길 5, 3층 (동천동)","38103","예승 이용원","2026-01-05 10:41:15","U","2026-01-07 02:40:00","일반이용업","400807.953654737","263930.959880908","일반이용업","0","0","0","0","0","0","0","","","","","0","1","0","N",
"50","이용업","05_19_01_P","3200000","3200000-203-2025-00003","2025-05-19","","03","폐업","02","폐업","2026-01-05","","","","","16.50","151-731","서울특별시 관악구 신림동 617-3 프린스빌딩","서울특별시 관악구 난우길 2, 프린스빌딩 7층 (신림동)","08854","프린스목욕탕","2026-01-05 14:08:44","U","2026-01-07 02:40:00","일반이용업","192780.535811963","441230.473348398","일반이용업","0","0","0","0","0","0","3","","","","","0","0","0","N",
"51","이용업","05_19_01_P","3290000","3290000-203-1990-02206","1990-01-11","","03","폐업","02","폐업","2026-01-05","","","","051 8031603","84.19","614-849","부산광역시 부산진구 부전동 402-4","부산광역시 부산진구 새싹로29번길 12 (부전동)","47256","삼오","2026-01-05 11:44:10","U","2026-01-07 02:40:00","일반이용업","387290.348475755","186515.213026994","일반이용업","3","0","0","0","0","0","10","","","","","0","0","0","N",
"52","이용업","05_19_01_P","3900000","3900000-203-2003-00079","2003-04-18","","03","폐업","02","폐업","2026-01-05","","","","0226827024","19.27","423-858","경기도 광명시 광명동 158-846 1층 일부호","경기도 광명시 오리로985번안길 7, 1층 일부호 (광명동)","14286","지원이발관","2026-01-05 09:20:01","U","2026-01-07 02:40:00","일반이용업","186896.204964375","441927.829985405","일반이용업","1","0","0","1","0","0","4","","","","","0","0","0","N",
"53","이용업","05_19_01_P","3610000","3610000-203-2017-00002","2017-03-20","","03","폐업","02","폐업","2026-01-05","","","","","16.00","503-809","광주광역시 남구 백운동 625-14 지하1층","광주광역시 남구 독립로 12 (백운동, 지하 1층)","61657","청수이용원","2026-01-05 11:12:03","U","2026-01-07 02:40:00","일반이용업","190970.261436529","181733.471820768","일반이용업","0","0","0","0","0","0","1","","","","","0","0","0","N",
"54","이용업","05_19_01_P","5680000","5680000-203-2021-00001","2021-01-06","","03","폐업","02","폐업","2026-01-05","","","","","13.81","343-854","충청남도 당진시 석문면 삼화리 산 137-9 삼화2리마을회관","충청남도 당진시 석문면 보덕포로 827","31704","삼화이용원","2026-01-05 10:35:49","U","2026-01-07 02:40:00","일반이용업","165293.517908791","385635.375969124","일반이용업","0","0","0","0","0","0","1","","","","","0","0","0","N",
"55","이용업","05_19_01_P","3300000","3300000-203-2026-00001","2026-01-07","","01","영업/정상","01","영업","","","","","","6.60","607-020","부산광역시 동래구 복천동 377","부산광역시 동래구 동래로116번길 36, 2층 (복천동)","47809","뉴평화탕내 캇트실","2026-01-07 13:09:43","I","2026-01-09 00:20:01","일반이용업","389742.922916961","191558.596820205","일반이용업","0","0","2","2","0","0","1","","","","","0","0","0","N",
"56","이용업","05_19_01_P","3700000","3700000-203-2026-00002","2026-01-07","","01","영업/정상","01","영업","","","","","","0.00","680-831","울산광역시 남구 신정동 867-5","울산광역시 남구 수암로 104, 1층 102호 (신정동)","44748","도쿄이발소","2026-01-07 15:40:22","I","2026-01-09 00:20:01","일반이용업","410244.650749624","227917.138405525","일반이용업","0","0","0","0","0","0","2","","","","","0","0","0","N",
"57","이용업","05_19_01_P","3450000","3450000-203-2026-00003","2026-01-06","","01","영업/정상","01","영업","","","","","","47.00","702-850","대구광역시 북구 읍내동 971-1","대구광역시 북구 대천로7길 6, 1층 101호 (읍내동)","41436","더 덴 바버샵(THE DEN BARBERSHOP)","2026-01-06 15:27:41","I","2026-01-09 00:20:01","일반이용업","340064.315303719","271994.0097879","일반이용업","0","0","1","1","0","0","2","","","","","0","0","0","N",
"58","이용업","05_19_01_P","3450000","3450000-203-2026-00002","2026-01-06","","01","영업/정상","01","영업","","","","","","10.00","702-894","대구광역시 북구 서변동 1724-1","대구광역시 북구 호국로57길 6, 4층 (서변동)","41474","유니버시아드","2026-01-06 11:22:58","I","2026-01-09 00:20:01","일반이용업","344135.625386683","270911.45465356","일반이용업","0","0","4","4","0","0","1","","","","","0","0","0","N",
"59","이용업","05_19_01_P","3420000","3420000-203-2026-00001","2026-01-06","","01","영업/정상","01","영업","","","","","","16.50","701-839","대구광역시 동구 지묘동 330-2","대구광역시 동구 팔공로101길 67, 3층 (지묘동)","41005","팔공사우나커터실","2026-01-06 11:22:15","I","2026-01-09 00:20:01","일반이용업","347949.037437822","272399.844929722","일반이용업","0","0","3","3","0","0","2","","","","","0","1","0","N",
"60","이용업","05_19_01_P","3280000","3280000-203-2026-00001","2026-01-06","","01","영업/정상","01","영업","","","","","","21.25","606-822","부산광역시 영도구 청학동 307-93","부산광역시 영도구 태종로 308, 1층 (청학동)","49023","남성컷트전문","2026-01-06 11:05:40","I","2026-01-09 00:20:01","일반이용업","387739.902842632","179510.049918313","일반이용업","0","0","1","1","0","0","2","","","","","0","0","0","N",
"61","이용업","05_19_01_P","3860000","3881000-203-2026-00001","2026-01-07","","01","영업/정상","01","영업","","","","","","0.00","","경기도 부천시 소사구 소사본동 78 세영타워메카 3-1호","경기도 부천시 소사구 소사로247번길 19, 3층 3-1 일부호 (소사본동, 세영타워메카)","14705","봉이이용원","2026-01-07 15:00:51","I","2026-01-09 00:20:01","일반이용업","181738.861613817","442029.608124581","일반이용업","0","0","0","0","0","0","3","","","","","0","0","0","N",
"62","이용업","05_19_01_P","5340000","5340000-203-2026-00001","2026-01-07","","01","영업/정상","01","영업","","","","","055 855 0002","9.90","664-833","경상남도 사천시 벌리동 35","경상남도 사천시 벌용길 93, 2층 일부 (벌리동)","52552","삼천포사우나이용원","2026-01-07 13:59:24","I","2026-01-09 00:20:01","일반이용업","298427.740395414","161227.924803362","일반이용업","0","0","2","2","0","0","1","","","","","0","1","0","N",
"63","이용업","05_19_01_P","3420000","3420000-203-2001-00001","2001-01-22","","03","폐업","02","폐업","2026-01-07","","","","053 9427080","33.00","701-820","대구광역시 동구 신암동 781-2","대구광역시 동구 평화로 18 (신암동)","41196","대전","2026-01-07 16:25:35","U","2026-01-09 02:40:00","일반이용업","345821.454363649","266112.983641127","일반이용업","3","0","1","1","0","0","3","","","","임대","0","0","0","N",
"64","이용업","05_19_01_P","3940000","3960100-203-2007-00001","2007-03-13","","01","영업/정상","01","영업","","","","","031 9048604","25.00","410-837","경기도 고양시 일산동구 장항동 883 호수마을5단지","경기도 고양시 일산동구 노루목로 107, 호수마을 상가동 211호 (장항동)","10413","청구이용원","2026-01-06 11:13:42","U","2026-01-09 02:40:00","일반이용업","180178.123632085","460901.421408613","일반이용업","2","1","0","0","1","1","4","","","","","","","0","N",
"65","이용업","05_19_01_P","3910000","3910038-203-2019-00003","2019-07-29","","03","폐업","02","폐업","2026-01-07","","","","","9.90","451-822","경기도 평택시 포승읍 도곡리 1126-3 포승프라자","경기도 평택시 포승읍 평택항로268번길 69, 포승프라자 6층","17955","스파렉스사우나","2026-01-07 16:13:09","U","2026-01-09 02:40:00","일반이용업","186108.149556364","387063.038023316","일반이용업","6","2","6","6","0","0","1","","","","","0","0","0","N",
"66","이용업","05_19_01_P","3420000","3420000-203-2025-00007","2025-11-18","","01","영업/정상","01","영업","","","","","","63.50","701-360","대구광역시 동구 사복동 845-1","대구광역시 동구 메디밸리로8길 4-2, 1층 102호 (사복동)","41071","머리생각","2026-01-07 15:24:40","U","2026-01-09 02:40:00","일반이용업","357946.7472487","265349.395743973","일반이용업","3","0","1","1","0","0","3","","","","임대","1","1","0","N",
"67","이용업","05_19_01_P","3780000","3810000-203-2025-00012","2025-12-17","","01","영업/정상","01","영업","","","","","","62.15","463-829","경기도 성남시 분당구 이매동 115-2 이수프라자 1층 일부","경기도 성남시 분당구 이매로 45, 이수프라자 1층 일부호 (이매동)","13567","블루클럽","2026-01-06 15:49:29","U","2026-01-09 02:40:00","일반이용업","211075.414504468","432554.577507596","일반이용업","0","0","0","0","0","0","4","","","","","0","0","0","N",
"68","이용업","05_19_01_P","4390000","4390000-203-2025-00002","2025-12-08","","01","영업/정상","01","영업","","","","","","34.00","380-951","충청북도 충주시 교현동 610-1","충청북도 충주시 봉현로 236, 102호 (교현동)","27377","필두바버샵(남성컷트전문점)","2026-01-06 13:40:50","U","2026-01-09 02:40:00","일반이용업","282746.643470299","386604.074301214","일반이용업","0","0","0","0","0","0","2","","","","","0","0","0","N",
"69","이용업","05_19_01_P","3540000","3540000-203-2025-00007","2025-12-04","","01","영업/정상","01","영업","","","","","","22.89","403-820","인천광역시 부평구 부평동 252-35 다동 24호","인천광역시 부평구 부흥로304번길 27, 다동 24호 (부평동)","21391","컷트전문점","2026-01-06 15:00:40","U","2026-01-09 02:40:00","일반이용업","175678.256989256","443905.095220373","일반이용업","0","0","1","1","0","0","0","","","","","0","0","0","N",
"70","이용업","05_19_01_P","3050000","3050000-203-1997-01036","1997-10-07","","03","폐업","02","폐업","2026-01-05","","","","02 9659445","24.00","130-825","서울특별시 동대문구 이문동 72-15","서울특별시 동대문구 한천로 383-9, 1층 (이문동)","02429","행운이용원","2026-01-06 14:57:52","U","2026-01-09 02:40:00","일반이용업","205902.411239611","454725.644115352","일반이용업","3","0","1","1","0","0","3","","","","임대","0","0","0","N",
"71","이용업","05_19_01_P","3940000","3950000-203-2025-00003","2025-07-29","","01","영업/정상","01","영업","","","","","","99.72","412-120","경기도 고양시 덕양구 지축동 1007-2 공감타워","경기도 고양시 덕양구 지축1로 69, 공감타워 5층 502호 (지축동)","10585","쎄아떼 바버샵 지축점","2026-01-07 10:28:13","U","2026-01-09 02:40:00","일반이용업","","","일반이용업","0","0","0","0","0","0","8","","","","","0","0","0","N",
"72","이용업","05_19_01_P","3740000","3770000-203-2022-00005","2022-10-31","","03","폐업","02","폐업","2026-01-06","","","","","59.50","442-081","경기도 수원시 팔달구 매산로1가 61-12","경기도 수원시 팔달구 덕영대로 913-1, 3층 (매산로1가)","16455","하우디바버샵 수원점","2026-01-06 13:25:54","U","2026-01-09 02:40:00","일반이용업","200064.325221035","418370.553147862","일반이용업","0","0","3","3","0","0","2","","","","","0","0","0","N",
"73","이용업","05_19_01_P","5710000","5730000-203-1988-02004","1988-06-21","","03","폐업","02","폐업","2026-01-05","","","","","23.40","361-841","충청북도 청주시 흥덕구 운천동 689 (1층)","충청북도 청주시 흥덕구 흥덕로151번길 55 (운천동,(1층))","28472","신우이용원","2026-01-06 16:57:16","U","2026-01-09 02:40:00","일반이용업","242310.826711292","349946.370446684","일반이용업","0","0","0","0","0","0","4","","","","","0","0","0","N",
"74","이용업","05_19_01_P","5710000","5725000-203-2017-00002","2017-03-29","","03","폐업","02","폐업","2026-01-07","","","","","33.92","362-828","충청북도 청주시 서원구 사직동 265-7 (1층) 12호","충청북도 청주시 서원구 사운로99번길 23, 1층 12호 (사직동)","28555","돌담이용원","2026-01-07 13:30:29","U","2026-01-09 02:40:00","일반이용업","242653.348931368","348595.462356059","일반이용업","0","0","0","0","0","0","2","","","","","0","0","0","N",
"75","이용업","05_19_01_P","3170000","3170000-203-2022-00004","2022-07-06","","03","폐업","02","폐업","2026-01-07","","","","","56.63","153-801","서울특별시 금천구 가산동 60-15 삼성리더스타워 B121호","서울특별시 금천구 벚꽃로 286, 삼성리더스타워 지하1층 B121호 (가산동)","08511","골든벅 바버샵","2026-01-07 15:11:01","U","2026-01-09 02:40:00","일반이용업","189685.715834343","442026.454121483","일반이용업","15","1","0","0","1","1","3","","","","","1","0","0","N",
"76","이용업","05_19_01_P","3130000","3130000-203-2018-00011","2018-12-12","","01","영업/정상","01","영업","","","","","","26.64","121-837","서울특별시 마포구 서교동 486 서교푸르지오 101동 1층131호","서울특별시 마포구 홍익로 10, 101동 1층 131호 (서교동, 서교푸르지오)","04055","맨즈헤어바버샵더크림홍대점","2026-01-06 11:32:24","U","2026-01-09 02:40:00","일반이용업","193187.802952358","450172.178899424","일반이용업","0","0","1","1","","","3","","","","","0","0","0","N",
"77","이용업","05_19_01_P","3030000","3030000-203-2022-00003","2022-05-25","","03","폐업","02","폐업","2026-01-06","","","","","26.45","133-828","서울특별시 성동구 성수동2가 355-1","서울특별시 성동구 둘레9길 16-1, 1층 (성수동2가)","04775","마춘바버샵","2026-01-06 11:35:00","U","2026-01-09 02:40:00","일반이용업","204445.931083004","448357.858518612","일반이용업","0","0","0","0","0","0","1","","","","","0","0","0","N",
"78","이용업","05_19_01_P","3520000","3520000-203-2023-00005","2023-11-27","","01","영업/정상","01","영업","","","","","","55.93","406-081","인천광역시 연수구 송도동 21-2 하늘빌딩 106호","인천광역시 연수구 해돋이로172번길 38, 하늘빌딩 106호 (송도동)","22002","송도 맨즈헤어","2026-01-06 15:20:24","U","2026-01-09 02:40:00","일반이용업","168743.218663481","432916.208091371","일반이용업","0","0","0","0","0","0","3","","","","","0","0","0","N",
"79","이용업","05_19_01_P","3180000","3180000-203-2026-00001","2026-01-08","","01","영업/정상","01","영업","","","","","","52.74","150-031","서울특별시 영등포구 영등포동1가 49","서울특별시 영등포구 경인로114가길 12-1, 2층 (영등포동1가)","07308","FPP바버샵","2026-01-08 15:05:40","I","2026-01-10 00:20:07","일반이용업","192308.847221703","446136.379895121","일반이용업","0","0","0","0","0","0","0","","","","","0","0","0","N",
"80","이용업","05_19_01_P","5590000","5590000-203-2026-00001","2026-01-08","","01","영업/정상","01","영업","","","","","","49.28","482-130","경기도 양주시 옥정동 998-2 1층 일부(102호)","경기도 양주시 옥정로10라길 30, 1층 일부(102호) (옥정동)","11465","비엔토 바버샵","2026-01-08 16:19:32","I","2026-01-10 00:20:07","일반이용업","208208.213146451","481584.669926812","일반이용업","0","0","1","1","0","0","0","","","","","0","0","0","N",
"81","이용업","05_19_01_P","3170000","3170000-203-2026-00001","2026-01-08","","01","영업/정상","01","영업","","","","","07048335843","56.63","153-801","서울특별시 금천구 가산동 60-15 삼성리더스타워 B121호","서울특별시 금천구 벚꽃로 286, 삼성리더스타워 B121호 (가산동)","08511","골든벅 바버샵","2026-01-08 16:47:07","I","2026-01-10 00:20:07","일반이용업","189685.715834343","442026.454121483","일반이용업","0","0","0","0","0","0","3","","","","","0","0","0","N",
"82","이용업","05_19_01_P","5540000","5540000-203-2026-00001","2026-01-07","","01","영업/정상","01","영업","","","","","","17.55","","경기도 광주시 능평동 366-1","경기도 광주시 대명대길 18-17, 2층 (능평동)","12772","중앙스파월드 남성컷트 전문점","2026-01-08 13:55:37","I","2026-01-10 00:20:07","일반이용업","","","일반이용업","0","0","2","2","0","0","2","","","","임대","0","0","0","N",
"83","이용업","05_19_01_P","4510000","4510000-203-2010-00005","2010-06-04","","01","영업/정상","01","영업","","","","","041 9353382","6.30","355-931","충청남도 보령시 대천동 618-282","충청남도 보령시 원동1길 84, 2층 (대천동)","33466","대림이용원","2026-01-08 14:32:34","U","2026-01-10 02:40:00","일반이용업","163988.241378385","316672.754777742","일반이용업","4","1","2","2","0","0","1","","","","임대","","","0","N",
"84","이용업","05_19_01_P","4050000","5640000-203-1996-00015","1996-01-10","","03","폐업","02","폐업","2026-01-08","","","","031  2628526","40.50","448-553","경기도 용인시 수지구 풍덕천동 703 수지마을동보아파트","경기도 용인시 수지구 풍덕천로 155, 수지마을동보아파트  상가A동 1층 107호, 108호, 109호 (풍덕천동)","16832","대성이발관","2026-01-08 15:02:55","U","2026-01-10 02:40:00","일반이용업","208625.29704675","424863.609464453","일반이용업","2","1","0","1","0","0","4","","","","","0","0","0","N",
"85","이용업","05_19_01_P","3740000","3760000-203-2019-00002","2019-03-05","","01","영업/정상","01","영업","","","","","","27.00","441-870","경기도 수원시 권선구 세류동 524-3","경기도 수원시 권선구 정조로 562, 102호 (세류동)","16577","별이발관","2026-01-08 09:28:15","U","2026-01-10 02:40:00","일반이용업","201050.797902997","417464.370133063","일반이용업","0","0","1","1","","","3","","","","","0","0","0","N",
"86","이용업","05_19_01_P","3830000","3850000-203-2025-00004","2025-12-26","","01","영업/정상","01","영업","","","","","","69.57","431-806","경기도 안양시 동안구 관양동 1406-34","경기도 안양시 동안구 관악대로 317, 2층 전체호 (관양동)","13937","상상나래 헤어샵","2026-01-08 16:58:27","U","2026-01-10 02:40:00","일반이용업","196232.116527815","433499.140358285","일반이용업","0","0","0","0","0","0","8","","","","","0","0","0","N",
"87","이용업","05_19_01_P","3680000","3680000-203-2025-00002","2025-12-09","","01","영업/정상","01","영업","","","","","","9.60","306-815","대전광역시 대덕구 신탄진동 141-28 골든리버","대전광역시 대덕구 신탄진로810번길 20, 3층 301호 (신탄진동, 골든리버)","34311","금강이발소","2026-01-08 09:36:30","U","2026-01-10 02:40:00","일반이용업","238511.239988312","327725.555464737","일반이용업","15","3","3","3","0","0","2","","","","임대","0","1","0","N",
"88","이용업","05_19_01_P","3190000","3190000-203-2024-00001","2024-02-29","","03","폐업","02","폐업","2026-01-08","","","","","138.50","156-816","서울특별시 동작구 사당동 145-11 조양","서울특별시 동작구 동작대로27가길 36, 조양 3층 (사당동)","07008","벨센트 이수점","2026-01-08 13:17:22","U","2026-01-10 02:40:00","일반이용업","198248.25171786","442647.1302872","일반이용업","0","0","0","0","0","0","7","","","","","0","1","0","N",
"89","이용업","05_19_01_P","3110000","3110000-203-2025-00005","2025-08-14","","03","폐업","02","폐업","2026-01-08","","","","","16.48","122-830","서울특별시 은평구 녹번동 100-11","서울특별시 은평구 녹번로 37, 1층 (녹번동)","03376","명성이발관","2026-01-08 12:58:37","U","2026-01-10 02:40:00","일반이용업","193655.07394653","455900.922296365","일반이용업","0","0","0","0","0","0","3","","","","임대","0","0","0","N",
"90","이용업","05_19_01_P","3200000","3200000-203-2005-00016","2005-11-25","","01","영업/정상","01","영업","","","","","02 8846313","6.00","151-864","서울특별시 관악구 신림동 343-3","서울특별시 관악구 광신길 225, 우성사우나 1층 (신림동)","08846","우성사우나 이용원","2026-01-08 10:42:08","U","2026-01-10 02:40:00","일반이용업","193721.863991816","440545.946420334","일반이용업","4","2","1","0","0","0","1","","","","임대","0","0","0","N",
"91","이용업","05_19_01_P","4671000","4671000-203-2005-00016","2005-02-16","","01","영업/정상","01","영업","","","","","043 8730315","10.00","","전북특별자치도 군산시 나운동 100-14 지하1층","전북특별자치도 군산시 하나운로 70, 지하1층 (나운동)","54140","유앤미이용원","2026-01-08 13:16:00","U","2026-01-10 02:40:00","일반이용업","173081.140951224","273852.871738357","일반이용업","4","0","2","2","0","0","2","","","","임대","0","0","0","N",
"92","이용업","05_19_01_P","4691000","4691000-203-1975-00003","1975-09-16","","01","영업/정상","01","영업","","","","","","17.86","","전북특별자치도 정읍시 태인면 태흥리 442-2","전북특별자치도 정읍시 태인면 태인로 88","56115","마을이발관","2026-01-08 14:52:32","U","2026-01-10 02:40:00","일반이용업","195196.30173445","239264.781497299","일반이용업","0","0","0","0","0","0","0","","","","","0","0","0","N",
"93","이용업","05_19_01_P","3140000","3140000-203-2025-00001","2025-02-26","","03","폐업","02","폐업","2026-01-08","","","","","20.80","158-724","서울특별시 양천구 목동 961 현대하이페리온2","서울특별시 양천구 오목로 300, 205동 1층 111호 (목동, 현대하이페리온2)","08004","레드폴바버샵 목동점","2026-01-08 16:00:57","U","2026-01-10 02:40:00","일반이용업","188431.286329151","446909.365903882","일반이용업","0","0","0","0","0","0","2","","","","","0","0","0","N",
"94","이용업","05_19_01_P","3120000","3120000-203-2026-00001","2026-01-09","","01","영업/정상","01","영업","","","","","","23.14","120-805","서울특별시 서대문구 남가좌동 188-24","서울특별시 서대문구 모래내로15길 66, 1층 일부호 (남가좌동)","03710","위트바버샵","2026-01-09 17:19:02","I","2026-01-11 00:20:02","일반이용업","192769.506937885","452462.781243809","일반이용업","0","0","1","1","0","0","1","","","","","0","0","0","N",
"95","이용업","05_19_01_P","4010000","4010000-203-2026-00001","2026-01-09","","01","영업/정상","01","영업","","","","","","38.11","429-420","경기도 시흥시 장현동 671-5 시티프론트 561 The Five","경기도 시흥시 시청로 25, 시티프론트 561 The Five 2층 204호 (장현동)","14998","바버샵브엘로","2026-01-09 15:18:29","I","2026-01-11 00:20:02","일반이용업","182588.840684945","430776.747702976","일반이용업","0","0","0","0","0","0","2","","","","","0","0","0","N",
"96","이용업","05_19_01_P","3340000","3340000-203-2015-00010","2015-12-24","","01","영업/정상","01","영업","","","","","051 262 7353","19.00","604-819","부산광역시 사하구 다대동 35","부산광역시 사하구 다대로429번길 15, 양덕상가동 지층 38호 (다대동)","49518","엘샤론코리아","2026-01-09 09:23:09","U","2026-01-11 02:40:00","일반이용업","380626.214261892","175652.172546864","일반이용업","5","1","","","1","1","2","","","","","0","0","0","N",
"97","이용업","05_19_01_P","5020000","5040000-203-1965-00001","1965-05-01","","01","영업/정상","01","영업","","","","","054 2328603","0.00","791-922","경상북도 포항시 북구 청하면 덕성리 306-2","","","광신이용소","2026-01-09 11:13:22","U","2026-01-11 02:40:00","일반이용업","","","일반이용업","1","0","1","0","0","0","2","","","","","0","0","0","N",
"98","이용업","05_19_01_P","5020000","5040000-203-1992-00003","1992-10-15","","01","영업/정상","01","영업","","","","","054 2520666","22.00","791-280","경상북도 포항시 북구 환호동 508-5","경상북도 포항시 북구 삼호로 455-6 (환호동)","37601","명진이용소","2026-01-09 11:13:07","U","2026-01-11 02:40:00","일반이용업","415948.237627025","288179.159643995","일반이용업","3","0","1","0","0","0","3","","","","","0","0","0","N",
"99","이용업","05_19_01_P","3550000","3550000-203-2025-00003","2025-05-07","","01","영업/정상","01","영업","","","","","","37.80","407-804","인천광역시 계양구 계산동 922-14","인천광역시 계양구 주부토로 563, 1층 일부호 (계산동)","21040","남자는머리빨투","2026-01-09 10:53:47","U","2026-01-11 02:40:00","일반이용업","175926.8","449181.344","일반이용업","2","1","1","1","0","0","4","","","","임대","0","0","0","N",
"100","이용업","05_19_01_P","3410000","3410000-203-1985-00001","1985-02-15","","01","영업/정상","01","영업","","","","","053 4231473","13.00","700-846","대구광역시 중구 동인동4가 0031-0013 1층","대구광역시 중구 동덕로36길 68, 1층 (동인동4가)","41908","현대이용소","2026-01-09 11:20:39","U","2026-01-11 02:40:00","일반이용업","345154.985429011","264472.163964285","일반이용업","3","1","1","1","0","0","3","","","","","","1","0","N",
"101","이용업","05_19_01_P","3140000","3140000-203-2026-00001","2026-01-12","","01","영업/정상","01","영업","","","","","","20.80","158-724","서울특별시 양천구 목동 961 현대하이페리온2","서울특별시 양천구 오목로 300, 205동 111호 (목동, 현대하이페리온2)","08004","레드폴바버샵 목동점","2026-01-12 13:12:11","I","2026-01-14 00:20:02","일반이용업","188431.286329151","446909.365903882","일반이용업","1","0","0","0","0","0","2","","","","","0","0","0","N",
"102","이용업","05_19_01_P","3490000","3490000-203-2026-00001","2026-01-12","","01","영업/정상","01","영업","","","","","","8.90","400-320","인천광역시 중구 중산동 1886-7 블루오션1차 111호(일부)","인천광역시 중구 영종대로 911, 블루오션1차 111(일부)호 (중산동)","22397","라이튼 바버샵","2026-01-12 10:43:06","I","2026-01-14 00:20:02","일반이용업","161327.36998922","442885.295069563","일반이용업","0","0","1","1","0","0","1","","","","","0","0","0","N",
"103","이용업","05_19_01_P","4070000","4070000-203-2026-00001","2026-01-12","","01","영업/정상","01","영업","","","","","","15.00","467-901","경기도 이천시 장호원읍 장호원리 110-2 이기쁨음악학원","경기도 이천시 장호원읍 장감로 41, 이기쁨음악학원 1층","17419","맨즈헤어살롱엘리","2026-01-12 11:59:35","I","2026-01-14 00:20:02","일반이용업","255697.282105931","401835.800765854","일반이용업","0","0","1","0","0","0","1","","","","","0","0","0","N",
"104","이용업","05_19_01_P","3110000","3110000-203-2026-00002","2026-01-12","","01","영업/정상","01","영업","","","","","","30.58","122-040","서울특별시 은평구 불광동 643 북한산 힐스테이트7차","서울특별시 은평구 통일로 796, 상가동 지하2층 111호 (불광동, 북한산 힐스테이트7차)","03357","거북 아버지는 이발사","2026-01-12 15:18:42","I","2026-01-14 00:20:02","일반이용업","193457.698457409","457135.217659827","일반이용업","0","0","0","0","2","0","4","","","","임대","0","1","0","N",
"105","이용업","05_19_01_P","3400000","3400000-203-2005-00007","2005-02-01","","01","영업/정상","01","영업","","","","","054 3324141","13.00","","부산광역시 기장군 일광읍 삼성리 109-17 유성탕","부산광역시 기장군 일광읍 일역길 86, 2층","46044","일광복지목욕탕이용원","2026-01-12 14:23:58","U","2026-01-14 02:40:00","일반이용업","403117.401768242","198131.321411492","일반이용업","0","0","0","0","0","0","2","","","","","0","0","0","N",
"106","이용업","05_19_01_P","4050000","5620000-203-2000-00016","2000-11-17","","03","폐업","02","폐업","2026-01-12","","","","031  3215824","35.00","","경기도 용인시 처인구 이동읍 송전리 610-3","경기도 용인시 처인구 이동읍 경기동로 712","17136","송전이발관","2026-01-12 11:18:18","U","2026-01-14 02:40:00","일반이용업","217548.7626381","404045.540441557","일반이용업","2","0","1","0","0","0","4","","","","","0","0","0","N",
"107","이용업","05_19_01_P","3860000","3891000-203-1991-00958","1991-04-04","","01","영업/정상","01","영업","","","","","032  6716998","28.71","","경기도 부천시 오정구 오정동 545-1 1층","경기도 부천시 오정구 부천로476번가길 102-7 (오정동,1층)","14436","오정이발관","2026-01-12 16:50:00","U","2026-01-14 02:40:00","일반이용업","181178.57539563","447465.188804043","일반이용업","0","0","1","1","0","0","3","","","","","0","0","0","N",
"108","이용업","05_19_01_P","3050000","3050000-203-1988-00657","1988-11-24","","01","영업/정상","01","영업","","","","","02966 7972","16.00","130-863","서울특별시 동대문구 제기동 895","서울특별시 동대문구 약령시로14길 19, 1층 (제기동)","02571","제일","2026-01-12 16:55:04","U","2026-01-14 02:40:00","일반이용업","203399.553298478","453300.369125443","일반이용업","1","","","1","","","3","","","","임대","","","","N",
"109","이용업","05_19_01_P","5100000","5100000-203-1979-00001","1979-05-24","","03","폐업","02","폐업","2024-12-18","","","","054 331 0602","18.91","770-905","경상북도 영천시 완산동 903-5","경상북도 영천시 역전로 29 (완산동)","38890","경북이용소","2026-01-12 13:11:25","U","2026-01-14 02:40:00","일반이용업","374647.249999766","275236.013555253","일반이용업","1","0","0","0","0","0","0","","","","","0","0","0","N",
"110","이용업","05_19_01_P","3490000","3490000-203-2022-00002","2022-06-07","","01","영업/정상","01","영업","","","","","","18.10","400-320","인천광역시 중구 중산동 1886-7 블루오션1차","인천광역시 중구 영종대로 911, 블루오션1차 111호 (중산동)","22397","Cactus Barbershop(칵투스바버샵)","2026-01-12 10:45:05","U","2026-01-14 02:40:00","일반이용업","161327.36998922","442885.295069563","일반이용업","4","0","0","0","0","0","2","","","","","0","0","0","N",
"111","이용업","05_19_01_P","5250000","5250000-203-2026-00001","2026-01-13","","01","영업/정상","01","영업","","","","","","49.91","767-894","경상북도 울진군 북면 부구리 179-12","경상북도 울진군 북면 울진북로 2114","36305","레드우드 바버샵","2026-01-13 13:30:48","I","2026-01-15 00:20:35","일반이용업","411001.416881059","402988.9771906","일반이용업","2","0","1","1","0","0","2","","","","임대","0","1","0","N",
"112","이용업","05_19_01_P","4060000","4060000-203-2017-00004","2017-06-19","","03","폐업","02","폐업","2026-01-13","","","","","22.00","413-030","경기도 파주시 금릉동 211-5 파주 메트로프라자1 5층","경기도 파주시 가나무로 143 (금릉동, 파주 메트로프라자1 5층)","10922","지앤지스파 이용원","2026-01-13 14:00:34","U","2026-01-15 02:40:00","일반이용업","180645.332434837","472458.611225545","일반이용업","0","0","0","0","0","0","0","","","","","0","0","0","N",
"113","이용업","05_19_01_P","5670000","5670184-203-2014-00002","2014-03-13","","03","폐업","02","폐업","2026-01-13","","","","055 292 2334","19.80","630-826","경상남도 창원시 마산회원구 회성동 456-3","경상남도 창원시 마산회원구 북성로 339-1, 지상1층 (회성동)","51311","대웅","2026-01-13 17:11:50","U","2026-01-15 02:40:00","일반이용업","341969.736898213","193797.634470779","일반이용업","0","0","1","1","0","0","1","","","","임대","1","1","0","N",
"114","이용업","05_19_01_P","5350000","5350000-203-2004-00033","2004-12-07","","03","폐업","02","폐업","2026-01-13","","","","055  3315737","33.15","621-280","경상남도 김해시 대청동 333-3 갑오마을부영아파트상가동 104호","경상남도 김해시 계동로102번길 28, 104호 (대청동, 갑오마을부영아파트상가동)","50994","블루클럽갑오마을점","2026-01-13 14:39:23","U","2026-01-15 02:40:00","일반이용업","363629.685668958","188766.405169108","일반이용업","0","0","0","0","0","0","4","","","","","0","0","0","N",
"115","이용업","05_19_01_P","4191000","4191000-203-2026-00001","2026-01-02","","01","영업/정상","01","영업","","","","","","14.47","","강원특별자치도 원주시 무실동 1857-10 시네시티타워","강원특별자치도 원주시 능라동길 51, 시네시티타워 3층 309호 (무실동)","26392","올리다두피탈모전문센터원주점","2026-01-13 19:10:48","U","2026-01-15 02:40:00","일반이용업","282361.656343235","426273.540502002","일반이용업","10","4","3","3","0","0","0","","","","임대","0","0","2","N",
"116","이용업","05_19_01_P","3620000","3620000-203-2024-00004","2024-05-23","","03","폐업","02","폐업","2026-01-13","","","","","16.50","500-855","광주광역시 북구 운암동 488-11 1층 101호","광주광역시 북구 북문대로8번길 4, 1층 101호 (운암동)","61117","광주","2026-01-13 13:08:55","U","2026-01-15 02:40:00","일반이용업","189397.675305317","186060.158011589","일반이용업","0","0","0","0","0","0","1","","","","","0","0","0","N",
"117","이용업","05_19_01_P","5710000","5730000-203-2025-00008","2025-12-05","","01","영업/정상","01","영업","","","","","","25.90","361-801","충청북도 청주시 흥덕구 가경동 1416 청주센트럴시티(터미널복합) 705호","충청북도 청주시 흥덕구 2순환로 1225, 청주센트럴시티(터미널복합) 705호 (가경동)","28396","바버샵 제이엠","2026-01-13 10:21:56","U","2026-01-15 02:40:00","일반이용업","238449.433440246","347396.698510935","일반이용업","0","0","7","7","0","0","1","","","","","0","0","0","N",
"118","이용업","05_19_01_P","4641000","4661000-203-2005-00001","2005-01-12","","01","영업/정상","01","영업","","","","","","17.08","","전북특별자치도 전주시 덕진구 우아동3가 732-7","전북특별자치도 전주시 덕진구 우아1길 29, 1동 2층 일부호 (우아동3가)","54909","풍남보석이용원","2026-01-13 16:25:08","U","2026-01-15 02:40:00","일반이용업","213833.835596346","260834.08885697","일반이용업","5","0","5","1","0","0","3","","","","임대","0","0","0","N",
"119","이용업","05_19_01_P","4641000","4651000-203-2003-00008","2003-02-26","","01","영업/정상","01","영업","","","","","063 2882242","0.00","","전북특별자치도 전주시 완산구 경원동1가 126-18 외 2필지","전북특별자치도 전주시 완산구 전동성당길 40 (경원동1가,외 2필지)","55039","한옥바버샵","2026-01-13 17:02:09","U","2026-01-15 02:40:00","일반이용업","213369.272635583","257460.094673164","일반이용업","0","0","0","0","0","0","0","","","","","0","0","0","N",
"120","이용업","05_19_01_P","3450000","3450000-203-2026-00005","2026-01-14","","01","영업/정상","01","영업","","","","","","28.00","702-753","대구광역시 북구 고성동2가 112-3 고성아파트 101동 18호","대구광역시 북구 고성북로 3, 101동 1층 18호 (고성동2가, 고성아파트)","41596","소브리오(SOBRIO)","2026-01-14 15:53:19","I","2026-01-16 00:20:02","일반이용업","342798.542546603","265596.122154297","일반이용업","0","0","1","1","0","0","2","","","","","0","0","0","N",
"121","이용업","05_19_01_P","3450000","3450000-203-2026-00004","2026-01-14","","01","영업/정상","01","영업","","","","","","42.98","702-831","대구광역시 북구 복현동 413-22","대구광역시 북구 경진로1길 26, 1층 (복현동)","41562","바이준헤어필","2026-01-14 10:59:24","I","2026-01-16 00:20:02","일반이용업","345835.503430461","267376.400966552","일반이용업","0","0","1","1","0","0","3","","","","","0","0","0","N",
"122","이용업","05_19_01_P","5070000","5070000-203-2026-00001","2026-01-14","","01","영업/정상","01","영업","","","","","","4.00","760-140","경상북도 안동시 신안동 274-1 M컨벤션웨딩","경상북도 안동시 퇴계로 167, M컨벤션웨딩 2층 (신안동)","36688","제이원스파랜드 이발소","2026-01-14 15:40:00","I","2026-01-16 00:20:02","일반이용업","354974.688431737","342640.233747256","일반이용업","2","1","2","2","0","0","1","","","","","0","1","0","N",
"123","이용업","05_19_01_P","3460000","3460000-203-2026-00002","2026-01-14","","01","영업/정상","01","영업","","","","","","0.00","706-811","대구광역시 수성구 범물동 1261 108동 1층 4호","대구광역시 수성구 용학로 336, 108동 1층 4호 (범물동, 범물 하이츠)","42191","팔복이발관","2026-01-14 16:55:31","I","2026-01-16 00:20:02","일반이용업","348506.422520115","259488.824789494","일반이용업","0","0","0","0","0","0","0","","","","","0","0","0","N",
"124","이용업","05_19_01_P","4291000","4291000-203-2026-00001","2026-01-14","","01","영업/정상","01","영업","","","","","","14.00","","강원특별자치도 정선군 사북읍 사북리 294-14 사북선명 오피스텔","강원특별자치도 정선군 사북읍 파랑새길 20, 지하1층 (사북선명 오피스텔)","26150","황실사우나 이발소","2026-01-14 09:47:16","I","2026-01-16 00:20:02","일반이용업","361950.631295916","415051.856793276","일반이용업","0","0","0","0","1","1","2","","","","임대","0","0","0","N",
"125","이용업","05_19_01_P","5020000","5040000-203-2026-00001","2026-01-14","","01","영업/정상","01","영업","","","","","","6.60","791-944","경상북도 포항시 북구 흥해읍 성곡리 1258-2 파라다이스 유황천 2층","경상북도 포항시 북구 흥해읍 초곡길 81, 파라다이스 유황천 2층","37558","파라다이스 이용원","2026-01-14 10:50:17","I","2026-01-16 00:20:02","일반이용업","410138.979659917","289723.20527152","일반이용업","2","0","2","2","0","0","2","","","","임대","0","0","0","N",
"126","이용업","05_19_01_P","3080000","3080000-203-1969-01487","1969-12-22","","01","영업/정상","01","영업","","","","","","38.92","142-876","서울특별시 강북구 수유동 172-162","서울특별시 강북구 도봉로97길 25, 1층 (수유동)","01054","현대이발관","2026-01-14 10:27:29","I","2026-01-16 00:20:02","일반이용업","202405.105287205","459980.897458757","일반이용업","0","0","0","0","0","0","2","","","","","0","0","0","N",
"127","이용업","05_19_01_P","4520000","4520000-203-1969-00002","1969-12-22","","03","폐업","02","폐업","2026-01-14","","","","041 5457295","23.40","336-871","충청남도 아산시 둔포면 관대리 197-1 (1층)","충청남도 아산시 둔포면 충무로 1392 ((1층))","31411","산전이발관","2026-01-14 10:08:38","U","2026-01-16 02:40:00","일반이용업","203074.789213096","377261.785273008","일반이용업","0","0","0","0","0","0","2","","","","","0","0","0","N",
"128","이용업","05_19_01_P","3740000","5610000-203-1999-00019","1999-11-24","","03","폐업","02","폐업","2026-01-14","","","","031 2042511","0.00","443-809","경기도 수원시 영통구 영통동 951-4","경기도 수원시 영통구 영통로501번길 48-14 (영통동)","16706","오비스이용원","2026-01-14 17:12:27","U","2026-01-16 02:40:00","일반이용업","206765.930065546","418154.252111846","일반이용업","0","0","0","0","1","1","1","","","","임대","0","0","0","N",
"129","이용업","05_19_01_P","5020000","5040000-203-2000-00007","2000-03-11","","03","폐업","02","폐업","2026-01-14","","","","054 2615400","3.00","791-944","경상북도 포항시 북구 흥해읍 성곡리 1258","","","파라다이스 이발관","2026-01-14 10:42:17","U","2026-01-16 02:40:00","일반이용업","","","일반이용업","2","0","2","0","0","0","2","","","","","0","0","0","N",
"130","이용업","05_19_01_P","3460000","3460000-203-2026-00001","2026-01-02","","01","영업/정상","01","영업","","","","","","28.89","706-807","대구광역시 수성구 만촌동 816 1층 302동 105호","대구광역시 수성구 교학로11길 46, 302동 1층 105호 (만촌동, 만촌1차우방타운)","42073","만촌이용소","2026-01-14 17:49:35","U","2026-01-16 02:40:00","일반이용업","349406.436978942","262298.536177506","일반이용업","0","0","1","1","0","0","2","","","","","0","0","0","N",
"131","이용업","05_19_01_P","5330000","5330000-203-1996-00001","2003-06-07","","03","폐업","02","폐업","2026-01-15","","","","055 6447680","36.85","650-800","경상남도 통영시 무전동 374-30","경상남도 통영시 해미당1길 19 (무전동)","53041","대원이용원","2026-01-15 15:30:37","U","2026-01-17 02:40:00","일반이용업","330687.176714578","151807.586382593","일반이용업","0","0","0","0","0","0","3","","","","임대","0","0","0","N",
"132","이용업","05_19_01_P","4960000","4960000-203-1986-00004","1986-04-18","","03","폐업","02","폐업","2026-01-06","","","","061 3230781","13.02","525-884","전라남도 함평군 월야면 월야리 605-6","전라남도 함평군 월야면 문화로 701","57124","형제이발관","2026-01-15 18:25:05","U","2026-01-17 02:40:00","일반이용업","165892.699146162","187836.406264199","일반이용업","1","0","1","1","0","0","0","","","","자가","0","0","0","N",
"133","이용업","05_19_01_P","3550000","3550000-203-2026-00001","2026-01-12","","01","영업/정상","01","영업","","","","","","42.57","407-824","인천광역시 계양구 작전동 866","인천광역시 계양구 계양대로 66, 1층 일부(3)호 (작전동)","21115","남자는머리빨","2026-01-15 17:30:44","U","2026-01-17 02:40:00","일반이용업","175444.989931333","447533.98407771","일반이용업","3","1","1","1","0","0","4","","","","임대","0","0","0","N",
"134","이용업","05_19_01_P","5710000","5720000-203-2026-00001","2026-01-12","","01","영업/정상","01","영업","","","","","","11.47","360-190","충청북도 청주시 상당구 용담동 411 드림21","충청북도 청주시 상당구 산성로116번길 28, 드림21 7층 일부호 (용담동)","28744","우리이발","2026-01-15 16:29:55","U","2026-01-17 02:40:00","일반이용업","245169.948206807","348025.440936144","일반이용업","0","0","7","7","0","0","1","","","","임대","0","0","0","N",
"135","이용업","05_19_01_P","3660000","3660000-203-1995-00007","1995-05-20","","03","폐업","02","폐업","2026-01-15","","","","042 5239188","15.50","302-817","대전광역시 서구 내동 35-18","대전광역시 서구 갈마로 206-1 (내동)","35288","동민이용원","2026-01-15 09:10:03","U","2026-01-17 02:40:00","일반이용업","233873.8311943","315136.073189198","일반이용업","0","0","0","0","0","0","0","","","","","0","0","0","N",
"136","이용업","05_19_01_P","5340000","5340000-203-1996-00001","1996-06-28","","01","영업/정상","01","영업","","","","","055 8531827","16.00","664-925","경상남도 사천시 곤명면 신흥리 1-11","경상남도 사천시 곤명면 경서대로 3642","52502","캐리비안온천 이용원","2026-01-15 17:53:48","U","2026-01-17 02:40:00","일반이용업","290819.568823215","182661.60023846","일반이용업","1","0","1","1","0","0","2","","","","","0","0","0","N",
"137","이용업","05_19_01_P","4641000","4651000-203-2003-00001","2003-01-22","","01","영업/정상","01","영업","","","","","063 2296667","0.00","","전북특별자치도 전주시 완산구 중화산동2가 484-9","전북특별자치도 전주시 완산구 신촌3길 15 (중화산동2가)","54978","토탈이용원","2026-01-15 11:01:42","U","2026-01-17 02:40:00","일반이용업","210443.253643605","257414.45404211","일반이용업","0","0","0","0","0","0","0","","","","","0","0","0","N",
"138","이용업","05_19_01_P","3740000","5610000-203-2025-00001","2025-03-25","","03","폐업","02","폐업","2026-01-15","","","","","10.00","443-717","경기도 수원시 영통구 매탄동 810-4 매탄성일아파트","경기도 수원시 영통구 인계로 239, 상가2동 지하1층 일부호 (매탄동, 매탄성일아파트)","16537","봉황이용원","2026-01-15 10:15:04","U","2026-01-17 02:40:00","일반이용업","203838.574103305","418153.47148742","일반이용업","0","0","0","0","0","0","2","","","","","0","0","0","N",
