"번호","개방서비스명","개방서비스아이디","개방자치단체코드","관리번호","인허가일자","인허가취소일자","영업상태구분코드","영업상태명","상세영업상태코드","상세영업상태명","폐업일자","휴업시작일자","휴업종료일자","재개업일자","소재지전화","소재지면적","소재지우편번호","소재지전체주소","도로명전체주소","도로명우편번호","사업장명","최종수정시점","데이터갱신구분","데이터갱신일자","업태구분명","좌표정보x(epsg5174)","좌표정보y(epsg5174)","문화체육업종명","문화사업자구분명","지역구분명","총층수","주변환경명","제작취급품목내용","보험기관명","건물용도명","지상층수","지하층수","객실수","건축연면적","영문상호명","영문상호주소","선박총톤수","선박척수","선박제원","무대면적","좌석수","기념품종류","회의실별동시수용인원","시설면적","놀이기구수내역","놀이시설수","방송시설유무","발전시설유무","의무실유무","안내소유무","기획여행보험시작일자","기획여행보험종료일자","자본금","보험시작일자","보험종료일자","부대시설내역","시설규모",
"1","일반테마파크업","03_07_09_P","3030000","CDFI5271002025000001","2025-12-30","","01","영업/정상","13","영업중","","","","","043-269-3650","","","서울특별시 성동구 행당동 378 4차 산업혁명 체험센터","서울특별시 성동구 살곶이길 327, 4차 산업혁명 체험센터 (행당동)","04765","성동구 무지개 눈썰매장","2025-12-30 13:12:36","I","2026-01-03 00:20:02","","203522.841547067","450217.518582281","허가테마파크업","","","0","","","","","0","0","0","0","","","0","0","","0","0","","0","0","미니기차1, 미니바이킹1, 미니에어바운스1","0","","","Y","Y","","","0","","","","0",
"2","일반테마파크업","03_07_09_P","3490000","CDFI5271002024000001","2024-04-05","","01","영업/정상","13","영업중","","","","","032-565-0918","","","인천광역시 중구 북성동1가 98-218","인천광역시 중구 월미로 222 (북성동1가)","22303","뽀로로&타요 콘텐츠 테마파크 빌딩 월미도점","2025-12-30 14:52:06","U","2026-01-03 02:40:00","","164480.882993462","441654.321883018","허가테마파크업","","일반상업지역","6","","","","","6","2","0","0","","","0","0","","0","0","","0","9899","안전성검사 대상 11종 15대, 확인검사 대상 3종 5대 (총 14종 20대)","0","","","","","","","0","","","","9899",
"3","일반테마파크업","03_07_09_P","3480000","CDFI5271002004000001","2004-05-04","","02","휴업","02","휴업","","2026-01-01","2026-12-31","","053)767-6300","","711-860","대구광역시 달성군 가창면 용계리 534-1","대구광역시 달성군 가창면 가창로 1003","711-860","허브랜드 주식회사","2025-12-31 15:03:05","U","2026-01-03 02:40:00","","346876.099777909","255998.649989061","허가테마파크업","테마파크업","자연녹지지역","","기타","","","","1","","","","","","","","","","","","","","9종 9대(안전성검사 대상 유기기구), 12종 12대(안전성검사 비대상 유기기구)","","Y","Y","Y","Y","","","","","","","",
"4","일반테마파크업","03_07_09_P","5420000","CDFI5271002005000001","2005-07-29","","02","휴업","02","휴업","","2026-01-01","2026-02-28","","","","","경상남도 고성군 회화면 봉동리 950-1","경상남도 고성군 회화면 당항만로 1116","52915","당항포랜드","2025-12-31 14:40:16","U","2026-01-03 02:40:00","","327691.533130196","174109.906774905","허가테마파크업","테마파크업","","0","","","","","0","0","0","0","","","0","0","","0","0","","0","0","","7","","","","","","","0","","","","0",
"5","일반테마파크업","03_07_09_P","4390000","CDFI5271002016000001","2016-04-29","","03","폐업","03","폐업","2025-12-31","","","","043-852-7721","","","충청북도 충주시 금릉동 533","충청북도 충주시 남한강로 30 (금릉동, 라바랜드)","27438","충주라바랜드","2025-12-31 18:04:09","U","2026-01-03 02:40:00","","280664.631540027","388079.500673959","허가테마파크업","","자연녹지지역","1","기타","","","근린생활시설","1","","","","","","","","","","","","","4128","안전성검사대상 : 8종, 안전성 비검사대상 : 3종","","Y","Y","Y","Y","","","","","","","4128",
"6","일반테마파크업","03_07_09_P","4181000","CDFI5271002023000001","2023-06-09","","01","영업/정상","13","영업중","","","","","033-245-6410","","","강원특별자치도 춘천시 서면 현암리 367-3 춘천애니메이션박물관","강원특별자치도 춘천시 서면 박사로 854, 춘천애니메이션박물관","24461","캠프마을","2026-01-02 09:45:34","U","2026-01-04 02:40:00","","","","허가테마파크업","","","0","","","","","0","0","0","0","","","0","0","","0","0","","0","9400","안전성검사대상 1종, 확인검사대상 2종","3","","","","","","","0","","","","9400",
"7","일반테마파크업","03_07_09_P","4910000","CDFI5271002014000001","2014-08-08","","02","휴업","02","휴업","","2025-09-01","2026-06-30","","061-862-2100","","","전라남도 장흥군 안양면 수문리 8","전라남도 장흥군 안양면 수문용곡로 270","59339","스파리조트안단테","2026-01-02 14:47:33","U","2026-01-04 02:40:00","","203842.244528978","126655.9147409","허가테마파크업","","","0","","","","","0","0","0","0","","","0","0","","0","0","","0","0","4대(바디슬라이드 2, 수중모험놀이 1, 워터에어바운스 1)","0","Y","Y","Y","Y","","","0","","","","0",
"8","일반테마파크업","03_07_09_P","3000000","CDFI5271002025000001","2025-11-28","","03","폐업","03","폐업","2026-01-02","","","","","","","서울특별시 종로구 세종로 81-3","서울특별시 종로구 세종대로 175 (세종로)","03172","오니트(주)[2025광화문마켓]","2026-01-02 11:30:05","U","2026-01-04 02:40:00","","197804.357783157","452216.539274871","허가테마파크업","","일반주거지역","0","기타","","","숙박시설","0","0","0","0","","","0","0","","0","0","","0","0","회전목마(24인승)","0","","","","","","","0","","","","0",
"9","일반테마파크업","03_07_09_P","3690000","CDFI5271002025000003","2025-12-22","","01","영업/정상","13","영업중","","","","","052-211-0127","","","울산광역시 중구 태화동 91-2 태화루","울산광역시 중구 태화로 300, 태화루 (태화동)","44452","태화루 스카이워크","2026-01-02 15:28:08","U","2026-01-04 02:40:00","","409160.100430121","230648.020907007","허가테마파크업","","","0","","","","","0","0","0","0","","","0","0","","0","0","","0","0","","0","","","","","","","0","","","","0",
"10","일반테마파크업","03_07_09_P","3930000","CDFI5271002025000003","2025-12-05","","04","취소/말소/만료/정지/중지","35","직권말소","2026-01-05","","","","031-364-8399","","","경기도 안산시 단원구 고잔동 800","경기도 안산시 단원구 광덕대로 157 (고잔동)","15471","(주)선세이브","2026-01-04 10:22:12","U","2026-01-06 02:40:00","","184864.171246158","423355.473255446","허가테마파크업","","","0","","","","","0","0","0","0","","","0","0","","0","0","","0","0","회전목마 1대(직경6m)","0","Y","Y","Y","Y","","","0","","","","0",
"11","일반테마파크업","03_07_09_P","3230000","CDFI5271002025000001","2025-11-18","","03","폐업","03","폐업","2026-01-05","","","","","","","서울특별시 송파구 신천동 29 롯데월드타워앤드롯데월드몰","서울특별시 송파구 올림픽로 300, 롯데월드타워앤드롯데월드몰 (신천동)","05551","롯데타운 크리스마스마켓 회전목마","2026-01-05 13:27:47","U","2026-01-07 02:40:00","","209074.900840074","445657.80932984","허가테마파크업","","일반상업지역","0","기타","","","","0","0","0","0","","","0","0","","0","0","","0","0","안전성 검사대상 유기기구1종","0","Y","Y","Y","Y","","","0","","","","0",
"12","일반테마파크업","03_07_09_P","4741000","CDFI5271002025000001","2025-09-04","","04","취소/말소/만료/정지/중지","35","직권말소","2025-09-14","","","","","","","전북특별자치도 무주군 무주읍 당산리 1103 무주반딧불체육관","전북특별자치도 무주군 무주읍 한풍루로 326-28, 무주반딧불체육관","55514","키즈존","2026-01-05 09:15:09","U","2026-01-07 02:40:00","","259629.571781219","278110.988392171","허가테마파크업","","자연녹지지역","2","","","","기타","2","0","0","0","","","0","0","","0","0","","0","0","안전성 검사 1종, 안전성검사 비대상 5종","0","Y","Y","Y","Y","","","0","","","","0",
"13","일반테마파크업","03_07_09_P","4741000","CDFI5271002025000002","2025-09-04","","04","취소/말소/만료/정지/중지","35","직권말소","2025-09-14","","","","063-320-5004","","","전북특별자치도 무주군 무주읍 당산리 1199-3 무주예체문화관","전북특별자치도 무주군 무주읍 한풍루로 326-17, 무주예체문화관","55514","주식회사 레인보우트레인","2026-01-05 09:15:53","U","2026-01-07 02:40:00","","259656.692874536","278226.103847156","허가테마파크업","","자연녹지지역","0","","","","문화시설","0","0","0","0","","","0","0","","0","0","","0","0","궤도형시설 1종","0","Y","Y","Y","Y","","","0","","","","0",
"14","일반테마파크업","03_07_09_P","4741000","CDFI5271002026000001","2026-01-07","","01","영업/정상","13","영업중","","","","","","","","전북특별자치도 무주군 적상면 북창리 222","","","무주꽁꽁놀이축제","2026-01-07 15:12:00","I","2026-01-09 00:20:01","","262956.573589678","276001.300194162","허가테마파크업","","","0","","","","","0","0","0","0","","","0","0","","0","0","","0","0","","0","Y","","Y","Y","","","0","","","","0",
"15","일반테마파크업","03_07_09_P","3420000","CDFI5271001987000002","1987-12-30","","01","영업/정상","13","영업중","","","","","","","701-843","대구광역시 동구 효목동 1114","","","동촌유원지 유기장","2026-01-07 09:29:51","U","2026-01-09 02:40:00","","349293.701201286","265563.482460945","허가테마파크업","테마파크업","","0","","","","","0","0","0","0","","","0","0","","0","0","","0","0","","2","Y","Y","N","Y","","","0","","","","0",
"16","일반테마파크업","03_07_09_P","3420000","CDFI5271001988000001","1988-06-15","","01","영업/정상","13","영업중","","","","","","","701-843","대구광역시 동구 효목동 1160","대구광역시 동구 효동로2길 68 (효목동)","41179","파크랜드","2026-01-07 09:30:43","U","2026-01-09 02:40:00","","349348.468608607","265521.055083959","허가테마파크업","테마파크업","","0","","","","","0","0","0","0","","","0","0","","0","0","","0","0","우주비행기, 바이킹, 범퍼카, 회전목마","4","Y","Y","N","Y","","","0","","","","0",
"17","일반테마파크업","03_07_09_P","3420000","CDFI5271002016000001","2016-12-14","","01","영업/정상","13","영업중","","","","","053-661-1042","","","대구광역시 동구 신천동 1506","대구광역시 동구 동부로 149, 9층 (신천동, 동대구역복합환승센터)","41229","주라지(ZOORAJI)","2026-01-07 09:34:57","U","2026-01-09 02:40:00","","347037.241970286","265407.404336831","허가테마파크업","","중심상업지역","0","기타","","","","9","0","0","0","","","0","0","","0","0","","0","3432.44","안전성검사 대상 유기기구 1종 1대(무당벌레 모노레일 1대)","0","Y","","","Y","","","0","","","","3432",
"18","일반테마파크업","03_07_09_P","4070000","CDFI5271002016000001","2016-05-12","","01","영업/정상","13","영업중","","","","","","","","경기도 이천시 호법면 단천리 864","경기도 이천시 호법면 프리미엄아울렛로 177-74 (롯데 프리미엄 아울렛)","17384","(주)아이플레이코리아","2026-01-07 15:39:33","U","2026-01-09 02:40:00","","235461.813044175","415640.639277805","허가테마파크업","","","0","","","","","0","0","0","0","","","0","0","","0","0","","0","38.65","회전목마 1, 무궤도열차 1 (안전성 검사2)","0","Y","","Y","Y","","","0","","","","39",
"19","일반테마파크업","03_07_09_P","6520000","CDFI5271002013000001","2013-03-25","","02","휴업","02","휴업","","2025-11-01","2026-10-31","","064-764-7777","","699-941","제주특별자치도 서귀포시 남원읍 남원리 1408","제주특별자치도 서귀포시 남원읍 태위로 536","63620","주식회사 제주에코빌리지","2026-01-07 15:37:27","U","2026-01-09 02:40:00","","172483.892747213","-24598.0313681802","허가테마파크업","","자연녹지지역","1","기타","","","","1","0","0","0","","","0","0","","0","0","","0","3357.38","코코몽기차(1), 정글캠프(1), 코코몽카레이싱(6), 워터바이크(5)","0","Y","Y","Y","Y","","","0","","","","3357",
"20","일반테마파크업","03_07_09_P","5570000","CDFI5271002021000001","2021-12-16","","01","영업/정상","13","영업중","","","","","043-926-1001","","","충청북도 증평군 도안면 연촌리 산 84-2","","","회전그네","2026-01-06 14:53:51","U","2026-01-09 02:40:00","","251221.124991709","371762.239739725","허가테마파크업","","관리지역","0","기타","","","","0","0","0","0","","","0","0","","0","0","","0","151.75","안전검사 대상 유기기구 1종(회전그네)","0","Y","Y","Y","Y","","","0","","","","152",
"21","일반테마파크업","03_07_09_P","5050000","CDFI5271002021000002","2021-11-18","","01","영업/정상","13","영업중","","","","","054-701-2255","","","경상북도 경주시 신평동 355","경상북도 경주시 천북남로 16 (신평동)","38116","경주루지월드","2026-01-07 15:15:32","U","2026-01-09 02:40:00","","406840.513081937","262971.181676741","허가테마파크업","","자연녹지지역","3","기타","","","기타","2","1","0","0","","","0","0","","0","0","","0","0","안정성검사대상 1종(루지)","0","Y","","","Y","","","0","","","","0",
"22","일반테마파크업","03_07_09_P","5310000","CDFI5271002025000003","2025-10-22","","03","폐업","03","폐업","2025-10-24","","","","","","","경상남도 진주시 초전동 1583-14 진주국민체육센터","경상남도 진주시 남강로 1655, 진주국민체육센터 (초전동)","52733","진주시 어린이집연합회","2026-01-07 13:54:14","U","2026-01-09 02:40:00","","302418.88422588","190404.354921593","허가테마파크업","","","0","","","","","0","0","0","0","","","0","0","","0","0","","0","0","","0","","","","","","","0","","","","0",
"23","일반테마파크업","03_07_09_P","3010000","CDFI5271002025000002","2025-12-12","","03","폐업","03","폐업","2025-12-31","","","","02-904-1159","","","서울특별시 중구 무교동 96","서울특별시 중구 청계천로 8 (무교동)","04520","주식회사 주경","2026-01-07 17:54:10","U","2026-01-09 02:40:00","","198007.312899736","451837.180272831","허가테마파크업","","","0","","","","","0","0","0","0","","","0","0","","0","0","","0","0","꼬마기차 1개","0","Y","","Y","Y","","","0","","","","0",
"24","일반테마파크업","03_07_09_P","3160000","CDFI5271002025000001","2025-09-26","","03","폐업","03","폐업","2025-09-29","","","","","","","서울특별시 구로구 신도림동 285-39","서울특별시 구로구 구로중앙로42길 59 (신도림동)","08205","아르스","2026-01-06 12:41:42","U","2026-01-09 02:40:00","","189028.298692595","445249.358972833","허가테마파크업","","","0","","","","","0","0","0","0","","","0","0","","0","0","","0","0","무궤도 열차","0","","","","","","","0","","","","0",
"25","일반테마파크업","03_07_09_P","4781000","CDFI5271002009000001","2009-02-13","","01","영업/정상","13","영업중","","","","","","","585-802","전북특별자치도 고창군 고창읍 도산리 676","전북특별자치도 고창군 고창읍 고인돌공원길 74","56443","고창 세계유산 고인돌 박물관","2026-01-06 17:57:02","U","2026-01-09 02:40:00","","168331.276881235","215866.5196115","허가테마파크업","테마파크업","","0","","","","","0","0","0","0","","","0","0","","0","0","","0","0","","0","","","","","","","0","","","","0",
"26","일반테마파크업","03_07_09_P","4771000","CDFI5271002019000001","2019-01-09","","01","영업/정상","13","영업중","","","","","063-652-6511","","","전북특별자치도 순창군 순창읍 백산리 580","전북특별자치도 순창군 순창읍 장류로 55","56048","재단법인 순창발효관광재단","2026-01-07 10:57:00","U","2026-01-09 02:40:00","","210067.637255791","207596.753952423","허가테마파크업","","","0","","","","문화시설","0","0","0","0","","","0","0","","0","0","","0","0","","0","Y","","Y","Y","","","0","","","","0",
"27","일반테마파크업","03_07_09_P","3420000","CDFI5271002021000001","2021-01-22","","01","영업/정상","13","영업중","","","","","053-282-0167","","","대구광역시 동구 효목동 1264-4 대구지방기상청","대구광역시 동구 효동로2길 10, 대구지방기상청 (효목동)","41179","대구지방기상청(국립대구기상과학관)","2026-01-07 16:25:06","U","2026-01-09 02:40:00","","349172.945261031","265495.648171668","허가테마파크업","","","0","","","","","0","0","0","0","","","0","0","","0","0","","0","0","","0","","","","","","","0","","","","0",
"28","일반테마파크업","03_07_09_P","4520000","CDFI5271002013000001","2013-05-03","","01","영업/정상","13","영업중","","","","","041-547-7882","","336-914","충청남도 아산시 도고면 신언리 142-1","충청남도 아산시 도고면 아산만로 199-7","31550","홍익관광개발(주)","2026-01-08 09:08:32","U","2026-01-10 02:40:00","","188073.675895553","362245.093782279","허가테마파크업","","","0","","","","","0","0","0","0","","","0","0","","0","0","","0","2792","레일바이크 50대, 레일 4.2km왕복(5.2km에서 변경)","1","Y","","","Y","","","0","","","","2792",
"29","일반테마파크업","03_07_09_P","5590000","CDFI5271002017000001","2017-08-08","","02","휴업","02","휴업","","2025-10-10","2026-06-05","","031-826-2975","","","경기도 양주시 장흥면 석현리 산 10-13","경기도 양주시 장흥면 권율로 592","11519","(주)아트밸리","2026-01-08 15:45:40","U","2026-01-10 02:40:00","","197427.338916274","472964.270866187","허가테마파크업","","관리지역","0","","","","","0","0","0","0","","","0","0","","0","0","","0","0","안전성검사 대상(유수풀, 워터플래이), 안전성검사 비대상(붕붕뜀틀 4개)","0","Y","","Y","Y","","","0","","","","0",
"30","일반테마파크업","03_07_09_P","5190000","CDFI5271002013000001","2013-08-28","","01","영업/정상","13","영업중","","","","","","","714-901","경상북도 청도군 화양읍 삼신리 893","경상북도 청도군 화양읍 이슬미로 272-23","38324","(주)청도프로방스","2026-01-08 16:25:34","U","2026-01-10 02:40:00","","355458.011637736","244116.403164146","허가테마파크업","","관리지역","0","기타","","","유기장","0","0","0","0","","","0","0","","0","0","","0","0","미니바이킹1대, 미니기차1대->25.8.6.변경하여 삭제(현재 회전목마,에어버스뿐임)","0","Y","","","Y","","","0","","","","0",
"31","일반테마파크업","03_07_09_P","5190000","CDFI5271002016000001","2016-06-30","","01","영업/정상","13","영업중","","","","","","","","경상북도 청도군 청도읍 유호리 702","","","청도레일바이크","2026-01-08 18:26:10","U","2026-01-10 02:40:00","","360244.484853526","233412.193566171","허가테마파크업","","","0","","","","","0","0","0","0","","","0","0","","0","0","","0","0","레일바이크,","1","Y","","","","","","0","","","","0",
"32","일반테마파크업","03_07_09_P","4900000","CDFI5271002008000001","2008-04-21","","01","영업/정상","13","영업중","","","","","061-374-7600","","519-832","전라남도 화순군 도곡면 천암리 788","전라남도 화순군 도곡면 온천1길 45","","썬웨이 워터파크 도곡온천","2026-01-08 11:23:08","U","2026-01-10 02:40:00","","191062.04324192","170047.877457569","허가테마파크업","테마파크업","근린상업지역","7","기타","","","근린생활시설","6","1","0","0","","","0","0","","0","0","","0","82","워터슬라이드 1기구","0","Y","Y","Y","Y","","","0","","","","82",
"33","일반테마파크업","03_07_09_P","5590000","CDFI5271002022000001","2022-11-24","","02","휴업","02","휴업","","2025-10-10","2026-06-05","","","","","경기도 양주시 백석읍 기산리 382-3","경기도 양주시 백석읍 기산로440번길 74-19","11518","양주송천캠핑장","2026-01-08 15:45:50","U","2026-01-10 02:40:00","","194469.631209999","474596.632715219","허가테마파크업","","관리지역","0","","","","","0","0","0","0","","","0","0","","0","0","","0","0","안전성검사 대상 1종, 확인검사 대상 1종","0","","","","","","","0","","","","0",
"34","일반테마파크업","03_07_09_P","4781000","CDFI5271002012000001","2012-07-13","","01","영업/정상","13","영업중","","","","","063-560-7500","","585-804","전북특별자치도 고창군 고창읍 석정리 733","전북특별자치도 고창군 고창읍 석정2로 173","56451","석정 휴스파","2026-01-08 18:28:09","U","2026-01-10 02:40:00","","176443.895143518","214766.839761114","허가테마파크업","","","0","","","","","0","0","0","0","","","0","0","","0","0","","0","0","2종 2대(유수풀 1. 미니슬라이드 1)","1","Y","","Y","Y","","","0","","","","0",
"35","일반테마파크업","03_07_09_P","4781000","CDFI5271002013000001","2013-06-03","","02","휴업","02","휴업","","","","","063-560-7500","","585-804","전북특별자치도 고창군 고창읍 석정리 733","전북특별자치도 고창군 고창읍 석정2로 207-35","56451","석정휴스파","2026-01-08 18:32:47","U","2026-01-10 02:40:00","","176443.895143518","214766.839761114","허가테마파크업","","","0","","","","","0","0","0","0","","","0","0","","0","0","","0","0","2종 3대(유수풀, 바디슬라이드, 스피드슬라이드)","0","","","","","","","0","","","","0",
"36","일반테마파크업","03_07_09_P","4641000","CDFI5271001980000001","1980-05-03","","01","영업/정상","13","영업중","","","","","063-275-4900","","561-807","전북특별자치도 전주시 덕진구 덕진동1가 산 36-8","전북특별자치도 전주시 덕진구 소리로 104 (덕진동1가)","54901","전주드림랜드","2026-01-08 13:47:51","U","2026-01-10 02:40:00","","212954.542006525","261947.681699704","허가테마파크업","테마파크업","","0","","","","","0","0","0","0","","","0","0","","0","0","","0","2200","","0","N","N","N","N","","","0","","","","2200",
"37","일반테마파크업","03_07_09_P","4641000","CDFI5271002019000001","2019-01-02","","01","영업/정상","13","영업중","","","","","0632737788","","","전북특별자치도 전주시 덕진구 우아동1가 944-1 아중역","전북특별자치도 전주시 덕진구 동부대로 420, 아중역 (우아동1가)","55026","전주한옥레일바이크(주)","2026-01-08 13:48:52","U","2026-01-10 02:40:00","","215832.241550964","258844.706048627","허가테마파크업","","","0","","","","근린생활시설","0","0","0","0","","","0","0","","0","0","","0","35488","1종(레일바이크)","0","","","","","","","0","","","","35488",
"38","일반테마파크업","03_07_09_P","4641000","CDFI5271002019000002","2019-10-17","","01","영업/정상","13","영업중","","","","","063-290-6660","","","전북특별자치도 전주시 덕진구 송천동1가 234-5 창의체험관","전북특별자치도 전주시 덕진구 보훈누리로 63, 창의체험관 (송천동1가)","54900","전북특별자치도 어린이창의체험관","2026-01-08 14:20:04","U","2026-01-10 02:40:00","","211510.59809572","261730.722228427","허가테마파크업","","자연녹지지역","3","","","","문화시설","2","1","0","0","","","0","0","","0","0","","0","2176.85","3종 4대(에어바운스 1, 붕붕뜀틀 1, 미니시뮬레이션 2)","0","Y","Y","","Y","","","0","","","","2177",
"39","일반테마파크업","03_07_09_P","3100000","CDFI5271002012000001","2012-08-30","","01","영업/정상","13","영업중","","","","","","","139-942","서울특별시 노원구 상계동 730-5 지하5호","서울특별시 노원구 동일로 1393, 지하5호 (상계동, 일신프라자)","01762","뉴존","2026-01-08 10:28:27","U","2026-01-10 02:40:00","","205270.719919314","461175.377243531","허가테마파크업","","상업지역","8","기타","","","기타","6","2","0","0","","","0","0","","0","0","","0","105.84","디스코팡팡 1대 ('노리존'에서 상호변경 2021. 2)","0","","","","","","","0","","","","106",
"40","일반테마파크업","03_07_09_P","4400000","CDFI5271002026000001","2026-01-09","","01","영업/정상","13","영업중","","","","","","","","충청북도 제천시 고암동 1068","","","명인플레이","2026-01-09 17:18:48","I","2026-01-11 00:20:02","","308349.619583945","407485.545544899","허가테마파크업","","관리지역","0","기타","","","","0","0","0","0","","","0","0","","0","0","","0","290","바이킹 1대, 타가다디스코 1대, 배터리카 5대","0","Y","Y","Y","Y","","","0","","","","290",
"41","일반테마파크업","03_07_09_P","3620000","CDFI5271002021000001","2021-09-08","","01","영업/정상","13","영업중","","","","","062-960-6134","","","광주광역시 북구 오룡동 1-6","광주광역시 북구 첨단과기로 235 (오룡동)","61005","국립광주과학관","2026-01-09 09:59:33","U","2026-01-11 02:40:00","","186266.253739064","192286.028230954","허가테마파크업","","공업지역","0","기타","","","","0","0","0","0","","","0","0","","0","0","","0","0","안전성검사 대상(2종 2대), 확인검사 대상(11종 12대)","0","Y","Y","Y","Y","","","0","","","","0",
"42","일반테마파크업","03_07_09_P","4641000","CDFI5271002012000001","2012-03-23","","01","영업/정상","13","영업중","","","","","","","","전북특별자치도 전주시 완산구 고사동 427-7","전북특별자치도 전주시 완산구 전주객사3길 26-3 (고사동)","54999","노리존","2026-01-09 10:34:52","U","2026-01-11 02:40:00","","212822.723400421","257622.692213427","허가테마파크업","","","0","","","","","0","0","0","0","","","0","0","","0","0","","0","263.37","","0","","","","","","","0","","","","263",
"43","일반테마파크업","03_07_09_P","6510000","CDFI5271002013000003","2013-10-01","","01","영업/정상","13","영업중","","","","","064-783-0033","","695-976","제주특별자치도 제주시 구좌읍 종달리 4639","제주특별자치도 제주시 구좌읍 용눈이오름로 641","63354","제주레일파크(주)","2026-01-11 16:28:38","U","2026-01-13 02:40:00","","184766.603873128","-3515.32993112316","허가테마파크업","","관리지역","0","기타","","","근린생활시설","0","0","0","0","","","0","0","","0","0","","0","27767","레일바이크 90대","0","Y","","Y","Y","","","0","","","","27767",
"44","일반테마파크업","03_07_09_P","6510000","CDFI5271002010000001","2010-10-20","","01","영업/정상","13","영업중","","","","","064-802-8000","","695-962","제주특별자치도 제주시 조천읍 대흘리 1221-1","제주특별자치도 제주시 조천읍 번영로 1278-169","","(주)더원(에코랜드)","2026-01-11 16:27:45","U","2026-01-13 02:40:00","","169281.312554753","-3801.6498447293","허가테마파크업","","관리지역","0","기타","","","기타","0","0","0","0","","","0","0","","0","0","","0","0","기관차-2종 9대, 붕붕뜀틀-2종 5대","0","Y","","Y","Y","","","0","","","","0",
"45","일반테마파크업","03_07_09_P","4850000","CDFI5271002025000001","2025-12-05","","01","영업/정상","13","영업중","","","","","","","","전라남도 담양군 담양읍 학동리 539-3","","","호호펀 놀이동산","2026-01-11 17:54:24","U","2026-01-13 02:40:00","","200325.208403917","202517.338596655","허가테마파크업","","관리지역","0","기타","","","","0","0","0","0","","","0","0","","0","0","","0","0","고정형 4대(미니바이킹, 슬라이딩카, 스윙거, 타가디스코)","0","Y","Y","","Y","","","0","","","","0",
"46","일반테마파크업","03_07_09_P","5350000","CDFI5271002016000003","2016-05-11","","01","영업/정상","13","영업중","","","","","","","","경상남도 김해시 어방동 993","경상남도 김해시 가야테마길 161 (어방동)","50833","김해랜드","2026-01-11 12:25:33","U","2026-01-13 02:40:00","","372207.131990597","196221.094758574","허가테마파크업","","자연녹지지역","0","기타","","","기타","0","0","0","0","","","0","0","","0","0","","0","150","","0","Y","Y","Y","Y","","","0","","","","150",
"47","일반테마파크업","03_07_09_P","5710000","CDFI5271002026000001","2026-01-12","","01","영업/정상","13","영업중","","","","","","","","충청북도 청주시 청원구 주중동 1122","충청북도 청주시 청원구 밀레니엄1로 18, 생명누리공원 (주중동)","28353","에스와이엔진 콘텐츠(2025년 청주시 겨울철 눈썰매장)","2026-01-12 13:38:20","I","2026-01-14 00:20:02","","242714.134159176","353460.135858311","허가테마파크업","","","0","","","","","0","0","0","0","","","0","0","","0","0","","0","0","일반유원시설업","0","","","","","","","0","","","","0",
"48","일반테마파크업","03_07_09_P","4980000","CDFI5271002025000003","2025-10-17","","03","폐업","03","폐업","2025-10-26","","","","","","","경기도 광명시 광명동 150-17","경기도 광명시 오리로 974 (광명동)","14220","고구려기획","2026-01-12 10:16:10","U","2026-01-14 02:40:00","","187121.809585585","441941.719327999","허가테마파크업","","","0","","","","","0","0","0","0","","","0","0","","0","0","","0","0","미니바이킹, 에어범퍼카, 디스코팡팡, 화이타, 페달보트, 에어바운스, 유로번지","0","","","","","","","0","","","","0",
"49","일반테마파크업","03_07_09_P","5600000","CDFI5271002020000001","2020-06-22","","02","휴업","02","휴업","","2025-04-24","2026-04-24","","","","","경기도 포천시 이동면 도평리 509","경기도 포천시 이동면 금강로 6159-7","11110","휴랜드관광농원","2026-01-12 15:37:02","U","2026-01-14 02:40:00","","234036.728684707","508553.304875848","허가테마파크업","","관리지역","0","기타","","","","0","0","0","0","","","0","0","","0","0","","0","0","총 2종(3대) - 검사대상:1종 2대, 비검사:1종 1대","0","Y","","","Y","","","0","","","","0",
"50","일반테마파크업","03_07_09_P","4980000","CDFI5271002025000002","2025-10-02","","03","폐업","03","폐업","2025-11-02","","","","043-269-3650","","","충청북도 청주시 서원구 남이면 상발리 88-1","충청북도 청주시 서원구 남이면 사동구암로 243","28178","(주)지에이치","2026-01-12 10:14:19","U","2026-01-14 02:40:00","","236261.789890939","342778.366295964","허가테마파크업","","","0","","","","","0","0","0","0","","","0","0","","0","0","","0","0","","0","","","","","","","0","","","","0",
"51","일반테마파크업","03_07_09_P","3690000","CDFI5271002021000001","2021-04-06","","01","영업/정상","13","영업중","","","","","","","","울산광역시 중구 성남동 219-120","울산광역시 중구 젊음의거리 53 (성남동)","44532","울산노리존","2026-01-12 20:52:15","U","2026-01-14 02:40:00","","410264.123513677","230746.905447882","허가테마파크업","","","1","","","","","1","0","0","0","","","0","0","","0","0","","0","0","1개(타가다디스코)","0","Y","Y","Y","Y","","","0","","","","0",
"52","일반테마파크업","03_07_09_P","4980000","CDFI5271002023000003","2023-10-07","","03","폐업","03","폐업","2023-10-22","","","","","","","전라남도 장성군 장성읍 기산리 461-1 황미르교 가설점포","전라남도 장성군 장성읍 황룡강동쪽자전거길 732, 황미르교 가설점포","57220","고구려기획","2026-01-12 10:15:28","U","2026-01-14 02:40:00","","179540.358838571","200539.511211087","허가테마파크업","","자연녹지지역","0","기타","","","","0","0","0","0","","","0","0","","0","0","","0","0","5종 16대","0","Y","Y","Y","Y","","","0","","","","0",
"53","일반테마파크업","03_07_09_P","4980000","CDFI5271002023000004","2023-10-23","","03","폐업","03","폐업","2023-10-29","","","","","","","경기도 이천시 마장면 이치리 360-1","경기도 이천시 마장면 서이천로 47","17385","나라이엔지","2026-01-12 10:13:26","U","2026-01-14 02:40:00","","232268.502400362","416158.171179166","허가테마파크업","","자연녹지지역","0","","","","","0","0","0","0","","","0","0","","0","0","","0","0","3대 (1종)","0","","","","","","","0","","","","0",
"54","일반테마파크업","03_07_09_P","6510000","CDFI5271002023000001","2023-06-22","","01","영업/정상","13","영업중","","","","","064-728-8900","","","제주특별자치도 제주시 오등동 10-34 별빛누리공원","제주특별자치도 제주시 선돌목동길 60, 별빛누리공원 1층 (오등동)","63242","제주별빛누리공원","2026-01-13 14:34:37","U","2026-01-15 02:40:00","","158010.660201397","-5596.36085742002","허가테마파크업","","자연녹지지역","1","기타","","","문화시설","1","0","0","0","","","0","0","","0","0","","0","235.71","4D 영상관 시뮬레이터 1종 6대","0","Y","","","Y","","","0","","","","236",
"55","일반테마파크업","03_07_09_P","5250000","CDFI5271002016000001","2016-07-26","","01","영업/정상","13","영업중","","","","","","","","경상북도 울진군 근남면 수산리 346 왕피천공원","경상북도 울진군 근남면 왕피천공원길 1, 왕피천공원","36333","왕피천공원사업소","2026-01-13 16:58:20","U","2026-01-15 02:40:00","","413905.910118275","388052.944670755","허가테마파크업","","","0","기타","","","","0","0","0","0","","","0","0","","0","0","","0","0","비검사대상(코인(키즈)라이더 3대,미니기차 1대,전통카 4대), 안정성검사대상(헬리콥터라이더 1대,솔바람 기차 1대),","4","Y","","Y","Y","","","0","","","","0",
"56","일반테마파크업","03_07_09_P","5600000","CDFI5271002025000004","2025-12-18","","01","영업/정상","13","영업중","","","","","","","","경기도 포천시 이동면 도평리 산 78-5 공공화장실","경기도 포천시 이동면 포화로 236-14, 공공화장실","11110","포천 백운계곡 동장군축제","2026-01-13 13:54:12","U","2026-01-15 02:40:00","","235877.255476726","507625.190102862","허가테마파크업","","","0","","","","","0","0","0","0","","","0","0","","0","0","","0","0","확인검사 1종 2대(에어바운스), 안전성 검사 2종2대(미니바이킹 1대, ufo 우주선(매직스윙)1대)","0","","","","","","","0","","","","0",
"57","일반테마파크업","03_07_09_P","3940000","CDFI5271002025000003","2025-12-16","","01","영업/정상","13","영업중","","","","","","","","경기도 고양시 일산서구 대화동 2700 제2킨텍스","경기도 고양시 일산서구 킨텍스로 217-59, 제2킨텍스 9A,B홀호 (대화동)","10390","어린이체험전시 상상체험 키즈월드 레이싱 키즈월드","2026-01-13 18:47:01","U","2026-01-15 02:40:00","","177158.311187542","462546.660972252","허가테마파크업","","","0","","","","","0","0","0","0","","","0","0","","0","0","","0","0","안전성검사대상 17종26대, 확인검사대상 16종39대","0","Y","Y","Y","Y","","","0","","","","0",
"58","일반테마파크업","03_07_09_P","5600000","CDFI5271002024000003","2024-12-17","","01","영업/정상","13","영업중","","","","","","","","경기도 포천시 신북면 삼정리 386","경기도 포천시 신북면 청신로947번길 35","11137","라파우사","2026-01-13 13:52:36","U","2026-01-15 02:40:00","","211597.306302175","496121.132014561","허가테마파크업","","","0","","","","","0","0","0","0","","","0","0","","0","0","","0","0","총3종 14대 (비검사 2종 13대, 검사 1종 1대)","2","","","","","","","0","","","","0",
"59","일반테마파크업","03_07_09_P","3910000","CDFI5271002012000001","2012-12-18","","01","영업/정상","13","영업중","","","","","031-610-4417","","","경기도 평택시 진위면 봉남리 432","경기도 평택시 진위면 진위서로 264-15","17714","진위천유원지","2026-01-14 09:04:08","U","2026-01-16 02:40:00","","207629.69589382","399599.029563384","허가테마파크업","","","0","","","","","0","0","0","0","","","0","0","","0","0","","0","23253","안전검사대상 유기기구 1종","0","Y","","Y","Y","","","0","","","","23253",
"60","일반테마파크업","03_07_09_P","5090000","CDFI5271001991000001","1991-10-21","","01","영업/정상","13","영업중","","","","","054-637-5000","","750-863","경상북도 영주시 장수면 화기리 683","경상북도 영주시 장수면 충효로2032번길 46","36146","장수조이월드","2026-01-15 16:28:59","U","2026-01-17 02:40:00","","339398.883674585","363887.464030724","허가테마파크업","","","1","","","","","1","0","0","0","","","0","0","","0","0","","0","0","안전성검사 대상 - 7종, 비대상 - 4종","0","Y","","","Y","","","0","","","","0",
"61","일반테마파크업","03_07_09_P","5060000","CDFI5271002019000001","2019-07-26","","02","휴업","02","휴업","","2026-01-13","2026-05-30","","","","","경상북도 김천시 지례면 도곡리 532","경상북도 김천시 지례면 부항로 109-37","39690","(주)산내들 캠프빌리지 물놀이장","2026-01-15 09:12:56","U","2026-01-17 02:40:00","","291440.447892187","275668.422746254","허가테마파크업","","관리지역","1","","","","","1","0","0","0","","","0","0","","0","0","","0","0","바디슬라이드 1, 에어바운스 1","0","Y","","","Y","","","0","","","","0",
"62","일반테마파크업","03_07_09_P","3410000","CDFI5271002019000002","2019-12-20","","01","영업/정상","13","영업중","","","","","053-230-2010","","","대구광역시 중구 공평동 58-6","대구광역시 중구 동성로6길 61, 7층 (공평동)","41938","(주)스파크랜드","2026-01-15 15:09:52","U","2026-01-17 02:40:00","","344317.219568243","264349.485185736","허가테마파크업","","","0","","","","","0","0","0","0","","","0","0","","0","0","","0","0","6(회전관람차, 매직스윙, 타워라이드, 미니바이킹, 패러슈터타워,하늘그네), 4(미니시뮬레이션, 영상모험관, 미니라이더, 배터리카)","0","Y","Y","Y","Y","","","0","","","","0",
"63","일반테마파크업","03_07_09_P","4261000","CDFI5271002012000001","2012-12-20","","01","영업/정상","13","영업중","","","","","033-342-3631","","225-834","강원특별자치도 횡성군 둔내면 두원리 11","강원특별자치도 횡성군 둔내면 고원로 451","25263","(주)같이","2026-01-14 10:10:27","U","2026-01-17 02:40:00","","312123.271979682","444720.056290091","허가테마파크업","","","0","","","","","0","0","0","0","","","0","0","","0","0","","0","0","3종(범퍼카 12대. 회전목마 1대. 미니바이킹 1대)","3","","","","","","","0","","","","0",
"64","일반테마파크업","03_07_09_P","4261000","CDFI5271002020000001","2020-07-10","","03","폐업","03","폐업","2020-12-31","","","","0333403000","","","강원특별자치도 횡성군 둔내면 두원리 204 웰리힐리파크","강원특별자치도 횡성군 둔내면 고원로 451, 웰리힐리파크","25263","웰리힐리파크 워터플래닛","2026-01-14 10:27:04","U","2026-01-17 02:40:00","","310506.755038668","443916.785022628","허가테마파크업","","관리지역","0","기타","","","근린생활시설","2","1","0","0","","","0","0","","0","0","","0","0","인도어바디슬라이드.유수풀,아쿠아플레이","14","Y","","Y","Y","","","0","","","","0",
"65","일반테마파크업","03_07_09_P","4261000","CDFI5271002020000005","2020-07-24","","02","휴업","02","휴업","","2025-12-01","2026-03-31","","","","","강원특별자치도 횡성군 안흥면 안흥리 산 190-11","","","횡성루지 체험장","2026-01-14 11:38:34","U","2026-01-17 02:40:00","","299326.029617748","435759.734625985","허가테마파크업","","관리지역","1","기타","","","근린생활시설","1","0","0","0","","","0","0","","0","0","","0","0","루지.루지트랙","1","","","Y","Y","","","0","","","","0",
"66","일반테마파크업","03_07_09_P","3540000","CDFI5271002023000001","2023-04-25","","01","영업/정상","13","영업중","","","","","","","","인천광역시 부평구 부평동 534-27 대한빌딩","인천광역시 부평구 경원대로 1382, 대한빌딩 지하1층 (부평동)","21404","노리존 부평점","2026-01-15 17:52:19","U","2026-01-17 02:40:00","","175370.964414452","443242.932847396","허가테마파크업","","","0","","","","","0","0","0","0","","","0","0","","0","0","","0","0","타가다디스코 1대","0","","","","","","","0","","","","0",
"67","일반테마파크업","03_07_09_P","5310000","CDFI5271002014000001","2014-09-05","","01","영업/정상","13","영업중","","","","","055-758-0101","","660-812","경상남도 진주시 내동면 독산리 576-5","경상남도 진주시 내동면 망경로 13","52849","남강레저산업(주)","2026-01-15 13:16:07","U","2026-01-17 02:40:00","","297160.759609224","185743.483794023","허가테마파크업","","","1","","","","","0","0","0","0","","","0","0","","0","0","","0","19089","레일바이크 1종(50대), 허리케인 1대, 스윙유에프오 1대, 미니바이킹 1대, 점핑플로그 1대 등","0","Y","","","","","","0","","","","19089",
"68","일반테마파크업","03_07_09_P","3410000","CDFI5271002023000001","2023-01-10","","01","영업/정상","13","영업중","","","","","053-285-8080","","","대구광역시 중구 남일동 135-3","대구광역시 중구 진골목길 32 (남일동)","41935","크레이지팡팡","2026-01-15 15:36:17","U","2026-01-17 02:40:00","","343800.630256577","264352.552626946","허가테마파크업","","","0","","","","","0","0","0","0","","","0","0","","0","0","","0","1376.3","2개","0","Y","Y","Y","Y","","","0","","","","1376",
"69","일반테마파크업","03_07_09_P","5090000","CDFI5271002022000001","2022-09-29","","01","영업/정상","13","영업중","","","","","054-630-9700","","","경상북도 영주시 순흥면 청구리 303 선비세상","경상북도 영주시 순흥면 선비세상로 1, 선비세상","36013","선비세상","2026-01-15 16:30:01","U","2026-01-17 02:40:00","","341268.837816234","382246.052378683","허가테마파크업","","","0","","","","","0","0","0","0","","","0","0","","0","0","","0","0","무궤도열차 2대, 배터리카 5대, 미니에어바운스 1대","3","","","","","","","0","","","","0",
"70","일반테마파크업","03_07_09_P","3330000","CDFI5271002023000003","2023-12-01","","01","영업/정상","13","영업중","","","","","","","","부산광역시 해운대구 우동 1413-4 벡스코제2전시장","부산광역시 해운대구 APEC로 30, 벡스코제2전시장, 5B~ E홀 (우동)","48060","벡스코 상상체험 키즈월드","2026-01-14 17:50:39","U","2026-01-17 02:40:00","","394457.407487917","187231.530457387","허가테마파크업","","","0","","","","","3","0","0","0","","","0","0","","0","0","","0","0","안전성 검사대상 10종 14대, 안전성검사 비대상 18종 32대","0","","","","","","","0","","","","0",
