"번호","개방서비스명","개방서비스아이디","개방자치단체코드","관리번호","인허가일자","인허가취소일자","영업상태구분코드","영업상태명","상세영업상태코드","상세영업상태명","폐업일자","휴업시작일자","휴업종료일자","재개업일자","소재지전화","소재지면적","소재지우편번호","소재지전체주소","도로명전체주소","도로명우편번호","사업장명","최종수정시점","데이터갱신구분","데이터갱신일자","업태구분명","좌표정보x(epsg5174)","좌표정보y(epsg5174)","문화체육업종명","문화사업자구분명","지역구분명","총층수","주변환경명","제작취급품목내용","보험기관명","건물용도명","지상층수","지하층수","객실수","건축연면적","영문상호명","영문상호주소","선박총톤수","선박척수","선박제원","무대면적","좌석수","기념품종류","회의실별동시수용인원","시설면적","놀이기구수내역","놀이시설수","방송시설유무","발전시설유무","의무실유무","안내소유무","기획여행보험시작일자","기획여행보험종료일자","자본금","보험시작일자","보험종료일자","부대시설내역","시설규모","사업자등록번호",
"1","국내여행업","03_12_01_P","6510000","CDFI2260012016000004","2016-02-11","","01","영업/정상","13","영업중","","","","","064-743-7290","","","제주특별자치도 제주시 삼도이동 1112-22","제주특별자치도 제주시 무근성7길 37, 3층 (삼도이동)","63166","주식회사 여행가자","2025-12-31 16:32:54","U","2026-01-03 02:40:00","","150958.774547276","-128.742647305173","국내여행업","","상업지역","0","기타","","제주특별자치도관광협회","","2","0","0","0","","","0","0","","0","0","","0","58","","0","","","","","","","0","20250626","20260626","","58","",
"2","국내여행업","03_12_01_P","3990000","CDFI2260012024000003","2020-01-13","","01","영업/정상","13","영업중","","","","","02-935-1573","","","경기도 남양주시 별내동 974 1113-호","경기도 남양주시 순화궁로 282, 1113-19호 (별내동)","12106","(주)더하나투어","2025-12-31 14:27:15","U","2026-01-03 02:40:00","","211342.232326495","461123.873998311","국내여행업","","","4","","","서울보증보험","근린생활시설","3","1","0","0","","","0","0","","0","0","","0","55.2","","0","","","","","","","15000000","20260120","20270119","","55","",
"3","국내여행업","03_12_01_P","3150000","CDFI2260012019000017","2019-12-12","","03","폐업","03","폐업","2025-12-31","","","","070-4045-7486","","","서울특별시 강서구 마곡동 757 두산더랜드파크 OA동 619호","서울특별시 강서구 마곡중앙로 161-8, 두산더랜드파크 OA동 619호 (마곡동)","07788","씨앤엠플러스(주)","2025-12-31 15:02:59","U","2026-01-03 02:40:00","","184655.264279055","451864.298152252","국내여행업","","","0","","","","","0","0","0","0","","","0","0","","0","0","","0","0","","0","","","","","","","20000000","20251219","20261218","","0","",
"4","국내여행업","03_12_01_P","3740000","CDFI2260012025000005","2025-12-26","","01","영업/정상","13","영업중","","","","","","","","경기도 수원시 장안구 송죽동 506-8 신성빌딩","경기도 수원시 장안구 송원로 63, 신성빌딩 19호 (송죽동)","16305","다니엘투어","2025-12-31 14:10:59","U","2026-01-03 02:40:00","","200672.665725599","422087.447900774","국내여행업","","","0","","","서울보증보험주식회사","","0","0","0","0","","","0","0","","0","0","","0","0","","0","","","","","","","15000000","20251230","20261229","","0","",
"5","국내여행업","03_12_01_P","5710000","CDFI2260012024000001","2024-03-07","","03","폐업","03","폐업","2025-12-23","","","","043-295-2201","","","충청북도 청주시 서원구 미평동 326-5 충북리무진","충청북도 청주시 서원구 2순환로 1602, 충북리무진 (미평동)","28621","대영투어 주식회사","2025-12-31 15:34:49","U","2026-01-03 02:40:00","","240838.075496418","344629.549104239","국내여행업","","","1","","","","","1","0","0","0","","","0","0","","0","0","","0","221.14","","0","","","","","","","150000000","20240425","20250425","","221","",
"6","국내여행업","03_12_01_P","5530000","CDFI2260012018000005","2018-09-04","","03","폐업","03","폐업","2022-12-09","","","","031 352 7167","","","경기도 화성시 우정읍 조암리 348","경기도 화성시 우정읍 3.1만세로 29, 3층","18567","(주)고구려여행사","2025-12-31 14:45:52","U","2026-01-03 02:40:00","","183680.139088429","397850.64988463","국내여행업","","","0","","","서울보증보험주식회사","","0","0","0","0","","","0","0","","0","0","","0","0","","0","","","","","","","18000000","20190906","20200905","","0","",
"7","국내여행업","03_12_01_P","3150000","CDFI2260012009000005","2005-12-26","","03","폐업","03","폐업","2025-12-31","","","","","","157-842","서울특별시 강서구 등촌동 656-54 베스틴빌딩 3층 302호","서울특별시 강서구 공항대로 411  (등촌동,베스틴빌딩 3층 302호)","","(주)나무나루","2025-12-31 10:41:17","U","2026-01-03 02:40:00","","186988.441947115","450457.806553468","국내여행업","관광사업","","0","","","서울보증보험","","0","0","0","0","","","0","0","","0","0","","0","0","","0","","","","","","","150000000","20091101","20101031","","0","",
"8","국내여행업","03_12_01_P","3170000","CDFI2260012025000002","2024-02-26","","03","폐업","03","폐업","2025-12-31","","","","02-303-6010","","","서울특별시 금천구 시흥동 266-2875 금천구 공동체경제통합지원센터","서울특별시 금천구 탑골로8길 23, 금천구 공동체경제통합지원센터 401호 (시흥동)","08656","주식회사 말하는사람들","2025-12-31 16:55:26","U","2026-01-03 02:40:00","","192385.225875306","438756.598068106","국내여행업","","","0","","","서울보증보험(2천만원)","","0","0","0","0","","","0","0","","0","0","","0","38.21","","0","","","","","","","28450000","20250301","20260228","","38","",
"9","국내여행업","03_12_01_P","3860000","CDFI2260012018000012","2018-11-21","","01","영업/정상","13","영업중","","","","","032-344-9100","","","경기도 부천시 원미구 상동 413 상동스카이뷰자이","경기도 부천시 원미구 부일로 203, 215호 (상동, 상동스카이뷰자이)","14598","현대관광개발","2025-12-31 11:06:52","U","2026-01-03 02:40:00","","178036.840978959","443022.427663444","국내여행업","","상업지역","0","","","서울보증보험(주)","","0","0","0","0","","","0","0","","0","0","","0","0","","0","","","","","","","30000000","20251121","20261120","","0","",
"10","국내여행업","03_12_01_P","4181000","CDFI2260012026000001","2026-01-02","","01","영업/정상","13","영업중","","","","","033-255-0421","","","강원특별자치도 춘천시 석사동 706-7","강원특별자치도 춘천시 벌말길47번길 15 (석사동)","24384","주식회사 강원숲길치유센터","2026-01-02 14:02:31","I","2026-01-04 00:20:12","","265088.470148917","484428.053054162","국내여행업","","","0","","","","사무실","0","0","0","0","","","0","0","","0","0","","0","0","","0","","","","","","","7500000","","","","0","",
"11","국내여행업","03_12_01_P","3000000","CDFI2260012017000017","2017-11-27","","03","폐업","03","폐업","2021-03-23","","","","","","","서울특별시 종로구 청진동 70 그랑서울 타워1동 7호","서울특별시 종로구 종로 33, 타워1동 7층 (청진동)","03159","(주)마음담다","2026-01-02 14:38:51","U","2026-01-04 02:40:00","","198286.311784052","452091.444332546","국내여행업","","","0","","","서울보증보험(20,000,000)","","0","0","0","0","","","0","0","","0","0","","0","0","","0","","","","","","","50000000","20191001","20200930","","0","",
"12","국내여행업","03_12_01_P","3000000","CDFI2260011999000015","1999-06-10","","03","폐업","03","폐업","2021-03-23","","","","773-3118","","","서울특별시 종로구 내수동 75 용비어천가 1101호","서울특별시 종로구 새문안로3길 36, 1101호 (내수동, 용비어천가)","03173","금강산관광(주)","2026-01-02 14:41:22","U","2026-01-04 02:40:00","","197567.747824202","452347.973860449","국내여행업","관광사업","","0","","","서울보증보험(20,000,000)","","0","0","0","0","","","0","0","","0","0","","0","0","","0","","","","","","","150000000","20190922","20200921","","0","",
"13","국내여행업","03_12_01_P","3000000","CDFI2260012017000002","2012-11-20","","03","폐업","03","폐업","2021-03-23","","","","02-723-1780","","","서울특별시 종로구 당주동 160 304호","서울특별시 종로구 새문안로5길 13, 304호 (당주동, 변호사회관)","03182","(주)이모든여행","2026-01-02 14:39:22","U","2026-01-04 02:40:00","","197673.919714838","452123.434528869","국내여행업","","","18","","","서울보증보험(40,000,000)","사무실","17","1","0","0","","","0","0","","0","0","","0","92.4","","0","","","","","","","30000000","20240101","20241231","","92","",
"14","국내여행업","03_12_01_P","3000000","CDFI2260012014000007","2009-07-01","","03","폐업","03","폐업","2021-03-23","","","","723-7878","","110-890","서울특별시 종로구 인의동 48-2 효성주얼리시티 제이비 1315~ 1318호","서울특별시 종로구 종로 183, 지하1층 제이비 1315~1318호 (인의동, 효성주얼리시티)","03130","(주)SK위드여행사","2026-01-02 14:39:50","U","2026-01-04 02:40:00","","199812.609633255","452132.648343993","국내여행업","","","0","","","서울보증보험(20,000,000)","","0","0","0","0","","","0","0","","0","0","","0","49.83","","0","","","","","","","50000000","20190820","20200819","","50","",
"15","국내여행업","03_12_01_P","3000000","CDFI2260012004000011","2004-03-04","","03","폐업","03","폐업","2021-03-23","","","","723-2343","","110-999","서울특별시 종로구 신문로1가 163 광화문오피시아 2105호","서울특별시 종로구 새문안로 92, 2105호 (신문로1가, 광화문오피시아)","03186","(주)투어리아","2026-01-02 14:40:51","U","2026-01-04 02:40:00","","197713.264843734","451938.037703258","국내여행업","관광사업","","0","","","서울보증보험(20,000,000)","","0","0","0","0","","","0","0","","0","0","","0","0","","0","","","","","","","150000000","20191014","20201013","","0","",
"16","국내여행업","03_12_01_P","3000000","CDFI2260012006000018","2006-05-29","","03","폐업","03","폐업","2021-03-23","","","","02-2277-5155","","","서울특별시 종로구 신교동 59 602호","서울특별시 종로구 필운대로 116, 신우빌딩 602호 (신교동)","03035","(주)여행자클럽","2026-01-02 14:40:20","U","2026-01-04 02:40:00","","197282.600883573","453488.220835563","국내여행업","관광사업","","0","","","관광공제회","","0","0","0","0","","","0","0","","0","0","","0","0","","0","","","","","","","0","20221213","20231213","","0","",
"17","국내여행업","03_12_01_P","6510000","CDFI2260012003100029","2003-01-14","","01","영업/정상","13","영업중","","","","","","","","제주특별자치도 제주시 일도이동 168-24","제주특별자치도 제주시 신산로 75, 2층 (일도이동)","63271","굿데이제주여행사","2026-01-02 13:54:48","U","2026-01-04 02:40:00","","156682.578862104","1293.15844457802","국내여행업","","","0","","","서울보증보험","","0","0","0","0","","","0","0","","0","0","","0","0","","0","","","","","","","0","20251207","20261206","","0","",
"18","국내여행업","03_12_01_P","6510000","CDFI2260012018000002","2018-01-10","","01","영업/정상","13","영업중","","","","","064-805-3393","","","제주특별자치도 제주시 삼도이동 1105 삼도파크빌","제주특별자치도 제주시 무근성7길 27, 202호 (삼도이동, 삼도파크빌)","63166","주식회사 버틀러투어","2026-01-02 14:05:24","U","2026-01-04 02:40:00","","155409.173946061","2174.41658318908","국내여행업","","","0","","","서울보증보험","","0","0","0","0","","","0","0","","0","0","","0","0","","0","","","","","","","50000000","20260110","20270109","","0","",
"19","국내여행업","03_12_01_P","6510000","CDFI2260012017000002","2017-01-16","","01","영업/정상","13","영업중","","","","","","","","제주특별자치도 제주시 일도이동 1046-11","제주특별자치도 제주시 삼성로 39 (일도이동)","63269","골든여행사","2026-01-02 13:53:37","U","2026-01-04 02:40:00","","156239.624581995","1238.1485126503","국내여행업","","","0","","","제주특별자치도관광협회","","0","0","0","0","","","0","0","","0","0","","0","0","","0","","","","","","","50000000","20260115","20270115","","0","",
"20","국내여행업","03_12_01_P","5090000","CDFI2260012025000002","2025-12-30","","01","영업/정상","13","영업중","","","","","","","","경상북도 영주시 가흥동 1596","경상북도 영주시 대학로284번길 18-7, 301호 (가흥동)","36136","성호관광여행사","2026-01-02 14:10:45","U","2026-01-04 02:40:00","","343316.210246183","369944.010231205","국내여행업","","","0","","","서울보증보험주식회사","","0","0","0","0","","","0","0","","0","0","","0","0","","0","","","","","","","0","20251230","20261229","","0","",
"21","국내여행업","03_12_01_P","6510000","CDFI2260012025000028","2023-05-25","","01","영업/정상","13","영업중","","","","","","","","제주특별자치도 제주시 용담이동 940-12 1층","제주특별자치도 제주시 용해로 49, 1층 (용담이동)","63158","스위트메이 주식회사","2026-01-02 14:00:03","U","2026-01-04 02:40:00","","153746.872318653","1934.29714313994","국내여행업","","일반상업지역","0","기타","","서울보증보험","사무실","0","0","0","0","","","0","0","","0","0","","0","20.66","","0","","","","","","","50000000","20250525","20260524","","21","",
"22","국내여행업","03_12_01_P","3000000","CDFI2260012020000011","2020-06-19","","03","폐업","03","폐업","2021-03-23","","","","","","","서울특별시 종로구 옥인동 108","서울특별시 종로구 필운대로 53-30, 2층 (옥인동)","03034","욜로고","2026-01-02 14:37:50","U","2026-01-04 02:40:00","","197100.758115245","453166.422580396","국내여행업","","","0","","","서울보증보험(20,000,000)","","0","0","0","0","","","0","0","","0","0","","0","0","","0","","","","","","","3629393","20200713","20210607","","0","",
"23","국내여행업","03_12_01_P","6510000","CDFI2260012022000046","2022-12-09","","01","영업/정상","13","영업중","","","","","","","","제주특별자치도 제주시 애월읍 광령리 44 드림캐슬 102동 101호","제주특별자치도 제주시 애월읍 중산간서로 6703-10, 102동 101호 (드림캐슬)","63060","지금 제주","2026-01-02 14:03:53","U","2026-01-04 02:40:00","","148321.98160436","-3705.76419746253","국내여행업","","","0","","","제주특별자치도관광협회","","0","0","0","0","","","0","0","","0","0","","0","0","","0","","","","","","","50000000","20251230","20261230","","0","",
"24","국내여행업","03_12_01_P","6510000","CDFI2260012022000048","2022-12-30","","01","영업/정상","13","영업중","","","","","","","","제주특별자치도 제주시 연동 1374 진현빌딩","제주특별자치도 제주시 연북로 92, 진현빌딩 2층 (연동)","63139","제주원데이투어","2026-01-02 14:02:45","U","2026-01-04 02:40:00","","152629.93245544","-1539.38129512554","국내여행업","","","0","","","제주특별자치도관광협회","","0","0","0","0","","","0","0","","0","0","","0","0","","0","","","","","","","54449076","20260103","20270103","","0","",
"25","국내여행업","03_12_01_P","4020000","CDFI2260012007000003","2007-05-15","","03","폐업","03","폐업","2025-12-31","","","","","","435-841","경기도 군포시 산본동 218-6","경기도 군포시 산본천로179번길 14 (산본동)","15806","히트투어","2026-01-02 13:43:37","U","2026-01-04 02:40:00","","194419.296746814","429796.296327395","국내여행업","관광사업","","0","","","서울보증보험주식회사","","0","0","0","0","Hit tour","Tourism business","0","0","","0","0","","0","0","","0","","","","","","","50000000","20231119","20241118","","0","",
"26","국내여행업","03_12_01_P","3740000","CDFI2260012021000001","2018-01-31","","03","폐업","03","폐업","2026-01-02","","","","","","","경기도 수원시 영통구 하동 1016 광교 효성해링턴 타워","경기도 수원시 영통구 광교중앙로 170, 광교 효성해링턴 타워 A동 17층 1707호 (하동)","16514","큐패스코리아 주식회사","2026-01-02 13:11:08","U","2026-01-04 02:40:00","","205311.283256449","420682.801161761","국내여행업","","","0","","","서울보증보험(3천만원)","","0","0","0","0","","","0","0","","0","0","","0","0","","0","","","","","","","50000000","20200207","20210206","","0","",
"27","국내여행업","03_12_01_P","5600000","CDFI2260012002000001","2002-03-12","","01","영업/정상","13","영업중","","","","","031-536-4150","","487-915","경기도 포천시 신북면 기지리 884","경기도 포천시 신북면 호국로 2044","11139","(주)유원관광","2026-01-05 11:41:49","U","2026-01-07 02:40:00","","219816.470029717","492169.908034536","국내여행업","관광사업","","3","","","서울보증보험","근린생활시설","3","0","0","0","Co., Ltd. Yu-won  Tour","Domestic tour agency","0","0","","0","0","","0","33","","0","","","","","","","150000000","20250726","20260726","","33","",
"28","국내여행업","03_12_01_P","5600000","CDFI2260012003000001","2003-01-22","","01","영업/정상","13","영업중","","","","","","","","경기도 포천시 군내면 유교리 457-6","경기도 포천시 군내면 유교로 175","11157","천일고속관광(주)","2026-01-05 11:43:22","U","2026-01-07 02:40:00","","","","국내여행업","관광사업","","0","","","서울보증보험","","0","0","0","0","","","0","0","","0","0","","0","0","","0","","","","","","","150000000","20250826","20260826","","0","",
"29","국내여행업","03_12_01_P","5600000","CDFI2260012011000001","2011-12-14","","01","영업/정상","13","영업중","","","","","031-544-2848","","","경기도 포천시 선단동 8-5","경기도 포천시 탑동가산로 548 (선단동)","11158","투어샵","2026-01-05 11:27:58","U","2026-01-07 02:40:00","","215019.544627424","483944.583155903","국내여행업","","준주거지역","1","아파트지역","","서울보증보험주식회사","근린생활시설","3","1","0","0","Tour Shop","Domestic Tour Agency","0","0","","0","0","","0","33","","0","","","","","","","78000000","20250101","20251231","","33","",
"30","국내여행업","03_12_01_P","5600000","CDFI2260012012000001","2010-01-25","","01","영업/정상","13","영업중","","","","","","","","경기도 포천시 가산면 마산리 399-25","경기도 포천시 가산면 선마로 238","11164","하나포천투어","2026-01-05 11:32:38","U","2026-01-07 02:40:00","","216399.443170036","482739.88816105","국내여행업","","일반상업지역","2","학교정화(상대)","","서울보증보험","근린생활시설","2","0","0","0","Hana Pocheon Tour","Domestic tour agengcy","0","0","","0","0","","0","47.53","","0","","","","","","","160000000","20250901","20260831","","48","",
"31","국내여행업","03_12_01_P","5600000","CDFI2260012012000002","2012-07-11","","01","영업/정상","13","영업중","","","","","031-542-9233","","487-823","경기도 포천시 소흘읍 송우리 146-2","경기도 포천시 소흘읍 솔모루로 53","11178","드림여행사","2026-01-05 11:29:48","U","2026-01-07 02:40:00","","212655.091335009","480513.513671117","국내여행업","","근린상업지역","3","아파트지역","","서울보증보험","근린생활시설","3","0","0","0","","","0","0","","0","0","","0","50","","0","","","","","","","30000000","20251008","20261007","","50","",
"32","국내여행업","03_12_01_P","5600000","CDFI2260012013000001","2013-04-08","","01","영업/정상","13","영업중","","","","","","","","경기도 포천시 신읍동 112-11","경기도 포천시 호병로 51-10 (신읍동)","11148","IC TOUR","2026-01-05 11:34:12","U","2026-01-07 02:40:00","","217285.241111162","488050.788934465","국내여행업","","자연녹지지역","0","학교정화(상대)","","서울보증보험주식회사","근린생활시설","1","0","0","0","","","0","0","","0","0","","0","33","","0","","","","","","","30000000","20250801","20260731","","33","",
"33","국내여행업","03_12_01_P","5600000","CDFI2260012013000004","2013-08-04","","01","영업/정상","13","영업중","","","","","031-531-0178","","487-892","경기도 포천시 영북면 운천리 505-11","경기도 포천시 영북면 운천로 8","11105","주식회사 조은","2026-01-05 11:35:18","U","2026-01-07 02:40:00","","223916.029626986","509891.208826298","국내여행업","","준주거지역","2","학교정화(상대)","","서울보증보험주식회사","사무실","1","0","0","0","","","0","0","","0","0","","0","26","","0","","","","","","","30000000","20250805","20260804","","26","",
"34","국내여행업","03_12_01_P","6510000","CDFI2260012015000002","2015-01-08","","01","영업/정상","13","영업중","","","","","064-805-6565","","690-846","제주특별자치도 제주시 삼도일동 554-6","제주특별자치도 제주시 서광로21길 4-1, 2층층 (삼도일동)","63182","나우제주","2026-01-05 18:30:18","U","2026-01-07 02:40:00","","155526.065999918","559.026062112054","국내여행업","","","0","","","서울보증보험","사무실","0","0","0","0","","","0","0","","0","0","","0","44","","0","","","","","","","50000000","20260108","20270107","","44","",
"35","국내여행업","03_12_01_P","5600000","CDFI2260012015000002","2015-11-02","","01","영업/정상","13","영업중","","","","","031-543-9922","","","경기도 포천시 자작동 588-4","경기도 포천시 자작로 155, 경기대진테크노파크 304-2호 (자작동)","11158","브이아이피여행(주)","2026-01-05 11:40:17","U","2026-01-07 02:40:00","","214204.284090553","485923.217347631","국내여행업","","관리지역","6","기타","","서울보증보험주식회사","교육연구시설","5","1","0","0","","","0","0","","0","0","","0","96.66","","0","","","","","","","30000000","20251022","20281021","","97","",
"36","국내여행업","03_12_01_P","5600000","CDFI2260012017000001","1998-06-15","","01","영업/정상","13","영업중","","","","","031-536-7740,","","","경기도 포천시 신북면 가채리 809-5","경기도 포천시 신북면 원앙로 99","11140","하나플러스투어(주)","2026-01-05 11:40:56","U","2026-01-07 02:40:00","","218117.497915878","489094.697888573","국내여행업","관광사업","준주거지역","1","기타","","서울보증보험","사무실","1","0","0","0","Hana Plus Tour co., Ltd.","Domestic Travel Agency","0","0","","0","0","","0","52.81","","0","","","","","","","200000000","20240621","20270620","","53","",
"37","국내여행업","03_12_01_P","3200000","CDFI2260012025000004","2025-12-29","","01","영업/정상","13","영업중","","","","","","","","서울특별시 관악구 신림동 299-17","서울특별시 관악구 광신길 237, 지하1층 (신림동)","08846","힐링로드","2026-01-05 11:15:11","U","2026-01-07 02:40:00","","193791.180894756","440520.004217588","국내여행업","","","0","","","","","0","0","0","0","","","0","0","","0","0","","0","0","","0","","","","","","","0","20251231","20261230","","0","",
"38","국내여행업","03_12_01_P","3150000","CDFI2260012012000008","2012-07-27","","03","폐업","03","폐업","2023-12-07","","","","02-2607-6896","","157-884","서울특별시 강서구 화곡동 372-1 지층","서울특별시 강서구 가로공원로 186, 지층 (화곡동)","157-884","주식회사 착한여행늘봄","2026-01-05 17:04:36","U","2026-01-07 02:40:00","","185498.755132778","448300.451846753","국내여행업","","","0","","","","","0","0","0","0","","","0","0","","0","0","","0","0","","0","","","","","","","30000000","","","","0","",
"39","국내여행업","03_12_01_P","4090000","CDFI2260012020000003","2020-08-05","","01","영업/정상","13","영업중","","","","","02-737-7274","","","경기도 김포시 양촌읍 양곡리 279-1","경기도 김포시 양촌읍 양곡4로 139, 나동 104호","10057","주식회사 하나트레블","2026-01-05 09:27:52","U","2026-01-07 02:40:00","","166728.39096648","462059.048308218","국내여행업","","","0","","","관광공제회","","0","0","0","0","","","0","0","","0","0","","0","0","","0","","","","","","","0","20250904","20260904","","0","",
"40","국내여행업","03_12_01_P","6510000","CDFI2260012023000001","2023-01-03","","01","영업/정상","13","영업중","","","","","","","","제주특별자치도 제주시 용담삼동 1032-3 101호","제주특별자치도 제주시 서해안로 620-13, 101호 (용담삼동)","63150","주식회사 제주마음렌트카","2026-01-05 18:25:39","U","2026-01-07 02:40:00","","153753.722782165","2240.13204931294","국내여행업","","","0","","","서울보증보험","","0","0","0","0","","","0","0","","0","0","","0","0","","0","","","","","","","100000000","20260103","20270102","","0","",
"41","국내여행업","03_12_01_P","3420000","CDFI2260012021000003","2021-06-04","","03","폐업","03","폐업","2024-06-20","","","","","","","대구광역시 동구 신서동 557-7","대구광역시 동구 동호로 143, 2층 (신서동)","41088","(주)예문관","2026-01-05 15:27:08","U","2026-01-07 02:40:00","","356353.404987598","264478.094357599","국내여행업","","","0","","","관광공제회","","2","0","0","0","","","0","0","","0","0","","0","0","","0","","","","","","","500000000","","","","0","",
"42","국내여행업","03_12_01_P","5600000","CDFI2260012023000001","2011-03-03","","01","영업/정상","13","영업중","","","","","","","","경기도 포천시 화현면 명덕리 570-6","경기도 포천시 화현면 봉화로577번길 32","11125","(주)팔삼하나여행사","2026-01-05 11:37:53","U","2026-01-07 02:40:00","","224003.847541918","488449.93298799","국내여행업","","","0","","","경기도관광협회(3천만원)","","0","0","0","0","","","0","0","","0","0","","0","0","","0","","","","","","","30000000","20241025","20261024","","0","",
"43","국내여행업","03_12_01_P","5160000","CDFI2260012016000001","2016-06-14","","01","영업/정상","13","영업중","","","","","054-873-7799","","","경상북도 청송군 청송읍 금곡리 844-17 품에그린","경상북도 청송군 청송읍 금곡4길 3, C동 1층 102호 (품에그린)","37433","청송관광협동조합","2026-01-06 09:08:54","U","2026-01-09 02:40:00","","383903.946230858","328156.800031501","국내여행업","","","1","","","","사무실","0","0","0","0","","","0","0","","0","0","","0","130","","0","","","","","","","30000000","","","","130","",
"44","국내여행업","03_12_01_P","4580000","CDFI2260012018000002","2018-07-24","","03","폐업","03","폐업","2026-01-06","","","","","","","충청남도 서천군 서천읍 군사리 568-2","충청남도 서천군 서천읍 서천로 47","33646","굿모닝 여행사","2026-01-06 16:30:51","U","2026-01-09 02:40:00","","172393.542251518","286224.085855285","국내여행업","","","0","","","","","0","0","0","0","","","0","0","","0","0","","0","0","","0","","","","","","","40000000","","","","0","",
"45","국내여행업","03_12_01_P","6510000","CDFI2260012019000022","2019-05-15","","01","영업/정상","13","영업중","","","","","064-722-9907","","","제주특별자치도 제주시 용담이동 481-27 2층","제주특별자치도 제주시 용두암길 14, 2층 (용담이동)","63152","큐제주닷컴","2026-01-06 10:28:53","U","2026-01-09 02:40:00","","155820.923647082","-101.060543739437","국내여행업","","","0","","","제주특별자치도관광협회","","0","0","0","0","","","0","0","","0","0","","0","0","","0","","","","","","","50000000","20250516","20260516","","0","",
"46","국내여행업","03_12_01_P","6510000","CDFI2260012013000034","2013-06-05","","01","영업/정상","13","영업중","","","","","","","","제주특별자치도 제주시 노형동 939-4 영보아파트 201호","제주특별자치도 제주시 원노형로 36, 201호 (노형동, 영보아파트)","63082","(주)제주사람들","2026-01-07 18:04:47","U","2026-01-09 02:40:00","","152030.968312106","-1089.63563776642","국내여행업","","","0","","","제주특별자치도관광협회","","0","0","0","0","","","0","0","","0","0","","0","0","","0","","","","","","","50000000","20260107","20270107","","0","",
"47","국내여행업","03_12_01_P","6510000","CDFI2260012012000007","2012-01-18","","01","영업/정상","13","영업중","","","","","","","","제주특별자치도 제주시 용담이동 481-27 2층","제주특별자치도 제주시 용두암길 14, 2층 (용담이동)","63152","제주닷투","2026-01-06 10:27:37","U","2026-01-09 02:40:00","","155820.923647082","-101.060543739437","국내여행업","","","0","","","제주특별자치도관광협회","","0","0","0","0","","","0","0","","0","0","","0","60","","0","","","","","","","50000000","20230113","20240113","","60","",
"48","국내여행업","03_12_01_P","6510000","CDFI2260012018000019","2018-04-03","","01","영업/정상","13","영업중","","","","","064-748-3112","","","제주특별자치도 제주시 연동 302-12 신평화빌딩 206호","제주특별자치도 제주시 신대로13길 1, 신평화빌딩 206호 (연동)","63122","22세기여행사","2026-01-07 15:03:59","U","2026-01-09 02:40:00","","153187.087907833","-832.712407264074","국내여행업","","","0","","","제주특별자치도관광협회","","0","0","0","0","","","0","0","","0","0","","0","0","","0","","","","","","","54108288","20250409","20260409","","0","",
"49","국내여행업","03_12_01_P","6510000","CDFI2260012015000001","2015-01-05","","01","영업/정상","13","영업중","","","","","","","","제주특별자치도 제주시 건입동 657","제주특별자치도 제주시 임항로 257, 3층 (건입동)","63283","히든여행사","2026-01-06 13:46:48","U","2026-01-09 02:40:00","","157095.75962775","2449.45478333662","국내여행업","","","0","","","서울보증보험","사무실","0","0","0","0","","","0","0","","0","0","","0","61","","0","","","","","","","50000000","20260105","20270104","","61","",
"50","국내여행업","03_12_01_P","6510000","CDFI2260012002000043","2002-01-11","","01","영업/정상","13","영업중","","","","","743-0701","","","제주특별자치도 제주시 연동 1524 203호","제주특별자치도 제주시 국기중길 28, 203호 (연동)","63139","(주)제주새롬여행사","2026-01-07 17:12:30","U","2026-01-09 02:40:00","","152723.209958297","-1833.31763055602","국내여행업","관광사업","","0","","","서울보증보험","","0","0","0","0","","","0","0","","0","0","","0","0","","0","","","","","","","50000000","20260111","20270110","","0","",
"51","국내여행업","03_12_01_P","6510000","CDFI2260012005000006","2005-01-24","","01","영업/정상","13","영업중","","","","","","","","제주특별자치도 제주시 일도이동 46","제주특별자치도 제주시 천수로 92, 208동 202호 (일도이동, 2차신천지아파트)","63257","제주항공여행사","2026-01-06 15:17:53","U","2026-01-09 02:40:00","","157741.82393166","1207.64002334212","국내여행업","관광사업","","0","","","제주특별자치도관광협회","","0","0","0","0","","","0","0","","0","0","","0","0","","0","","","","","","","50000000","20260123","20270123","","0","",
"52","국내여행업","03_12_01_P","6510000","CDFI2260012000000019","2000-01-08","","01","영업/정상","13","영업중","","","","","742-9995","","690-170","제주특별자치도 제주시 연동 130-13 2층","제주특별자치도 제주시 연삼로 27 (연동,2층)","","제주남북관광여행사","2026-01-06 18:01:18","U","2026-01-09 02:40:00","","153027.650113209","-166.139137879189","국내여행업","관광사업","","2","","","서울보증보험","근린생활시설","2","0","0","0","","","0","0","","0","0","","0","35","","0","","","","","","","50000000","20260114","20270113","","35","",
"53","국내여행업","03_12_01_P","3180000","CDFI2260012019000009","2014-01-27","","01","영업/정상","13","영업중","","","","","02-393-3875","","","서울특별시 영등포구 양평동4가 207 4층","서울특별시 영등포구 선유로53길 34-9, 4층 (양평동4가)","07206","(주)씨더블유씨","2026-01-07 15:07:04","U","2026-01-09 02:40:00","","190661.621435466","448497.695424055","국내여행업","","","0","","","서울보증보험","","0","0","0","0","","","0","0","","0","0","","0","0","","0","","","","","","","100000000","20260128","20270127","","0","",
"54","국내여행업","03_12_01_P","4691000","CDFI2260012025000002","2025-12-29","","01","영업/정상","13","영업중","","","","","","","","전북특별자치도 정읍시 수성동 578-3","전북특별자치도 정읍시 새암길 31 (수성동)","56163","(유)어반트립","2026-01-06 22:53:24","U","2026-01-09 02:40:00","","186568.046343603","229691.622959503","국내여행업","","","0","","","","","0","0","0","0","","","0","0","","0","0","","0","0","","0","","","","","","","0","","","","0","",
"55","국내여행업","03_12_01_P","6510000","CDFI2260012023000002","2023-01-03","","01","영업/정상","13","영업중","","","","","","","","제주특별자치도 제주시 용담이동 1527-2","제주특별자치도 제주시 용문로 26-7 (용담이동)","63164","제주야렌트카 주식회사","2026-01-06 11:34:58","U","2026-01-09 02:40:00","","153275.816261341","994.509333306186","국내여행업","","","0","","","서울보증보험","","0","0","0","0","","","0","0","","0","0","","0","0","","0","","","","","","","100000000","20260103","20270102","","0","",
"56","국내여행업","03_12_01_P","6510000","CDFI2260012022000043","2022-12-05","","01","영업/정상","13","영업중","","","","","064-749-8553","","","제주특별자치도 제주시 연동 1979","제주특별자치도 제주시 일주서로 7861 (연동)","63116","주식회사 와보라","2026-01-06 18:03:08","U","2026-01-09 02:40:00","","152206.117788405","-141.029561449108","국내여행업","","","0","","","제주관광협회","","0","0","0","0","","","0","0","","0","0","","0","0","","0","","","","","","","50000000","20260110","20270110","","0","",
"57","국내여행업","03_12_01_P","3290000","CDFI2260012025000003","2008-08-08","","01","영업/정상","13","영업중","","","","","","","","부산광역시 부산진구 부전동 533-5","부산광역시 부산진구 서면로 9, 3층 (부전동)","47288","부산제이피티 주식회사","2026-01-06 11:04:38","U","2026-01-09 02:40:00","","387421.963535204","185546.086792075","국내여행업","관광사업","","0","","","","","0","0","0","0","","","0","0","","0","0","","0","0","","0","","","","","","","0","","","","0","",
"58","국내여행업","03_12_01_P","6520000","CDFI2260012021000001","2004-02-03","","03","폐업","03","폐업","2026-01-06","","","","","","","제주특별자치도 서귀포시 남원읍 신례리 1044-2 신례1리사무소","제주특별자치도 서귀포시 남원읍 신례중앙로 37, 신례1리사무소 2층","63608","(주)제주생태관광","2026-01-06 08:52:51","U","2026-01-09 02:40:00","","165183.460992887","-23041.3396134656","국내여행업","관광사업","","0","","","서울보증보험","","0","0","0","0","","","0","0","","0","0","","0","0","","0","","","","","","","50000000","20200401","20210331","","0","",
"59","국내여행업","03_12_01_P","3990000","CDFI2260012021000001","2021-01-19","","03","폐업","03","폐업","2025-12-26","","","","","","","경기도 남양주시 다산동 6088 907호","경기도 남양주시 다산중앙로 105-18, 지앤지비즈타워 907호 (다산동)","12248","트리비엔","2026-01-07 12:18:13","U","2026-01-09 02:40:00","","213343.534445301","457795.9510165","국내여행업","","","0","","","서울보증보험주식회사","","0","0","0","0","","","0","0","","0","0","","0","0","","0","","","","","","","15000000","20250331","20260330","","0","",
"60","국내여행업","03_12_01_P","6510000","CDFI2260012025000002","2025-01-08","","01","영업/정상","13","영업중","","","","","","","","제주특별자치도 제주시 용담일동 2829 아리랑빌딩","제주특별자치도 제주시 서광로 167, 아리랑빌딩 5층 508호 (용담일동)","63184","조이앤조이투어","2026-01-07 15:46:17","U","2026-01-09 02:40:00","","154803.859038628","541.462702599898","국내여행업","","","0","","","제주특별자치도관광협회","","0","0","0","0","","","0","0","","0","0","","0","0","","0","","","","","","","0","20260116","20270116","","0","",
"61","국내여행업","03_12_01_P","4580000","CDFI2260011983000001","1983-02-24","","03","폐업","03","폐업","2022-05-03","","","","","","","충청남도 서천군 서천읍 군사리 503-11","충청남도 서천군 서천읍 서천로 82-2, 2층","33643","호서해외관광","2026-01-08 09:18:50","D","2026-01-10 02:30:00","","172072.711860549","286361.659939914","국내여행업","관광사업","일반상업지역","3","기타","","한국관광협회중앙회 여행공제회","사무실","2","0","0","0","","","0","0","","0","0","","0","50","","0","","","","","","","160000000","20141211","20151211","","50","",
"62","국내여행업","03_12_01_P","4580000","CDFI2260011991000001","1991-03-06","","03","폐업","03","폐업","2022-05-16","","","","","","","충청남도 서천군 한산면 지현리 167-2","충청남도 서천군 한산면 한산향교길 1","33624","한산관광","2026-01-08 09:20:39","D","2026-01-10 02:30:00","","182180.119921726","287225.517829596","국내여행업","관광사업","일반주거지역","2","주택가주변","","한국관광협회중앙회 여행공제회","사무실","1","0","0","0","","","0","0","","0","0","","0","58","","0","","","","","","","30000000","20140716","20150716","","58","",
"63","국내여행업","03_12_01_P","4580000","CDFI2260011994000001","1994-01-05","","03","폐업","03","폐업","2019-01-03","","","","041-953-9934","","325-802","충청남도 서천군 서천읍 군사리 185-7번지","충청남도 서천군 서천읍 충절로121번길 11","33645","(주)통일해외관광","2026-01-08 09:19:14","D","2026-01-10 02:30:00","","172549.520988834","286084.388924141","국내여행업","관광사업","일반상업지역","1","기타","","한국관광협회중앙회 여행공제회","사무실","2","0","0","0","","","0","0","","0","0","","0","55","","0","","","","","","","20000000","20140127","20150127","","55","",
"64","국내여행업","03_12_01_P","4580000","CDFI2260012014000001","2014-08-04","","01","영업/정상","13","영업중","","","","","","","","충청남도 서천군 장항읍 창선2리 604-6번지 수협","충청남도 서천군 장항읍 장항로 171, 수협 2층","33672","서천고속관광(주)","2026-01-08 09:38:08","D","2026-01-10 02:30:00","","172580.99161834","279034.408233129","국내여행업","","일반상업지역","4","기타","","한국관광협회중앙회 여행공제회","근린생활시설","4","0","0","0","Seocheon Gosok Travel Co.Ltd.","Domestic travel business","0","0","","0","0","","0","99.71","","0","","","","","","","170000000","20141027","20151027","","100","",
"65","국내여행업","03_12_01_P","4580000","CDFI2260012017000002","2017-08-18","","01","영업/정상","13","영업중","","","","","041  9539984","","","충청남도 서천군 서천읍 군사리 856-10번지","충청남도 서천군 서천읍 충절로 35","33642","한빛여행사","2026-01-08 13:47:31","D","2026-01-10 02:30:00","","171716.512865893","286178.208932331","국내여행업","","일반주거지역","1","주택가주변","","","사무실","1","0","0","0","","","0","0","","0","0","","0","159.64","","0","","","","","","","30000000","","","","160","",
"66","국내여행업","03_12_01_P","4580000","CDFI2260012002000001","2002-03-26","","01","영업/정상","13","영업중","","","","","041-953-4407","","325-802","충청남도 서천군 서천읍 군사리 228-5번지","충청남도 서천군 서천읍 화금서길 1","33637","좋은여행사","2026-01-08 09:37:55","D","2026-01-10 02:30:00","","172995.814603093","286565.983717373","국내여행업","관광사업","일반주거지역","1","기타","","한국관광협회중앙회 여행공제회","사무실","3","0","0","0","JOH-EUN TRAVEL AGENT","DOMESTIC TRAVEL AGENTS","0","0","","0","0","","0","115.08","","0","","","","","","","106000000","20140819","20150819","","115","",
"67","국내여행업","03_12_01_P","4580000","CDFI2260012002000002","2002-10-30","","03","폐업","03","폐업","2014-11-27","","","","041-953-9984","","325-802","충청남도 서천군 서천읍 군사리 636-1번지","충청남도 서천군 서천읍 서천로 75","325-802","한빛여행사","2026-01-08 13:47:22","D","2026-01-10 02:30:00","","172126.264623068","286322.721411106","국내여행업","관광사업","일반상업지역","2","기타","","한국관광협회중앙회 여행공제회","사무실","2","0","0","0","","","0","0","","0","0","","0","42.9","","0","","","","","","","100000000","20080310","20090310","","43","",
"68","국내여행업","03_12_01_P","4580000","CDFI2260012009000001","2009-09-30","","01","영업/정상","13","영업중","","","","","041-956-7900","","325-901","충청남도 서천군 장항읍 성주리 501-2번지","충청남도 서천군 장항읍 장서로 218","33659","동백관광주식회사","2026-01-08 09:37:08","D","2026-01-10 02:30:00","","173214.698236478","280642.288525544","국내여행업","","자연녹지지역","1","주택가주변","","한국관광협회중앙회 여행공제회","사무실","1","0","0","0","SAMSUNG EXPRESS TOUR","DOMESTIC TRAVEL AGENTS","0","0","","0","0","","0","99.36","","0","","","","","","","50000000","20140304","20150304","","99","",
"69","국내여행업","03_12_01_P","4580000","CDFI2260012010000001","2010-11-11","","01","영업/정상","13","영업중","","","","","041-953-6280","","325-802","충청남도 서천군 서천읍 군사리 566-5번지","충청남도 서천군 서천읍 서천로 37","33646","드림관광 여행사","2026-01-08 09:37:31","D","2026-01-10 02:30:00","","172479.038240099","286180.647200377","국내여행업","","","2","","","서울보증보험주식회사","근린생활시설","2","0","0","0","DREAM TOUR","DOMESTIC TRAVEL AGENTS","0","0","","0","0","","0","99.17","","0","","","","","","","30000000","20140401","20150331","","99","",
"70","국내여행업","03_12_01_P","4490000","CDFI2260012014000005","2014-06-11","","01","영업/정상","13","영업중","","","","","041-556-4902","","","충청남도 천안시 서북구 신당동 104-4","충청남도 천안시 서북구 천일고2길 7 (신당동)","31081","(주)뉴동명관광","2026-01-08 14:10:47","U","2026-01-10 02:40:00","","214164.614208698","373043.220459777","국내여행업","","자연녹지지역","1","기타","","관광공제회","차량관련시설","1","0","0","0","","","0","0","","0","0","","0","82.4","","0","","","","","","","100000000","20260101","20270101","","82","",
"71","국내여행업","03_12_01_P","4490000","CDFI2260012006000003","1995-09-19","","01","영업/정상","13","영업중","","","","","","","","충청남도 천안시 서북구 직산읍 양당리 133","충청남도 천안시 서북구 직산읍 부송로 206","31029","(합)산들여행사","2026-01-08 14:11:28","U","2026-01-10 02:40:00","","210060.363546881","375599.179166322","국내여행업","관광사업","주거지역","2","주택가주변","","관광공제회","기타","2","0","0","0","","","0","0","","0","0","","0","332.94","","0","","","","","","","150000000","20251212","20261212","","333","",
"72","국내여행업","03_12_01_P","5580000","CDFI2260012011000001","2011-11-22","","01","영업/정상","13","영업중","","","","","042-254-3207","","","충청남도 계룡시 금암동 277-17","충청남도 계룡시 금암로 28, 302호 (금암동)","32823","(주)즐거운여행 명성관광","2026-01-08 11:06:49","U","2026-01-10 02:40:00","","222086.317871467","308915.615965513","국내여행업","","","0","","","한국관광협회중앙회","","0","0","0","0","","","0","0","","0","0","","0","96.6","","0","","","","","","","50000000","20251222","20261222","","97","",
"73","국내여행업","03_12_01_P","4440000","CDFI2260012008000001","2008-04-22","","01","영업/정상","13","영업중","","","","","","","","충청북도 영동군 영동읍 계산리 867-47 사무소","충청북도 영동군 영동읍 영산로 81","29147","거산여행사","2026-01-08 16:20:41","U","2026-01-10 02:40:00","","269378.462024153","298069.290440873","국내여행업","관광사업","일반상업지역","2","기타","","","근린생활시설","2","0","0","0","","","0","0","","0","0","","0","0","","0","","","","","","","50000000","20250206","20260205","","0","",
"74","국내여행업","03_12_01_P","4440000","CDFI2260012011000002","2011-12-22","","01","영업/정상","13","영업중","","","","","043-744-3211","","370-801","충청북도 영동군 영동읍 주곡리 44-1","충청북도 영동군 영동읍 영동황간로 662","29127","(주)와인코리아","2026-01-08 16:25:58","U","2026-01-10 02:40:00","","274702.267882839","297841.735662189","국내여행업","","","0","","","","","0","0","0","0","","","0","0","","0","0","","0","0","","0","","","","","","","75000000","20250115","20260115","","0","",
"75","국내여행업","03_12_01_P","4580000","CDFI2260011992000001","1992-01-27","","01","영업/정상","13","영업중","","","","","041-956-5600","","","충청남도 서천군 장항읍 창선2리 103-4 중앙주유소","충청남도 서천군 장항읍 장서로 117, 중앙주유소","33659","(합)한솔관광여행사","2026-01-08 13:31:18","U","2026-01-10 02:40:00","","172782.470963846","279828.089752473","국내여행업","관광사업","일반주거지역","1","주택가주변","","한국관광협회중앙회 여행공제회","사무실","1","0","0","0","","","0","0","","0","0","","0","108.9","","0","","","","","","","50000000","20250912","20260912","","109","",
"76","국내여행업","03_12_01_P","4580000","CDFI2260012018000001","2018-06-21","2026-01-08","04","취소/말소/만료/정지/중지","31","등록취소","","","","","","","","충청남도 서천군 장항읍 창선2리 532-1","충청남도 서천군 장항읍 장서로43번길 3","33672","신화 항공 투어","2026-01-08 09:39:56","U","2026-01-10 02:40:00","","172726.158813255","279068.933666432","국내여행업","","주거지역","0","","","","","0","0","0","0","","","0","0","","0","0","","0","33","","0","","","","","","","47000000","","","","33","",
"77","국내여행업","03_12_01_P","4181000","CDFI2260012010000001","2010-03-04","","01","영업/정상","13","영업중","","","","","1544-4970","","","강원특별자치도 춘천시 온의동 513-3 강남병원","강원특별자치도 춘천시 경춘로 2364, 강남병원 7층 (온의동)","24436","주식회사 나인스코프","2026-01-08 15:55:02","U","2026-01-10 02:40:00","","263363.74960516","484877.145433762","국내여행업","","","0","","","서울보증보험(주)","","1","0","0","0","","","0","0","","0","0","","0","75","","0","","","","","","","60000000","20250304","20260303","","75","",
"78","국내여행업","03_12_01_P","3150000","CDFI2260012020000005","2020-02-14","","01","영업/정상","13","영업중","","","","","02-1522-6419","","","서울특별시 강서구 마곡동 798-17","서울특별시 강서구 마곡중앙1로 10, 한일노벨리아타워 719~722호 (마곡동)","07807","(주)파인그룹","2026-01-08 09:50:29","U","2026-01-10 02:40:00","","184517.238084937","450700.675002247","국내여행업","","","0","","","한국관광협회 중앙회","","0","0","0","0","","","0","0","","0","0","","0","0","","0","","","","","","","1500000","20250119","20270119","","0","",
"79","국내여행업","03_12_01_P","5340000","CDFI2260012015000002","2015-12-29","","01","영업/정상","13","영업중","","","","","","","","경상남도 사천시 동금동 65-20","경상남도 사천시 삼상로 46 (동금동)","52561","일지매여행사(주)","2026-01-08 14:24:15","U","2026-01-10 02:40:00","","298709.252544818","160123.780413022","국내여행업","","","0","","","한국관광협회중앙회 여행공제회","","0","0","0","0","","","0","0","","0","0","","0","0","","0","","","","","","","30000000","20260107","20270107","","0","",
"80","국내여행업","03_12_01_P","5710000","CDFI2260012014100004","2014-07-25","","03","폐업","03","폐업","2026-01-08","","","","043-255-9002","","360-130","충청북도 청주시 상당구 서문동 133-1","충청북도 청주시 상당구 사직대로350번길 76 (서문동)","28528","(주)청주팜투어","2026-01-08 16:26:23","U","2026-01-10 02:40:00","","243414.322916365","348102.693079645","국내여행업","","","0","","","관광공제회","","0","0","0","0","","","0","0","","0","0","","0","0","","0","","","","","","","90000000","20200810","20210810","","0","",
"81","국내여행업","03_12_01_P","6510000","CDFI2260012019000042","2019-09-20","","01","영업/정상","13","영업중","","","","","064-721-0333","","","제주특별자치도 제주시 삼도이동 967","제주특별자치도 제주시 관덕로4길 7 (삼도이동)","63168","주식회사 푸른바이크쉐어링","2026-01-09 18:06:05","U","2026-01-11 02:40:00","","155454.287503671","1874.74251738883","국내여행업","","","0","","","제주특별자치도관광협회","","0","0","0","0","","","0","0","","0","0","","0","0","","0","","","","","","","50000000","20260109","20270109","","0","",
"82","국내여행업","03_12_01_P","6510000","CDFI2260012013000071","2013-12-27","","01","영업/정상","13","영업중","","","","","799-8721","","695-914","제주특별자치도 제주시 애월읍 어음리 49","제주특별자치도 제주시 애월읍 어음13길 196","63038","(주)제주힐링명상테마파크","2026-01-09 16:07:37","U","2026-01-11 02:40:00","","140482.793604736","-11007.4167350586","국내여행업","","","0","","","제주특별자치도관광협회","","0","0","0","0","","","0","0","","0","0","","0","30","","0","","","","","","","130000000","20260109","20270109","","30","",
"83","국내여행업","03_12_01_P","3370000","CDFI2260012022000001","2019-01-29","","03","폐업","03","폐업","2023-03-09","","","","051-911-8298","","","부산광역시 영도구 대교동1가 59 208호","부산광역시 영도구 봉래나루로 33, 208호 (대교동1가)","49037","(주)복지플랜","2026-01-09 09:38:02","U","2026-01-11 02:40:00","","385754.477259156","179113.980448491","국내여행업","","","0","","","서울보증보험","","0","0","0","0","","","0","0","","0","0","","0","0","","0","","","","","","","15000000","20220131","20230130","","0","",
"84","국내여행업","03_12_01_P","3090000","CDFI2260012025000001","2025-12-31","","01","영업/정상","13","영업중","","","","","","","","서울특별시 도봉구 창동 15-1 백상빌딩 1108호","서울특별시 도봉구 노해로 397-15, 백상빌딩 11층 1108호 (창동)","01415","카이드림투어(Kai Dream Tour)","2026-01-09 19:51:38","U","2026-01-11 02:40:00","","204506.921108086","461239.917552563","국내여행업","","","0","","","서울보증보험주식회사","","0","0","0","0","","","0","0","","0","0","","0","0","","0","","","","","","","15222244","20260102","20270101","","0","",
"85","국내여행업","03_12_01_P","4050000","CDFI2260012025000007","2025-12-29","","01","영업/정상","13","영업중","","","","","","","","경기도 용인시 기흥구 중동 850-1 대성빌딩","경기도 용인시 기흥구 동백4로 6, 대성빌딩 6층 605호 (중동)","17006","해솔투어","2026-01-09 14:53:03","U","2026-01-11 02:40:00","","213404.357906966","418765.507703082","국내여행업","","","0","","","서울보증","","0","0","0","0","","","0","0","","0","0","","0","0","","0","","","","","","","0","20260102","20270101","","0","",
"86","국내여행업","03_12_01_P","3150000","CDFI2260012013000006","2011-07-04","","03","폐업","03","폐업","2026-01-09","","","","02)6925-1521","","157-221","서울특별시 강서구 마곡동 1282 정곡빌딩 303호","서울특별시 강서구 양천로26길 18, 303호 (마곡동, 정곡빌딩)","157-221","(주)썬투어 클럽","2026-01-09 13:38:56","U","2026-01-11 02:40:00","","183846.102699972","452293.455519022","국내여행업","","","0","","","서울보증보험","","0","0","0","0","","","0","0","","0","0","","0","0","","0","","","","","","","170000000","20250517","20260516","","0","",
"87","국내여행업","03_12_01_P","3030000","CDFI2260012008000002","2008-02-21","","01","영업/정상","13","영업중","","","","","","","","서울특별시 성동구 도선동 14 신한넥스틸 1721호","서울특별시 성동구 고산자로 269, 1721호 (도선동, 신한넥스텔)","04709","(주)현장학습","2026-01-09 17:27:40","U","2026-01-11 02:40:00","","203089.863865288","451271.366165685","국내여행업","관광사업","","0","","","서울보증보험주식회사","근린생활시설","0","0","0","0","","","0","0","","0","0","","0","19.63","","0","","","","","","","50000000","20080311","20090310","","20","",
"88","국내여행업","03_12_01_P","3030000","CDFI2260012009000001","2009-02-17","","01","영업/정상","13","영업중","","","","","070-7584-2250","","","서울특별시 성동구 행당동 136-5 1층","서울특별시 성동구 고산자로8다길 20 (행당동)","04745","(주)레저몰","2026-01-09 17:29:00","U","2026-01-11 02:40:00","","203205.443260029","450612.375028184","국내여행업","관광사업","","0","","","","","0","0","0","0","","","0","0","","0","0","","0","0","","0","","","","","","","50000000","20070925","20080924","","0","",
"89","국내여행업","03_12_01_P","3030000","CDFI2260012009000002","2007-10-18","","01","영업/정상","13","영업중","","","","","","","","서울특별시 성동구 성수동1가 237-2 덕산빌딩 1층","서울특별시 성동구 성덕정길 56 (성수동1가, 경성어린이집)","04775","(주)파란하늘 여행사","2026-01-09 17:29:53","U","2026-01-11 02:40:00","","204311.569909175","448430.454468284","국내여행업","관광사업","주거지역","0","기타","","서울시관광협회","사무실","3","0","0","0","","","0","0","","0","0","","0","39.26","","0","","","","","","","150000000","20081018","20091017","","39","",
"90","국내여행업","03_12_01_P","3030000","CDFI2260012012000001","2010-08-11","","01","영업/정상","13","영업중","","","","","","","","서울특별시 성동구 성수동1가 14-18 코오롱디지털타워3차 1602호","서울특별시 성동구 아차산로 49 (성수동1가, 서울숲코오롱디지털타워)","04790","(주)청운투어앤캠프","2026-01-09 17:30:58","U","2026-01-11 02:40:00","","204323.651283128","449401.651913139","국내여행업","","","0","","","서울보증보험","","0","0","0","0","","","0","0","","0","0","","0","0","","0","","","","","","","60000000","20111005","20121004","","0","",
"91","국내여행업","03_12_01_P","3030000","CDFI2260012012000003","2012-05-16","","01","영업/정상","13","영업중","","","","","02-2249-8480","","133-170","서울특별시 성동구 용답동 232-1 신창비바패밀리 908호","서울특별시 성동구 천호대로 400, 908호 (용답동, 신창비바패밀리)","04808","에이케이투어","2026-01-09 17:33:09","U","2026-01-11 02:40:00","","205527.887051222","451002.807624223","국내여행업","","","0","","","","","0","0","0","0","","","0","0","","0","0","","0","0","","0","","","","","","","97510000","","","","0","",
"92","국내여행업","03_12_01_P","3030000","CDFI2260012017000001","2012-06-29","","01","영업/정상","13","영업중","","","","","","","","서울특별시 성동구 성수동2가 273-19 아이템플","서울특별시 성동구 연무장13길 9, 아이템플 5층 504호 (성수동2가)","04783","창의교육개발원알이디 주식회사","2026-01-09 17:36:26","U","2026-01-11 02:40:00","","205077.325266776","448924.655109511","국내여행업","","","0","","","서울보증보험","","0","0","0","0","","","0","0","","0","0","","0","0","","0","","","","","","","100000000","20170108","20180107","","0","",
"93","국내여행업","03_12_01_P","3030000","CDFI2260012007000003","2007-03-27","","01","영업/정상","13","영업중","","","","","2292-0002","","","서울특별시 성동구 행당동 25-2 지하1층","서울특별시 성동구 왕십리로 236-1 (행당동)","04763","이파크몰(주)","2026-01-09 17:23:17","U","2026-01-11 02:40:00","","203580.805213021","450633.032073439","국내여행업","관광사업","","1","","","한국관광협회중앙회 여행공제회","","0","1","0","0","","","0","0","","0","0","","0","52.8","","0","","","","","","","50000000","20090921","20100921","","53","",
"94","국내여행업","03_12_01_P","3030000","CDFI2260012007000004","2007-04-11","","01","영업/정상","13","영업중","","","","","","","","서울특별시 성동구 성수동2가 280-21 우림 E-biz Center 808호","서울특별시 성동구 광나루로6길 35, 808호 (성수동2가, 성수동 우림 이비즈센터)","04799","씨라인투어","2026-01-09 17:28:05","U","2026-01-11 02:40:00","","205525.616970821","449394.284127151","국내여행업","관광사업","","0","","","","","0","0","0","0","","","0","0","","0","0","","0","0","","0","","","","","","","0","","","","0","",
"95","국내여행업","03_12_01_P","3030000","CDFI2260012005000001","2005-01-04","","01","영업/정상","13","영업중","","","","","2217-8201","","","서울특별시 성동구 용답동 150-4","서울특별시 성동구 용답7길 7-1 (용답동)","04803","(주)아하투어","2026-01-09 17:22:49","U","2026-01-11 02:40:00","","204372.788098524","451549.009931729","국내여행업","관광사업","주거지역","6","","","","근린생활시설","5","1","0","0","","","0","0","","0","0","","0","0","","0","","","","","","","50000000","","","","0","",
"96","국내여행업","03_12_01_P","3580000","CDFI2260012026000001","2026-01-12","","01","영업/정상","13","영업중","","","","","","","","인천광역시 옹진군 연평면 연평리 499-2","인천광역시 옹진군 연평면 연평로 805","23108","갯티길","2026-01-12 14:55:35","I","2026-01-14 00:20:02","","85241.0034108335","462512.282472365","국내여행업","","","0","","","","","0","0","0","0","","","0","0","","0","0","","0","0","","0","","","","","","","15000000","","","","0","",
"97","국내여행업","03_12_01_P","6510000","CDFI2260012026000001","2026-01-12","","01","영업/정상","13","영업중","","","","","","","","제주특별자치도 제주시 노형동 2578-3 2층 6-5호","제주특별자치도 제주시 달마루길 18, 2층 6-5호 (노형동)","63100","주식회사 에코차이나","2026-01-12 15:55:08","I","2026-01-14 00:20:02","","151061.77169138","-635.775066212426","국내여행업","","","0","","","","","0","0","0","0","","","0","0","","0","0","","0","0","","0","","","","","","","100000000","","","","0","",
"98","국내여행업","03_12_01_P","6510000","CDFI2260012026000002","2026-01-12","","01","영업/정상","13","영업중","","","","","1600-4855","","","제주특별자치도 제주시 노형동 906-5 한신오피스텔 903호","제주특별자치도 제주시 도령로 54, 한신오피스텔 903호 (노형동)","63081","부릅써","2026-01-12 16:14:59","I","2026-01-14 00:20:02","","152029.527816865","-738.23680002545","국내여행업","","","0","","","","","0","0","0","0","","","0","0","","0","0","","0","0","","0","","","","","","","50000000","","","","0","",
"99","국내여행업","03_12_01_P","6510000","CDFI2260012012000006","2012-01-16","","01","영업/정상","13","영업중","","","","","064-749-7878","","695-900","제주특별자치도 제주시 애월읍 387","제주특별자치도 제주시 애월읍 중산간서로 6447-4","695-900","(주)노블고속관광","2026-01-12 14:40:46","U","2026-01-14 02:40:00","","145848.740870673","-3644.01347508889","국내여행업","","","0","","","서울보증보험","","0","0","0","0","","","0","0","","0","0","","0","56.1","","0","","","","","","","50000000","20260116","20270115","","56","",
"100","국내여행업","03_12_01_P","3370000","CDFI2260012010000007","2010-12-09","","03","폐업","03","폐업","2021-12-31","","","","051-867-5254","","611-820","부산광역시 연제구 연산동 587-8 에스케이뷰 스타프라자상가동","부산광역시 연제구 중앙대로 1130, 스타프라자상가동 2층 211호 (연산동, 에스케이뷰)","47520","(주)투어리스트","2026-01-12 13:08:30","U","2026-01-14 02:40:00","","389510.788094066","189669.571671014","국내여행업","","주거지역","3","아파트지역","","한국관광협회 관광공제회","근린생활시설","3","0","0","0","","","0","0","","0","0","","0","15","","0","","","","","","","100000000","20260109","20270109","","15","",
"101","국내여행업","03_12_01_P","6510000","CDFI2260011995000011","1995-12-07","","01","영업/정상","13","영업중","","","","","744-0774","","","제주특별자치도 제주시 이호이동 204","제주특별자치도 제주시 일주서로 7653-1 (이호이동)","63108","(주)동양썬라이즈관광","2026-01-12 13:23:31","U","2026-01-14 02:40:00","","150141.042202439","-48.4754077613251","국내여행업","관광사업","","0","","","제주특별자치도관광협회","","0","0","0","0","","","0","0","","0","0","","0","49.21","","0","","","","","","","0","20230202","20240202","","49","",
"102","국내여행업","03_12_01_P","6510000","CDFI2260012015000096","2015-12-28","","01","영업/정상","13","영업중","","","","","","","","제주특별자치도 제주시 용담이동 1588-2","제주특별자치도 제주시 공항로 5 (용담이동)","63164","다모아여행사","2026-01-12 14:49:52","U","2026-01-14 02:40:00","","153166.383604001","1047.70297341366","국내여행업","","","0","","","서울보증보험","","0","0","0","0","","","0","0","","0","0","","0","0","","0","","","","","","","50000000","20251229","20261228","","0","",
"103","국내여행업","03_12_01_P","3330000","CDFI2260012013000008","2008-01-10","","01","영업/정상","13","영업중","","","","","468-1114","","612-824","부산광역시 해운대구 우동 1407 두산위브더제니스 104동 913호","부산광역시 해운대구 마린시티2로 33, 104동 913호 (우동, 해운대두산위브더제니스)","48119","시티투어부산","2026-01-12 13:43:48","U","2026-01-14 02:40:00","","395388.715069604","186268.853282623","국내여행업","관광사업","주거지역","0","아파트지역","","한국관광협회중앙회","","0","0","0","0","","","0","0","","0","0","","0","0","","0","","","","","","","50000000","20260110","20270110","","0","",
"104","국내여행업","03_12_01_P","3530000","CDFI2260011993000003","1993-12-06","","01","영업/정상","13","영업중","","","","","032-421-2161","","","인천광역시 남동구 간석동 482-3 낙원상가 306호","인천광역시 남동구 구월로 121 (간석동)","21551","주식회사 그랜드항공여행사","2026-01-12 08:35:23","U","2026-01-14 02:40:00","","173735.295849115","439457.045931134","국내여행업","관광사업","","0","","","서울보증보험주식회사","","0","0","0","0","","","0","0","","0","0","","0","0","","0","","","","","","","50000000","20260102","20270101","","0","",
"105","국내여행업","03_12_01_P","3530000","CDFI2260012013000001","2000-12-21","","01","영업/정상","13","영업중","","","","","032-441-2365","","405-221","인천광역시 남동구 구월동 1131-20","인천광역시 남동구 예술로 208 (구월동)","21558","울타리여행사","2026-01-12 08:36:40","U","2026-01-14 02:40:00","","173545.467247165","438983.822349769","국내여행업","관광사업","","0","","","서울보증보험","","0","0","0","0","","","0","0","","0","0","","0","0","","0","","","","","","","0","20260101","20261231","","0","",
"106","국내여행업","03_12_01_P","5530000","CDFI2260012004000001","2004-03-16","","01","영업/정상","13","영업중","","","","","031-358-9111","","","경기도 화성시 우정읍 매향리 67-19","경기도 화성시 우정읍 궁평항로 114-15","18570","(주)둘로스관광여행사","2026-01-12 13:52:28","U","2026-01-14 02:40:00","","178431.29138792","394971.636933644","국내여행업","관광사업","","0","","","서울보증보험","","0","0","0","0","","","0","0","","0","0","","0","0","","0","","","","","","","50000000","20240421","20250420","","0","",
"107","국내여행업","03_12_01_P","4810000","CDFI2260012025000001","2025-03-05","","01","영업/정상","13","영업중","","","","","","","","전라남도 여수시 수정동 230","전라남도 여수시 오동도로 80, 2층 206호 (수정동)","59745","주식회사 하니미여행사","2026-01-12 14:10:14","U","2026-01-14 02:40:00","","268646.619063614","138535.605256831","국내여행업","","일반주거지역","0","기타","","","","0","0","0","0","","","0","0","","0","0","","0","406.56","","0","","","","","","","15000000","20250311","20260310","","407","",
"108","국내여행업","03_12_01_P","3530000","CDFI2260012024000001","2024-12-10","","01","영업/정상","13","영업중","","","","","","","","인천광역시 남동구 구월동 1239-18","인천광역시 남동구 호구포로765번길 14-12, 2층 (구월동)","21563","(주)삼오여행사","2026-01-12 08:32:23","U","2026-01-14 02:40:00","","174982.367786122","438839.692500093","국내여행업","","일반상업지역","4","기타","","서울보증보험","사무실","3","1","0","0","","","0","0","","0","0","","0","95.2","","0","","","","","","","15000000","20260101","20261231","","95","",
"109","국내여행업","03_12_01_P","4791000","CDFI2260012026000001","2026-01-13","","01","영업/정상","13","영업중","","","","","","","","전북특별자치도 부안군 부안읍 봉덕리 486-1 3호","전북특별자치도 부안군 부안읍 매창로 195, 3호","56316","주식회사 시고르청춘","2026-01-13 09:43:43","I","2026-01-15 00:20:35","","176435.372736404","246597.566215395","국내여행업","","일반주거지역","1","주택가주변","","","근린생활시설","1","0","0","0","","","0","0","","0","0","","0","51.3","","0","","","","","","","20000000","","","","51","",
"110","국내여행업","03_12_01_P","3860000","CDFI2260012026000001","2026-01-13","","01","영업/정상","13","영업중","","","","","","","","경기도 부천시 원미구 상동 454 대명앤스빌2","경기도 부천시 원미구 부일로221번길 31, 대명앤스빌2 403호 (상동)","14623","수도관광여행사","2026-01-13 10:56:51","I","2026-01-15 00:20:35","","178235.893238808","443103.226837092","국내여행업","","","0","","","","","1","0","0","0","","","0","0","","0","0","","0","29.93","","0","","","","","","","9000000","","","","30","",
"111","국내여행업","03_12_01_P","3270000","CDFI2260012019000002","2019-01-07","","01","영업/정상","13","영업중","","","","","070-8285-1267","","","부산광역시 동구 초량동 1169-3 강남빌딩7층","부산광역시 동구 중앙대로 270, 강남빌딩 7층 (초량동)","48731","베블리투어","2026-01-13 09:30:31","U","2026-01-15 02:40:00","","386177.958994368","182089.626704726","국내여행업","","","0","","","서울보증보험","","0","0","0","0","","","0","0","","0","0","","0","0","","0","","","","","","","0","20260108","20270107","","0","",
"112","국내여행업","03_12_01_P","3520000","CDFI2260012016000001","2016-11-11","","01","영업/정상","13","영업중","","","","","","","","인천광역시 연수구 청학동 503-1 303호","인천광역시 연수구 먼우금로 197, 303호 (청학동, 이리옴프라자)","21926","(주)마인드엔(Mind N)","2026-01-13 15:25:04","U","2026-01-15 02:40:00","","171265.021574679","434813.790712631","국내여행업","","","0","","","서울보증보험","","0","0","0","0","","","0","0","","0","0","","0","30","","0","","","","","","","77554520","20260101","20261231","","30","",
"113","국내여행업","03_12_01_P","6510000","CDFI2260012000000009","2000-11-06","","01","영업/정상","13","영업중","","","","","064-721-8118","","","제주특별자치도 제주시 영평동 2231-2","제주특별자치도 제주시 첨단로 245-13, 2층 (영평동)","63309","(주)넥스트이지","2026-01-13 13:52:59","U","2026-01-15 02:40:00","","160224.462769616","-4966.48063485644","국내여행업","관광사업","","0","","","서울보증보험","","0","0","0","0","","","0","0","","0","0","","0","0","","0","","","","","","","50000000","20260119","20270118","","0","",
"114","국내여행업","03_12_01_P","3180000","CDFI2260012026000001","2025-01-13","","01","영업/정상","13","영업중","","","","","070-4647-0620","","","서울특별시 영등포구 영등포동3가 7-25 델리타운","서울특별시 영등포구 영중로10길 6, 델리타운 4층 26호 (영등포동3가)","07302","궁능성시길","2026-01-13 16:54:39","U","2026-01-15 02:40:00","","191636.053345951","446315.067198453","국내여행업","","","0","","","서울보증보험","","0","0","0","0","","","0","0","","0","0","","0","0","","0","","","","","","","15000000","20251103","20270202","","0","",
"115","국내여행업","03_12_01_P","3270000","CDFI2260012023000003","2023-04-28","","01","영업/정상","13","영업중","","","","","","","","부산광역시 동구 초량동 1200-2 305호","부산광역시 동구 중앙대로214번길 3-12, 305호 (초량동)","48733","원영투어","2026-01-13 09:22:59","U","2026-01-15 02:40:00","","386042.447864171","181654.568868581","국내여행업","","","0","","","","","0","0","0","0","","","0","0","","0","0","","0","0","","0","","","","","","","15000000","20230629","20240628","","0","",
"116","국내여행업","03_12_01_P","3530000","CDFI2260012009000002","2005-06-20","","01","영업/정상","13","영업중","","","","","032-426-3100","","","인천광역시 남동구 논현동 631-8 201호","인천광역시 남동구 청능대로 581, 201호 (논현동)","21653","(주)위드티앤씨","2026-01-13 17:58:26","U","2026-01-15 02:40:00","","175457.249689901","433279.105185572","국내여행업","관광사업","주거지역","0","주택가주변","","서울보증보험","근린생활시설","0","0","0","0","","","0","0","","0","0","","0","89.1","","0","","","","","","","0","20260103","20270102","","89","",
"117","국내여행업","03_12_01_P","6510000","CDFI2260012021000048","2021-11-02","","01","영업/정상","13","영업중","","","","","","","","제주특별자치도 제주시 연동 294-111 서진팰리스 902호","제주특별자치도 제주시 노연로 130, 902호 (연동)","63133","제이에스티","2026-01-13 13:51:09","U","2026-01-15 02:40:00","","152901.132774104","-1089.26462973091","국내여행업","","","0","","","제주특별자치도관광협회","","0","0","0","0","","","0","0","","0","0","","0","31.61","","0","","","","","","","50000000","20251215","20261215","","32","",
"118","국내여행업","03_12_01_P","5530000","CDFI2260012025000002","2025-12-22","","01","영업/정상","13","영업중","","","","","1661-0369","","","경기도 화성시 병점동 844-5 리더스프라자","경기도 화성시 효행로 1068, 리더스프라자 604-G34호 (병점동)","18405","주식회사 부킹컴퍼니","2026-01-13 17:29:47","U","2026-01-15 02:40:00","","203811.08404256","412529.901991526","국내여행업","","","0","","","한국관광협회중앙회","","0","0","0","0","","","0","0","","0","0","","0","0","","0","","","","","","","10000000","20260101","20270101","","0","",
"119","국내여행업","03_12_01_P","3240000","CDFI2260012011000002","2008-06-16","","04","취소/말소/만료/정지/중지","35","직권말소","2026-01-13","","","","02-522-6008","","134-851","서울특별시 강동구 성내동 557-5 2층","서울특별시 강동구 성안로3길 124 (성내동,2층)","","(주)하나스쿨투어","2026-01-13 11:11:42","U","2026-01-15 02:40:00","","210839.080517381","447350.87722911","국내여행업","관광사업","","0","","","한국관광협회중앙회 여행공제회","","0","0","0","0","Hana School Tour","Domestic Travel Business","0","0","","0","0","","0","57.19","","0","","","","","","","150000000","20100816","20110816","","57","",
"120","국내여행업","03_12_01_P","3240000","CDFI2260012004000002","2004-04-21","","04","취소/말소/만료/정지/중지","35","직권말소","2026-01-13","","","","","","134-721","서울특별시 강동구 천호동 451-20 트레벨오피스텔 306호","서울특별시 강동구 천호대로 1057, 306호 (천호동,트레벨오피스텔)","","(주)투어매니지먼트와우트레블","2026-01-13 11:10:34","U","2026-01-15 02:40:00","","211376.044890555","448340.166805157","국내여행업","관광사업","","0","","","","","0","0","0","0","","","0","0","","0","0","","0","0","","0","","","","","","","100000000","","","","0","",
"121","국내여행업","03_12_01_P","3240000","CDFI2260012003000001","2003-01-06","","04","취소/말소/만료/정지/중지","35","직권말소","2026-01-13","","","","478-6536","","134-874","서울특별시 강동구 천호동 457-7 3층","","","주식회사 조선여행사","2026-01-13 11:08:34","U","2026-01-15 02:40:00","","210801.274649515","448682.809688267","국내여행업","관광사업","","0","","","공제(영업)보증","","0","0","0","0","","","0","0","","0","0","","0","0","","0","","","","","","","0","20030107","20040107","","0","",
"122","국내여행업","03_12_01_P","3240000","CDFI2260012003000002","2003-04-03","","04","취소/말소/만료/정지/중지","35","직권말소","2026-01-13","","","","474-6300","","134-814","서울특별시 강동구 길동 414-4 향수빌딩406호","","","사도여행사","2026-01-13 11:09:58","U","2026-01-15 02:40:00","","212078.284279369","448257.541433568","국내여행업","관광사업","","0","","","공제(영업)보증","","0","0","0","0","","","0","0","","0","0","","0","0","","0","","","","","","","50000000","20030331","20040331","","0","",
"123","국내여행업","03_12_01_P","3150000","CDFI2260012014000008","2014-07-14","","04","취소/말소/만료/정지/중지","35","직권말소","2026-01-12","","","","070-5790-7500","","157-750","서울특별시 강서구 가양동 14-3 우성상가 지층 5호","서울특별시 강서구 양천로 489, 지층 5호 (가양동, 우성상가 )","07526","나나관광","2026-01-13 16:15:59","U","2026-01-15 02:40:00","","187048.161511426","451115.773002543","국내여행업","","","0","","","","","0","0","0","0","","","0","0","","0","0","","0","0","","0","","","","","","","32000000","","","","0","",
"124","국내여행업","03_12_01_P","3630000","CDFI2260012020000004","2020-08-06","","01","영업/정상","13","영업중","","","","","","","","광주광역시 광산구 오선동 270-106","광주광역시 광산구 하남산단6번로 57, 지식산업센터케이비아이하남 에이동 405에이호 (오선동)","62216","주식회사 포플레이","2026-01-13 15:29:33","U","2026-01-15 02:40:00","","181832.761026024","189340.776358565","국내여행업","","","0","","","서울보증보험","","0","0","0","0","","","0","0","","0","0","","0","0","","0","","","","","","","0","20240307","20250306","","0","",
"125","국내여행업","03_12_01_P","3280000","CDFI2260012022000003","2022-09-06","","01","영업/정상","13","영업중","","","","","","","","부산광역시 영도구 봉래동2가 115","부산광역시 영도구 대교로46번길 46, 6층 (봉래동2가)","49003","주식회사 더휴일부산","2026-01-13 10:33:29","U","2026-01-15 02:40:00","","386202.208201886","179243.274703073","국내여행업","","","0","","","서울보증보험","","0","0","0","0","","","0","0","","0","0","","0","0","","0","","","","","","","15000000","20260110","20270109","","0","",
"126","국내여행업","03_12_01_P","3150000","CDFI2260012022000004","2022-09-22","","04","취소/말소/만료/정지/중지","35","직권말소","2026-01-12","","","","","","","서울특별시 강서구 가양동 194-2 양천향교지웰에스테이트 B101호","서울특별시 강서구 양천로49길 54, 양천향교지웰에스테이트 B101호 (가양동)","07523","(주)카이로스","2026-01-13 11:50:06","U","2026-01-15 02:40:00","","185867.499970695","452099.765683138","국내여행업","","","0","","","","","0","0","0","0","","","0","0","","0","0","","0","0","","0","","","","","","","15000000","","","","0","",
"127","국내여행업","03_12_01_P","3860000","CDFI2260012002000002","2002-03-26","","01","영업/정상","13","영업중","","","","","032-667-3434","","","경기도 부천시 원미구 상동 454 대명앤스빌2","경기도 부천시 원미구 부일로221번길 31, 대명앤스빌2 403호 (상동)","14623","수도고속관광여행사(주)","2026-01-13 16:08:05","U","2026-01-15 02:40:00","","178235.893238808","443103.226837092","국내여행업","관광사업","","0","","","한국관광협회중앙회관광공제회","","0","0","0","0","","","0","0","","0","0","","0","0","","0","","","","","","","90000000","20241228","20251228","","0","",
"128","국내여행업","03_12_01_P","6510000","CDFI2260012019000005","2019-02-01","","01","영업/정상","13","영업중","","","","","0507-1341-8174","","","제주특별자치도 제주시 애월읍 구엄리 348-5","제주특별자치도 제주시 애월읍 번드르길 5-14","63050","부르릉제주여행사","2026-01-14 15:09:23","U","2026-01-16 02:40:00","","142609.179896992","-1457.26173854401","국내여행업","","","0","","","서울보증보험","","0","0","0","0","","","0","0","","0","0","","0","0","","0","","","","","","","50000000","20260201","20270131","","0","",
"129","국내여행업","03_12_01_P","6510000","CDFI2260012017000067","2017-12-08","","03","폐업","03","폐업","2026-01-14","","","","0647422826","","","제주특별자치도 제주시 용담일동 2823","제주특별자치도 제주시 서광로5길 24, 2층 (용담일동)","63184","제주도여행사","2026-01-14 16:29:07","U","2026-01-16 02:40:00","","154808.275580417","723.515692089799","국내여행업","","","0","","","서울보증보험","","0","0","0","0","","","0","0","","0","0","","0","0","","0","","","","","","","50000000","20231208","20241207","","0","",
"130","국내여행업","03_12_01_P","4341000","CDFI2260012011000001","2011-08-31","","01","영업/정상","13","영업중","","","","","","","","강원특별자치도 고성군 토성면 신평리 465-72","강원특별자치도 고성군 토성면 잼버리동로 97","24763","주식회사 에프와이티에스","2026-01-14 14:09:54","U","2026-01-16 02:40:00","","332996.11369038","526803.808797687","국내여행업","","","0","","","서울보증보험","","0","0","0","0","","","0","0","","0","0","","0","0","","0","","","","","","","30000000","20230831","20240830","","0","",
"131","국내여행업","03_12_01_P","4341000","CDFI2260012018000002","2015-07-06","","01","영업/정상","13","영업중","","","","","","","","강원특별자치도 고성군 죽왕면 삼포리 243-13 오션투유콘도","강원특별자치도 고성군 죽왕면 삼포해변길 9, 오션투유콘도 1층","24750","(주)이비즈에셋","2026-01-14 10:50:43","U","2026-01-16 02:40:00","","333830.541023206","535981.992669135","국내여행업","","","0","","","서울보증보험(2천만)","","0","0","0","0","","","0","0","","0","0","","0","0","","0","","","","","","","30000000","20240623","20250622","","0","",
"132","국내여행업","03_12_01_P","4490000","CDFI2260012026000001","2026-01-12","","01","영업/정상","13","영업중","","","","","","","","충청남도 천안시 서북구 성성동 681 201-8호","충청남도 천안시 서북구 성성8로 2-15, 201-8호 (성성동)","31078","주식회사 티큐홀딩스","2026-01-14 16:37:21","U","2026-01-16 02:40:00","","211541.705314573","370948.251718747","국내여행업","","","0","","","","","0","0","0","0","","","0","0","","0","0","","0","0","","0","","","","","","","15000000","","","","0","",
"133","국내여행업","03_12_01_P","4080000","CDFI2260012025000003","2025-12-26","","01","영업/정상","13","영업중","","","","","","","","경기도 안성시 영동 30 성민빌딩","경기도 안성시 중앙로411번길 8, 성민빌딩 3층 (영동)","17589","문학과 숲 여행사","2026-01-14 11:21:39","U","2026-01-16 02:40:00","","224206.179059936","389533.231341686","국내여행업","","","0","","","서울보증보험주식회사","","0","0","0","0","","","0","0","","0","0","","0","0","","0","","","","","","","7500000","20251226","20261225","","0","",
"134","국내여행업","03_12_01_P","3150000","CDFI2260011997000002","1997-09-04","","01","영업/정상","13","영업중","","","","","02-3663-6252","","157-030","서울특별시 강서구 등촌동 698-1","서울특별시 강서구 공항대로41길 66 (등촌동)","","(주)수호항공여행사","2026-01-14 16:10:20","U","2026-01-16 02:40:00","","186378.231818091","450937.877207072","국내여행업","관광사업","","0","","","서울보증보험","","0","0","0","0","","","0","0","","0","0","","0","0","","0","","","","","","","50000000","20030201","20040201","","0","",
"135","국내여행업","03_12_01_P","4751000","CDFI2260012020000001","2020-07-29","","01","영업/정상","13","영업중","","","","","063-351-2414","","","전북특별자치도 장수군 장수읍 장수리 648-6","전북특별자치도 장수군 장수읍 장천로 135, 1층","55637","애플여행사(투어)","2026-01-14 11:10:34","U","2026-01-16 02:40:00","","246777.553606597","238414.221737098","국내여행업","","","3","주택가주변","","서울보증보험주식회사","사무실","3","0","0","0","","","0","0","","0","0","","0","183","","0","","","","","","","17972792","20250819","20260818","","183","",
"136","국내여행업","03_12_01_P","4771000","CDFI2260012015000001","2015-01-23","","01","영업/정상","13","영업중","","","","","063-652-5155","","595-881","전북특별자치도 순창군 복흥면 정산리 315-1","전북특별자치도 순창군 복흥면 정산로 3","56005","(유)행복한여행사","2026-01-14 16:58:25","U","2026-01-16 02:40:00","","193691.895818887","214673.72448577","국내여행업","","","0","","","서울보증보험주식회사","","0","0","0","0","","","0","0","","0","0","","0","0","","0","","","","","","","30000000","20260101","20261231","","0","",
"137","국내여행업","03_12_01_P","4771000","CDFI2260012006000002","2006-06-02","","01","영업/정상","13","영업중","","","","","","","","전북특별자치도 순창군 순창읍 남계리 718-1","전북특별자치도 순창군 순창읍 순창2길 16","56045","한빛관광여행사","2026-01-14 16:53:42","U","2026-01-16 02:40:00","","212966.075749845","207962.60614908","국내여행업","관광사업","상업지역","1","기타","","전북특별자치도관광협회","기타","0","0","0","0","","","0","0","","0","0","","0","24","","0","","","","","","","500000000","20251110","20261110","","24","",
"138","국내여행업","03_12_01_P","4771000","CDFI2260012008000001","2008-05-21","","01","영업/정상","13","영업중","","","","","","","","전북특별자치도 순창군 적성면 괴정리 411-19","전북특별자치도 순창군 적성면 신월길 45-3","56030","순창 21세기 관광여행사","2026-01-14 16:59:32","U","2026-01-16 02:40:00","","220203.290325154","211854.552413482","국내여행업","관광사업","상업지역","1","주택가주변","","서울보증보험주식회사","유통시설","1","0","0","0","","","0","0","","0","0","","0","82.96","","0","","","","","","","50000000","20251101","20271031","","83","4070571507",
"139","국내여행업","03_12_01_P","4751000","CDFI2260012000000002","2000-02-14","","01","영업/정상","13","영업중","","","","","063-353-1055","","","전북특별자치도 장수군 장계면 장계리 308-2","전북특별자치도 장수군 장계면 장무로 249","55612","유한회사 삼남항공해외여행사","2026-01-14 11:02:15","U","2026-01-16 02:40:00","","252709.214453803","248302.384722131","국내여행업","관광사업","상업지역","0","","","서울보증보험주식회사","","0","0","0","0","","","0","0","","0","0","","0","0","","0","","","","","","","150000000","20250501","20260430","","0","",
"140","국내여행업","03_12_01_P","4771000","CDFI2260012005000001","2005-06-27","","01","영업/정상","13","영업중","","","","","","","","전북특별자치도 순창군 순창읍 남계리 486-1","전북특별자치도 순창군 순창읍 순창로 222","56041","(유)순창대한관광여행사","2026-01-14 16:57:35","U","2026-01-16 02:40:00","","212954.498307189","208376.542752585","국내여행업","관광사업","준주거지역","1","기타","","서울보증보험주식회사","기타","1","0","0","0","","","0","0","","0","0","","0","36","","0","","","","","","","50000000","20250819","20260818","","36","",
"141","국내여행업","03_12_01_P","3030000","CDFI2260012022000002","2015-12-31","","03","폐업","03","폐업","2022-07-09","","","","02  934 3490","","","서울특별시 성동구 행당동 168-151 왕십리민자역사 비94호","서울특별시 성동구 왕십리광장로 17, 왕십리민자역사 3층 비94호 (행당동)","04750","(주)온투어세상","2026-01-14 12:49:47","U","2026-01-16 02:40:00","","203321.562330114","451001.868687869","국내여행업","","주거지역","0","기타","","서울보증보험","근린생활시설","2","0","0","0","","","0","0","","0","0","","0","18.2","","0","","","","","","","90000000","20190101","20191231","","18","",
"142","국내여행업","03_12_01_P","3860000","CDFI2260012018000002","2018-01-18","","01","영업/정상","13","영업중","","","","","032-323-4800","","","경기도 부천시 원미구 상동 412 금강리빙스텔 613호","경기도 부천시 원미구 송내대로73번길 11, 금강리빙스텔 613호 (상동)","14598","리무진M클럽여행사","2026-01-14 11:16:10","U","2026-01-16 02:40:00","","178122.72509444","443130.440652374","국내여행업","","일반상업지역","17","","","서울보증보험주식회사","근린생활시설","14","3","0","0","","","0","0","","0","0","","0","29.9","","0","","","","","","","15000000","20260118","20270117","","30","",
"143","국내여행업","03_12_01_P","3150000","CDFI2260012020000012","2020-12-17","","03","폐업","03","폐업","2026-01-14","","","","02-2664-9713","","","서울특별시 강서구 마곡동 800-5 리더스타워 306호","서울특별시 강서구 공항대로 228, 리더스타워 306호 (마곡동)","07806","원츠골프앤레저(주)","2026-01-14 21:01:46","U","2026-01-16 02:40:00","","185148.900294753","450719.380288227","국내여행업","","","0","","","","","0","0","0","0","","","0","0","","0","0","","0","0","","0","","","","","","","15000000","","","","0","",
"144","국내여행업","03_12_01_P","6510000","CDFI2260012021000001","2021-01-06","","01","영업/정상","13","영업중","","","","","","","","제주특별자치도 제주시 연동 271-6","제주특별자치도 제주시 신광로 21, 2층 (연동)","63125","(주)다이브비앤비","2026-01-14 10:23:27","U","2026-01-16 02:40:00","","152559.573103835","-579.893414484697","국내여행업","","","0","","","제주특별자치도관광협회","","0","0","0","0","","","0","0","","0","0","","0","0","","0","","","","","","","91275256","20260131","20270131","","0","",
"145","국내여행업","03_12_01_P","3410000","CDFI2260012026000001","2026-01-15","","01","영업/정상","13","영업중","","","","","","","","대구광역시 중구 봉산동 198","대구광역시 중구 이천로 230-18, 2층 (봉산동)","41949","한별여행사","2026-01-15 17:27:32","I","2026-01-17 00:20:02","","344419.212827792","263537.25375033","국내여행업","","","0","","","","","0","0","0","0","","","0","0","","0","0","","0","0","","0","","","","","","","7500000","","","","0","",
"146","국내여행업","03_12_01_P","3410000","CDFI2260012026000002","2026-01-15","","01","영업/정상","13","영업중","","","","","","","","대구광역시 중구 봉산동 198","대구광역시 중구 이천로 230-18, 2층 (봉산동)","41949","문화여행사","2026-01-15 17:27:52","I","2026-01-17 00:20:02","","344419.212827792","263537.25375033","국내여행업","","","0","","","","","0","0","0","0","","","0","0","","0","0","","0","0","","0","","","","","","","7500000","","","","0","",
"147","국내여행업","03_12_01_P","3410000","CDFI2260012026000003","2026-01-15","","01","영업/정상","13","영업중","","","","","070-8983-8669","","","대구광역시 중구 남산동 2107-20","대구광역시 중구 명덕로 199, 2층 (남산동)","41963","현대여행사","2026-01-15 17:26:45","I","2026-01-17 00:20:02","","343750.428484356","263042.785022001","국내여행업","","","0","","","","","0","0","0","0","","","0","0","","0","0","","0","0","","0","","","","","","","7500000","","","","0","",
"148","국내여행업","03_12_01_P","3230000","CDFI2260012023000004","2023-05-22","","03","폐업","03","폐업","2026-01-15","","","","","","","서울특별시 송파구 신천동 7-29 향군타워","서울특별시 송파구 올림픽로35길 123, 향군타워 6층 (신천동)","05510","주식회사 웨이비코퍼레이션","2026-01-15 13:46:41","U","2026-01-17 02:40:00","","208883.088818201","446048.260013091","국내여행업","","일반상업지역","36","","","서울보증보험(2025 0336 8337호)","사무실","30","6","0","0","WayB Corporation","DOMESTIC TRAVEL BUSINESS","0","0","","0","0","","0","27","","0","","","","","","","20122428","20250513","20260512","","27","",
"149","국내여행업","03_12_01_P","4261000","CDFI2260012018000001","2018-09-15","","01","영업/정상","13","영업중","","","","","07086545518","","","강원특별자치도 횡성군 둔내면 석문리 587-5","강원특별자치도 횡성군 둔내면 경강로 4817","25260","로프바이오","2026-01-15 09:35:31","U","2026-01-17 02:40:00","","307529.546306743","447760.624094565","국내여행업","","관리지역","2","기타","","서울보증보험","근린생활시설","2","0","0","0","","","0","0","","0","0","","0","476.56","","0","","","","","","","74000000","20260101","20261231","","477","",
"150","국내여행업","03_12_01_P","3120000","CDFI2260012022000002","2021-06-16","","03","폐업","03","폐업","2026-01-15","","","","","","","서울특별시 서대문구 대현동 90-3 6층","서울특별시 서대문구 이화여대1안길 8-3, 6층 (대현동)","03766","(주)노프라블럼","2026-01-15 15:04:00","U","2026-01-17 02:40:00","","195030.347997395","450619.877088133","국내여행업","","","0","","","서울보증보험","","0","0","0","0","","","0","0","","0","0","","0","0","","0","","","","","","","40746600","20241129","20251128","","0","",
"151","국내여행업","03_12_01_P","3680000","CDFI2260012013000001","1999-02-12","","01","영업/정상","13","영업중","","","","","042-252-7780","","306-825","대전광역시 대덕구 중리동 189-11 대성빌딩 301호","대전광역시 대덕구 한밭대로 1201, 3층 301호 (중리동, 대성빌딩)","34395","(주)금남관광","2026-01-15 14:12:31","U","2026-01-17 02:40:00","","238674.268305185","317728.660489711","국내여행업","관광사업","준주거지역","5","기타","","한국관광협회중앙회여행공제회","근린생활시설","4","1","0","0","KUM NAM TRAVEL CO., LTD","DOMESTIC TRAVEL AGENCY","0","0","","0","0","","0","107.55","","0","","","","","","","200000000","20260103","20270103","","108","",
"152","국내여행업","03_12_01_P","5260000","CDFI2260012024000002","2024-01-30","","01","영업/정상","13","영업중","","","","","","","","경상북도 울릉군 울릉읍 사동리 946 사동항여객선터미널","경상북도 울릉군 울릉읍 울릉순환로 785-25, 사동항여객선터미널 2층","40232","울릉크루즈 주식회사","2026-01-15 10:26:08","U","2026-01-17 02:40:00","","542806.110847522","447379.579720026","국내여행업","","","0","","","경상북도관광협회","","0","0","0","0","","","0","0","","0","0","","0","0","","0","","","","","","","1640000000","20240202","20250201","","0","",
"153","국내여행업","03_12_01_P","3900000","CDFI2260012023000001","2023-01-16","","01","영업/정상","13","영업중","","","","","","","","경기도 광명시 소하동 1268-3 창업지원센터","경기도 광명시 오리로 362, 창업지원센터 1층 (소하동)","14327","주식회사 비유","2026-01-15 16:48:05","U","2026-01-17 02:40:00","","189288.920102614","436954.397623718","국내여행업","","","0","","","서울보증보험","","0","0","0","0","","","0","0","","0","0","","0","0","","0","","","","","","","16000000","20260117","20270116","","0","",
"154","국내여행업","03_12_01_P","4771000","CDFI2260012017000001","2017-09-19","","01","영업/정상","13","영업중","","","","","","","","전북특별자치도 순창군 순창읍 남계리 757-19","전북특별자치도 순창군 순창읍 순창1길 26-37","56044","길 여행사","2026-01-15 08:47:16","U","2026-01-17 02:40:00","","213160.624464046","207775.949920039","국내여행업","","주거지역","0","기타","","서울보증보험주식회사","사무실","0","0","0","0","","","0","0","","0","0","","0","17","","0","","","","","","","30000000","20260105","20270104","","17","",
"155","국내여행업","03_12_01_P","6510000","CDFI2260012022000032","2022-08-16","","03","폐업","03","폐업","2026-01-15","","","","","","","제주특별자치도 제주시 일도이동 1042-10","제주특별자치도 제주시 삼성로5길 17 (일도이동)","63269","하림여행사 제주도미니버스","2026-01-15 16:54:41","U","2026-01-17 02:40:00","","156166.809906681","1360.0027614008","국내여행업","","","0","","","제주특별자치도관광협회","","0","0","0","0","","","0","0","","0","0","","0","0","","0","","","","","","","50000000","20250823","20260823","","0","",
