"번호","개방서비스명","개방서비스아이디","개방자치단체코드","관리번호","인허가일자","인허가취소일자","영업상태구분코드","영업상태명","상세영업상태코드","상세영업상태명","폐업일자","휴업시작일자","휴업종료일자","재개업일자","소재지전화","소재지면적","소재지우편번호","소재지전체주소","도로명전체주소","도로명우편번호","사업장명","최종수정시점","데이터갱신구분","데이터갱신일자","업태구분명","좌표정보x(epsg5174)","좌표정보y(epsg5174)","문화체육업종명","공사립구분명","보험가입여부코드","지도자수","건축물동수","건축물연면적","회원모집총인원","세부업종명","법인명",
"1","체육도장업","10_41_01_P","3450000","CDFH3301022025000009","2025-12-31","","01","영업/정상","13","영업중","","","","","","","","대구광역시 북구 칠성동2가 140-2 오페라명작","대구광역시 북구 중앙대로105길 25, 오페라명작 B동 3층 (칠성동2가)","41586","범 태권도장","2025-12-31 10:48:15","I","2026-01-03 00:20:02","태권도","343807.8969936","265609.346222831","체육도장업","사립","","0","1","730.98","0","","",
"2","체육도장업","10_41_01_P","4610000","CDFH3301022025000002","2025-12-31","","01","영업/정상","13","영업중","","","","","041-335-5988","","","충청남도 예산군 예산읍 예산리 431-4","충청남도 예산군 예산읍 예산로 188, 2층","32436","KBF 복싱클럽","2025-12-31 11:26:17","I","2026-01-03 00:20:02","권투","186152.384572879","353084.707189098","체육도장업","사립","","2","1","3215.49","0","","",
"3","체육도장업","10_41_01_P","5400000","CDFH3301022025000002","2025-12-31","","01","영업/정상","13","영업중","","","","","","","","경상남도 함안군 칠원읍 오곡리 1-1 광려천메트로자이상가2","경상남도 함안군 칠원읍 호암길 11, 광려천메트로자이상가2 201호","52028","Zest 강무태권도장","2025-12-31 09:34:52","I","2026-01-03 00:20:02","태권도","338641.594057524","198233.974684866","체육도장업","사립","","1","0","0","0","","",
"4","체육도장업","10_41_01_P","4840000","CDFH3301022025000005","2025-12-31","","01","영업/정상","13","영업중","","","","","","","","전라남도 광양시 성황동 1874-3","전라남도 광양시 성황7길 5 (성황동)","57767","퍼스트태권도장","2025-12-31 17:04:04","I","2026-01-03 00:20:02","태권도","","","체육도장업","사립","","1","1","137.34","0","","",
"5","체육도장업","10_41_01_P","3160000","CDFH3301021994000002","1994-11-23","","03","폐업","03","폐업","2025-12-31","","","","","","152-090","서울특별시 구로구 개봉동 126-21","서울특별시 구로구 고척로30길 5 (개봉동)","08235","경희대 광진 체육관","2025-12-31 15:57:58","U","2026-01-03 02:40:00","태권도","186556.336188419","444436.376041202","체육도장업","사립","","0","0","0","0","","",
"6","체육도장업","10_41_01_P","4900000","CDFH3301022007000001","2007-11-01","","03","폐업","03","폐업","2025-12-31","","","","061-371-3993","","519-806","전라남도 화순군 화순읍 만연리 229","전라남도 화순군 화순읍 광덕로 169-4, 2층","58125","드림태권도장","2025-12-31 17:02:24","U","2026-01-03 02:40:00","","199145.269387537","173456.032556311","체육도장업","사립","","0","0","763.33","0","","",
"7","체육도장업","10_41_01_P","4810000","CDFH3301022009000002","2009-02-24","","01","영업/정상","13","영업중","","","","","061-691-8879","","","전라남도 여수시 신기동 75-1","전라남도 여수시 새터로 66 (신기동)","59683","유성태권스쿨","2025-12-31 13:31:02","U","2026-01-03 02:40:00","태권도","261682.466302431","140576.31098337","체육도장업","사립","","1","1","687.73","","","",
"8","체육도장업","10_41_01_P","6510000","CDFH3301022018000005","2018-07-02","","03","폐업","03","폐업","2025-12-31","","","","(064)748-7494","","","제주특별자치도 제주시 연동 304-18","제주특별자치도 제주시 신대로 131, 지하 1층 (연동)","63134","일도복싱체육관 신제주관","2025-12-31 15:09:08","U","2026-01-03 02:40:00","권투","153154.607598388","-1101.0948374006","체육도장업","사립","","0","1","1082.92","0","","",
"9","체육도장업","10_41_01_P","4010000","CDFH3301022010000005","2010-08-30","","01","영업/정상","13","영업중","","","","","031-313-7575","","","경기도 시흥시 신천동 878-7","경기도 시흥시 신천로19번길 8, 2층 (신천동)","14951","한마루 라온 태권도장","2025-12-31 17:09:24","U","2026-01-03 02:40:00","태권도","181403.500639867","436793.121277625","체육도장업","사립","","1","0","0","0","","",
"10","체육도장업","10_41_01_P","4830000","CDFH3301022021000004","2021-12-29","","01","영업/정상","13","영업중","","","","","","","","전라남도 나주시 빛가람동 196-1","전라남도 나주시 우정로 56, 토담리치타워 A동 401호 (빛가람동)","58217","보현검도관","2025-12-31 11:10:57","U","2026-01-03 02:40:00","검도","180394.775027509","169433.317182781","체육도장업","사립","","1","0","0","0","","",
"11","체육도장업","10_41_01_P","6510000","CDFH3301022021000010","2021-12-17","","01","영업/정상","13","영업중","","","","","","","","제주특별자치도 제주시 화북일동 2053-1","제주특별자치도 제주시 일주동로 214, 2층 (화북일동)","63300","흑룡2관 삼화도장","2025-12-31 14:05:09","U","2026-01-03 02:40:00","합기도","160231.455356211","2216.99758543614","체육도장업","사립","","1","0","0","0","","",
"12","체육도장업","10_41_01_P","3510500","CDFH3301022023000001","2023-03-09","","01","영업/정상","13","영업중","","","","","","","","인천광역시 미추홀구 주안동 737-7","인천광역시 미추홀구 인하로 206, 2층,3층 (주안동)","22218","바른 멘토 태권도장","2025-12-31 08:59:38","U","2026-01-03 02:40:00","태권도","170804.923924001","438530.815654879","체육도장업","사립","","1","0","0","0","","",
"13","체육도장업","10_41_01_P","6510000","CDFH3301022024000007","2024-03-04","","01","영업/정상","13","영업중","","","","","","","","제주특별자치도 제주시 이도이동 1989-4","제주특별자치도 제주시 남광로2길 17-12 (이도이동)","63231","바르다 태권도장","2025-12-31 14:05:11","U","2026-01-03 02:40:00","태권도","157100.797185286","-462.202769765499","체육도장업","사립","","0","0","149.52","0","","",
"14","체육도장업","10_41_01_P","5530000","CDFH3301022013000008","2013-03-07","","01","영업/정상","13","영업중","","","","","","","","경기도 화성시 반송동 104-11 월드프라자","경기도 화성시 동탄중심상가1길 9, 월드프라자 7층 703호 (반송동)","18455","용인대 정진 유도관","2025-12-31 15:39:23","U","2026-01-03 02:40:00","","206295.569601506","410961.840375665","체육도장업","사립","","1","0","0","80","","",
"15","체육도장업","10_41_01_P","4641000","CDFH3301022021000005","2021-04-20","","01","영업/정상","13","영업중","","","","","063-245-5343","","","전북특별자치도 전주시 덕진구 우아동3가 602-43","전북특별자치도 전주시 덕진구 견훤로 489, 3층 (우아동3가)","54905","호성청룡합기도","2025-12-31 14:23:33","U","2026-01-03 02:40:00","합기도","213924.763181688","261581.40210175","체육도장업","사립","","0","0","0","0","","",
"16","체육도장업","10_41_01_P","4641000","CDFH3301022020000005","2020-03-31","","01","영업/정상","13","영업중","","","","","063-275-1140","","","전북특별자치도 전주시 덕진구 송천동1가 12-10 진흥더블파크아파트","전북특별자치도 전주시 덕진구 천마산로 100, 상가동 2층 (송천동1가, 진흥더블파크아파트)","54824","대도관 합기도","2025-12-31 14:22:46","U","2026-01-03 02:40:00","합기도","211886.862977049","262646.190436664","체육도장업","사립","","0","0","0","0","","",
"17","체육도장업","10_41_01_P","4641000","CDFH3301022020000007","2020-05-22","","01","영업/정상","13","영업중","","","","","063-255-6071","","","전북특별자치도 전주시 덕진구 송천동2가 277-1","전북특별자치도 전주시 덕진구 솔내로 200, 2층 (송천동2가)","54819","경희대청룡합기도","2025-12-31 14:23:12","U","2026-01-03 02:40:00","합기도","211443.408524939","263080.815410446","체육도장업","사립","","0","0","515.35","0","","",
"18","체육도장업","10_41_01_P","4050000","CDFH3301021999000001","1999-02-09","","01","영업/정상","13","영업중","","","","","","","","경기도 용인시 수지구 죽전동 1154 상가동","경기도 용인시 수지구 탄천상로 30, 상가동 2층 201~205호 (죽전동, 현인마을이편한세상아파트)","16866","태아일체 슈퍼키즈 태권도장","2025-12-31 16:39:41","U","2026-01-03 02:40:00","태권도","209874.520658358","425789.708734784","체육도장업","사립","","1","","349.51","","","",
"19","체육도장업","10_41_01_P","3660000","CDFH3301022021000001","2021-04-06","","01","영업/정상","13","영업중","","","","","042-525-6702","","","대전광역시 서구 괴정동 45-25","대전광역시 서구 계룡로576번길 45, 2층층 (괴정동)","35269","용인대 합기도","2025-12-31 11:29:12","U","2026-01-03 02:40:00","합기도","234573.119682166","315584.454182205","체육도장업","사립","","","","419.98","","","",
"20","체육도장업","10_41_01_P","3720000","CDFH3301022014000002","2014-10-30","","01","영업/정상","13","영업중","","","","","287-2611","","","울산광역시 북구 연암동 375-4","울산광역시 북구 상방로 147, 3층 (연암동)","44244","BLSO 복싱 아카데미","2025-12-31 15:11:19","U","2026-01-03 02:40:00","권투","414410.10030459","234155.958730334","체육도장업","사립","","1","0","0","0","","",
"21","체육도장업","10_41_01_P","3150000","CDFH3301022007000001","2007-01-10","","01","영업/정상","13","영업중","","","","","3661-2208","","157-860","서울특별시 강서구 염창동 95-24 유엔아이빌딩  지층","서울특별시 강서구 양천로73길 33 (염창동, 유엔아이빌딩 지층)","07542","최강검도관","2025-12-31 09:18:04","U","2026-01-03 02:40:00","검도","188757.679293187","449969.467771635","체육도장업","사립","","","1","11396.15","","","",
"22","체육도장업","10_41_01_P","4530000","CDFH3301022014000001","2014-05-07","","03","폐업","03","폐업","2025-12-30","","","","041-665-3373","","356-802","충청남도 서산시 동문동 61-11","충청남도 서산시 고운로 275-2 (동문동)","31978","경희대박사태권아카데미","2025-12-31 13:48:41","U","2026-01-03 02:40:00","태권도","152269.0954335","364945.812495331","체육도장업","사립","","1","5","960.47","50","","",
"23","체육도장업","10_41_01_P","3930000","CDFH3301022020000023","2020-12-03","","01","영업/정상","13","영업중","","","","","","","","경기도 안산시 상록구 사동 1639 그랑시티자이 2차 근린생활시설, 218,219호","경기도 안산시 상록구 해양5로 11, 그랑시티자이 2차 근린생활시설 218,219호 (사동)","15596","해솔 용인대 백호태권도장","2025-12-31 13:30:15","U","2026-01-03 02:40:00","태권도","185029.298232779","419781.472977914","체육도장업","사립","","1","","","","","",
"24","체육도장업","10_41_01_P","3990000","CDFH3301022024000010","2024-12-31","","01","영업/정상","13","영업중","","","","","","","","경기도 남양주시 다산동 6113","경기도 남양주시 다산중앙로82번안길 28, 제이원타워 512, 513호 (다산동)","12249","제이멀티짐주짓수종합격투기키즈MMA태권도","2025-12-31 17:57:16","U","2026-01-03 02:40:00","태권도","214386.660418362","457419.623979117","체육도장업","사립","","1","0","0","0","","",
"25","체육도장업","10_41_01_P","3070000","CDFH3301022026000001","2026-01-02","","01","영업/정상","13","영업중","","","","","","","","서울특별시 성북구 길음동 489-50","서울특별시 성북구 도봉로3길 13, 지하1층 (길음동)","02729","골드로드 복싱 미아사거리점","2026-01-02 10:52:16","I","2026-01-04 00:20:12","권투","202526.214551838","456444.488783459","체육도장업","사립","","0","0","0","0","","",
"26","체육도장업","10_41_01_P","5710000","CDFH3301022026000001","2026-01-02","","01","영업/정상","13","영업중","","","","","","","","충청북도 청주시 청원구 오창읍 양청리 821-4","충청북도 청주시 청원구 오창읍 중심상업로 7, 제6층동 602-1호","28120","복싱그루브","2026-01-02 13:08:25","I","2026-01-04 00:20:12","권투","238228.005104423","356764.077157254","체육도장업","사립","","0","0","0","0","","",
"27","체육도장업","10_41_01_P","4191000","CDFH3301022026000001","2026-01-02","","01","영업/정상","13","영업중","","","","","","","","강원특별자치도 원주시 반곡동 1450-35","강원특별자치도 원주시 반곡초교로 77-3, 501호 (반곡동)","26457","팀더블유복싱핏","2026-01-02 13:26:53","I","2026-01-04 00:20:12","권투","286054.250305219","426444.102199364","체육도장업","사립","","0","0","0","0","","",
"28","체육도장업","10_41_01_P","4050000","CDFH3301022026000001","2026-01-02","","01","영업/정상","13","영업중","","","","","","","","경기도 용인시 기흥구 중동 833 쥬네브","경기도 용인시 기흥구 동백죽전대로 444, 쥬네브 5층 5007호 (중동)","17006","복싱스테이 용인동백점","2026-01-02 10:55:42","I","2026-01-04 00:20:12","권투","213383.977793755","419575.34117754","체육도장업","사립","","1","0","0","0","","",
"29","체육도장업","10_41_01_P","4201000","CDFH3301022016000003","2016-10-21","","01","영업/정상","13","영업중","","","","","033-645-5764","","","강원특별자치도 강릉시 회산동 196-6 2층","강원특별자치도 강릉시 회산로 348-33, 2층 (회산동)","25599","기백힘찬 태권도장","2026-01-02 13:01:32","U","2026-01-04 02:40:00","태권도","364506.950161429","472356.868884994","체육도장업","사립","","1","0","492.91","0","","",
"30","체육도장업","10_41_01_P","4090000","CDFH3301022004000002","2004-03-19","","03","폐업","03","폐업","2026-01-02","","","","031-985-9707","","415-802","경기도 김포시 사우동 880 시그마플라자 201호","경기도 김포시 사우중로74번길 29 (사우동)","10111","엘리트 태권도 점프 윙스 줄넘기 클럽","2026-01-02 18:01:15","U","2026-01-04 02:40:00","태권도","175348.580952665","457743.460647779","체육도장업","사립","Y","0","0","0","0","","",
"31","체육도장업","10_41_01_P","3240000","CDFH3301022019000013","2019-11-15","","03","폐업","03","폐업","2026-01-02","","","","","","","서울특별시 강동구 천호동 409-36","서울특별시 강동구 진황도로 4-7, 천호동 3층 (천호동)","05335","대가 유도관","2026-01-02 10:37:07","U","2026-01-04 02:40:00","유도","211248.607851629","448619.784683138","체육도장업","사립","","0","0","77","0","","",
"32","체육도장업","10_41_01_P","3630000","CDFH3301022020000001","2020-01-03","","01","영업/정상","13","영업중","","","","","062-953-8873","","","광주광역시 광산구 월곡동 683-9 2층 부광빌딩","광주광역시 광산구 사암로340번길 31, 부광빌딩 2층 (월곡동)","62328","하늘합기도","2026-01-02 09:44:48","U","2026-01-04 02:40:00","합기도","182677.150128161","186248.186343557","체육도장업","사립","","0","0","0","0","","",
"33","체육도장업","10_41_01_P","3670000","CDFH3301022022000002","2021-04-28","","01","영업/정상","13","영업중","","","","","042-254-2023","","","대전광역시 유성구 지족동 1101","대전광역시 유성구 지족북로66번길 60, 102, 103호 (지족동)","34070","변교선 대전복싱클럽","2026-01-02 09:01:38","U","2026-01-04 02:40:00","권투","227556.564135868","320846.595390043","체육도장업","사립","","1","0","0","0","","",
"34","체육도장업","10_41_01_P","3860000","CDFH3301022010000012","2010-11-30","","01","영업/정상","13","영업중","","","","","","","","경기도 부천시 원미구 중동 1056 제일프라자","경기도 부천시 원미구 길주로 243, 제일프라자 204호 (중동)","14539","JWC영어태권도장","2026-01-02 13:50:58","U","2026-01-04 02:40:00","태권도","179554.005599372","444714.356409036","체육도장업","사립","","1","0","0","0","","",
"35","체육도장업","10_41_01_P","3600000","CDFH3301022020000006","2020-04-23","","03","폐업","03","폐업","2025-12-30","","","","","","","광주광역시 서구 쌍촌동 1227-9","광주광역시 서구 쌍학로 5, 3층 (쌍촌동)","61994","정환합기스쿨(창무5도장)","2026-01-02 09:42:32","U","2026-01-04 02:40:00","합기도","187693.898487376","183045.058559308","체육도장업","사립","","0","0","1077.24","0","","",
"36","체육도장업","10_41_01_P","5530000","CDFH3301022020000022","2020-06-08","","01","영업/정상","13","영업중","","","","","","","","경기도 화성시 봉담읍 와우리 26-12 태천센타","경기도 화성시 봉담읍 와우로73번길 6, 태천센타 3층 10 ~ 11호","18321","와우정무합기도","2026-01-02 16:58:39","U","2026-01-04 02:40:00","합기도","197627.089137563","412461.269426304","체육도장업","사립","","","","","","","",
"37","체육도장업","10_41_01_P","5530000","CDFH3301022019000025","2019-10-08","","01","영업/정상","13","영업중","","","","","","","","경기도 화성시 오산동 967-543 동탄역 반도유보라 아이비파크 7.0","경기도 화성시 동탄광역환승로 63, 106동 217~219호 (오산동, 동탄역 반도유보라 아이비파크 7.0)","18479","미라클줄넘기클럽 동탄역점","2026-01-02 10:00:28","U","2026-01-04 02:40:00","태권도","207837.125920738","411244.467786399","체육도장업","사립","","1","","","","","",
"38","체육도장업","10_41_01_P","5540000","CDFH3301022025000009","2025-07-25","","03","폐업","03","폐업","2026-01-02","","","","","","","경기도 광주시 신현동 383-6","경기도 광주시 신현로 105, 1층 (신현동)","12820","태권K","2026-01-02 13:22:57","U","2026-01-04 02:40:00","태권도","","","체육도장업","사립","","0","0","0","0","","",
"39","체육도장업","10_41_01_P","3280000","CDFH3301021998000004","1998-04-10","","03","폐업","03","폐업","2025-12-31","","","","051-417-5813","","606-071","부산광역시 영도구 청학동 297-1","부산광역시 영도구 태종로316번길 1, 2층 (청학동)","49023","태랑회 밝은빛 태권도장","2026-01-02 13:30:43","U","2026-01-04 02:40:00","","387789.659218349","179455.170232598","체육도장업","사립","","1","0","0","0","","",
"40","체육도장업","10_41_01_P","5080000","CDFH3301022018000008","2018-12-03","","01","영업/정상","13","영업중","","","","","","","","경상북도 구미시 봉곡동 167-2","경상북도 구미시 봉곡북로 65, 4층 (봉곡동)","39205","라운드1 복싱","2026-01-02 13:41:15","U","2026-01-04 02:40:00","권투","317909.375705023","295657.198768815","체육도장업","사립","","2","","1607.08","","","",
"41","체육도장업","10_41_01_P","3560000","CDFH3301022021000002","2021-01-27","","03","폐업","03","폐업","2026-01-02","","","","","","","인천광역시 서구 가정동 619-3 대건프라자","인천광역시 서구 염곡로 472, 대건프라자 705호 (가정동)","22883","복싱의 신","2026-01-02 13:54:48","U","2026-01-04 02:40:00","권투","170736.195342085","447227.476516139","체육도장업","사립","","0","0","0","0","","",
"42","체육도장업","10_41_01_P","6510000","CDFH3301022023000009","2023-10-19","","01","영업/정상","13","영업중","","","","","","","","제주특별자치도 제주시 아라일동 6034-4","제주특별자치도 제주시 구남동8길 58, 3층 (아라일동)","63233","신나는운동교실,줄넘기클럽","2026-01-02 09:22:52","U","2026-01-04 02:40:00","태권도","156702.168451762","-1120.62301226042","체육도장업","사립","","1","0","1662.97","0","","",
"43","체육도장업","10_41_01_P","3460000","CDFH3301021994000006","1994-06-02","","01","영업/정상","13","영업중","","","","","053-763-8794","","","대구광역시 수성구 황금동 818-9","대구광역시 수성구 들안로28길 33, 2층 (황금동)","42148","경무태권도","2026-01-04 13:53:49","U","2026-01-06 02:40:00","태권도","346084.328569203","261555.956509075","체육도장업","사립","","","","","","","",
"44","체육도장업","10_41_01_P","4040000","CDFH3301022026000001","2026-01-05","","01","영업/정상","13","영업중","","","","","","","","경기도 하남시 감이동 483-2","경기도 하남시 감일백제로 88, 홍우프라자 4층 404,405호 (감이동)","13006","태권메이트","2026-01-05 17:10:02","I","2026-01-07 00:20:36","태권도","214366.932893893","444656.179016781","체육도장업","사립","","0","0","0","0","","",
"45","체육도장업","10_41_01_P","5710000","CDFH3301022026000002","2026-01-05","","01","영업/정상","13","영업중","","","","","","","","충청북도 청주시 서원구 모충동 578 한화포레나 청주매봉","충청북도 청주시 서원구 매봉로 131, 근린생활시설2단지동 302~304호 (모충동, 한화포레나 청주매봉)","28669","정무합기도","2026-01-05 17:55:49","I","2026-01-07 00:20:36","합기도","","","체육도장업","사립","","0","0","0","0","","",
"46","체육도장업","10_41_01_P","3000000","CDFH3301022026000001","2026-01-05","","01","영업/정상","13","영업중","","","","","0507-1347-4413","","","서울특별시 종로구 종로1가 24 르메이에르종로타운1","서울특별시 종로구 종로 19, 르메이에르종로타운1 지하2층 B213~B214호 (종로1가)","03157","그레이시 주짓수 광화문","2026-01-05 17:43:36","I","2026-01-07 00:20:36","레슬링","198150.300374121","452019.212642931","체육도장업","사립","","1","0","0","0","","",
"47","체육도장업","10_41_01_P","3940000","CDFH3301022019000004","2019-03-05","","03","폐업","03","폐업","2026-01-02","","","","031-966-1184","","","경기도 고양시 덕양구 도내동 1085 204호","경기도 고양시 덕양구 도래울로 42-15, 204호 (도내동)","10551","용인대도래울유도체육관","2026-01-05 09:25:19","U","2026-01-07 02:40:00","유도","188426.33259599","458488.974187578","체육도장업","사립","","1","0","0","0","","",
"48","체육도장업","10_41_01_P","4010000","CDFH3301022019000010","2019-04-15","","01","영업/정상","13","영업중","","","","","","","","경기도 시흥시 은행동 645-5 은계 디스퀘어","경기도 시흥시 은계번영길 28, 은계 디스퀘어 602,607,608호, 303호 (은행동)","14922","연세대 태권도장","2026-01-05 14:01:55","U","2026-01-07 02:40:00","태권도","182512.505836875","437174.051825997","체육도장업","사립","","1","1","9963.44","","","",
"49","체육도장업","10_41_01_P","4181000","CDFH3301022014000005","2014-07-16","","01","영업/정상","13","영업중","","","","","","","","강원특별자치도 춘천시 소양로2가 96-3","강원특별자치도 춘천시 기와집길 8, 2층 (소양로2가)","24269","길라잡이태권도장","2026-01-05 08:53:10","U","2026-01-07 02:40:00","태권도","263713.12261457","487327.696554234","체육도장업","사립","","1","0","0","0","","",
"50","체육도장업","10_41_01_P","3600000","CDFH3301022008000013","2008-09-12","","01","영업/정상","13","영업중","","","","","","","502-882","광주광역시 서구 동천동 우미린상가 1-201","광주광역시 서구 하남대로710번길 16 (동천동, 우미린상가 1-201)","502-882","아이맥스 태권도","2026-01-05 10:24:01","U","2026-01-07 02:40:00","","187951.768139668","185615.721867701","체육도장업","사립","","","0","0","","","",
"51","체육도장업","10_41_01_P","4281000","CDFH3301021999000001","1999-03-26","","03","폐업","03","폐업","2026-01-01","","","","033-335-9969","","","강원특별자치도 평창군 봉평면 창동리 422-8","강원특별자치도 평창군 봉평면 기풍로 121-10, 봉평체육관 2층","25304","봉평체육관","2026-01-05 10:33:25","U","2026-01-07 02:40:00","","321525.969427285","457669.457900854","체육도장업","사립","","1","0","0","0","","",
"52","체육도장업","10_41_01_P","4170000","CDFH3301022024000002","2024-07-19","","01","영업/정상","13","영업중","","","","","031-771-3772","","","경기도 양평군 양평읍 공흥리 585-1","경기도 양평군 양평읍 중앙로 95, 1층","12551","양평빅스타복싱체육관","2026-01-05 10:25:07","U","2026-01-07 02:40:00","권투","244123.157859789","443695.904335579","체육도장업","사립","","0","0","0","0","","",
"53","체육도장업","10_41_01_P","4170000","CDFH3301022024000003","2024-08-08","","01","영업/정상","13","영업중","","","","","","","","경기도 양평군 개군면 하자포리 213-9","경기도 양평군 개군면 하자포길 56, 2층","12567","개군태권도장","2026-01-05 10:25:33","U","2026-01-07 02:40:00","태권도","247530.093762017","436368.476747544","체육도장업","사립","","0","0","0","0","","",
"54","체육도장업","10_41_01_P","3060000","CDFH3301022002000015","2002-10-30","","03","폐업","03","폐업","2026-01-05","","","","436-7625","","","서울특별시 중랑구 망우동 454-40 영원교회","서울특별시 중랑구 용마산로 455, 2층 (망우동)","02173","혜성태권도체육관","2026-01-05 14:44:35","U","2026-01-07 02:40:00","태권도","208580.48252409","454408.274083913","체육도장업","사립","","0","1","820.65","0","","",
"55","체육도장업","10_41_01_P","4170000","CDFH3301022020000001","2020-02-18","","01","영업/정상","13","영업중","","","","","","","","경기도 양평군 용문면 다문리 321-9 합기도 용문도장","경기도 양평군 용문면 용문로 376, 합기도 용문도장","12523","합기도 용문도장","2026-01-05 10:15:19","U","2026-01-07 02:40:00","합기도","252573.050809794","442745.936394587","체육도장업","사립","","0","0","0","0","","",
"56","체육도장업","10_41_01_P","4170000","CDFH3301022024000001","2024-04-26","","01","영업/정상","13","영업중","","","","","","","","경기도 양평군 양평읍 창대리 650-4","경기도 양평군 양평읍 남북로 59, 2층","12561","무브H 유도.번지피지오","2026-01-05 10:24:35","U","2026-01-07 02:40:00","유도","244286.045818123","442990.875354751","체육도장업","사립","","0","0","0","0","","",
"57","체육도장업","10_41_01_P","4170000","CDFH3301022020000003","2020-06-12","","01","영업/정상","13","영업중","","","","","","","","경기도 양평군 양서면 양수리 649-2","경기도 양평군 양서면 양수로 159, 명지대 가람관 2층","12585","명지대가람관","2026-01-05 10:16:24","U","2026-01-07 02:40:00","합기도","228071.722426194","449179.725179888","체육도장업","사립","","0","0","0","0","","",
"58","체육도장업","10_41_01_P","4170000","CDFH3301022020000002","2020-06-09","","01","영업/정상","13","영업중","","","","","","","","경기도 양평군 양평읍 양근리 527-9","경기도 양평군 양평읍 양근로 114, 흥우빌딩 2층","12554","용인대 가람관","2026-01-05 10:15:54","U","2026-01-07 02:40:00","합기도","242833.006845181","443759.735019094","체육도장업","사립","","0","0","0","0","","",
"59","체육도장업","10_41_01_P","3980000","CDFH3301022021000003","2021-11-26","","03","폐업","03","폐업","2026-01-05","","","","031-555-3325","","","경기도 구리시 수택동 873-6 금호프라자","경기도 구리시 장자대로86번길 54, 금호프라자 404호 (수택동)","11948","신동태권도줄넘기","2026-01-05 13:56:14","U","2026-01-07 02:40:00","태권도","212136.376562965","453824.661609082","체육도장업","사립","","1","0","0","0","","",
"60","체육도장업","10_41_01_P","4170000","CDFH3301022021000001","2021-11-16","","01","영업/정상","13","영업중","","","","","031-773-0551","","","경기도 양평군 양서면 용담리 536-3","경기도 양평군 양서면 목왕로 8, 3층","12584","아우름태권도장","2026-01-05 10:16:55","U","2026-01-07 02:40:00","태권도","228563.229673466","448915.75111919","체육도장업","사립","","0","0","0","0","","",
"61","체육도장업","10_41_01_P","4170000","CDFH3301022023000001","2023-01-27","","01","영업/정상","13","영업중","","","","","","","","경기도 양평군 양평읍 양근리 262-4","경기도 양평군 양평읍 양근로 220, 2층","12562","MOVE:ON","2026-01-05 10:23:22","U","2026-01-07 02:40:00","레슬링","243472.036026616","442944.325420078","체육도장업","사립","","0","0","0","0","","",
"62","체육도장업","10_41_01_P","3150000","CDFH3301022023000001","2023-01-06","","03","폐업","03","폐업","2026-01-05","","","","","","","서울특별시 강서구 화곡동 801-15","서울특별시 강서구 곰달래로53길 26, 2층 (화곡동)","07740","화곡숭무관","2026-01-05 13:15:18","U","2026-01-07 02:40:00","합기도","187524.325961005","447875.758969482","체육도장업","사립","","0","0","981.3","0","","",
"63","체육도장업","10_41_01_P","5670000","CDFH3301022002000008","2002-07-06","","01","영업/정상","13","영업중","","","","","286-7770","","","경상남도 창원시 성산구 신촌동 21-7 동부상가 3층","경상남도 창원시 성산구 신촌로 57, 3층 (신촌동, 동보상가)","51564","한울태권도장","2026-01-05 12:36:14","U","2026-01-07 02:40:00","태권도","348211.328074883","190702.500663245","체육도장업","사립","","1","","","","","",
"64","체육도장업","10_41_01_P","4170000","CDFH3301021984000001","1984-06-09","","01","영업/정상","13","영업중","","","","","","","","경기도 양평군 청운면 용두리 717-4 청운복지회관","경기도 양평군 청운면 용두민속장터길 2, 청운복지회관","12530","청운태권도장","2026-01-05 10:12:10","U","2026-01-07 02:40:00","태권도","262555.025770139","450382.89584383","체육도장업","사립","","0","0","0","0","","",
"65","체육도장업","10_41_01_P","4170000","CDFH3301022018000002","2018-09-18","","01","영업/정상","13","영업중","","","","","","","","경기도 양평군 개군면 하자포리 213-9","경기도 양평군 개군면 하자포길 56, 2층","12567","개군효태권도장","2026-01-05 10:14:36","U","2026-01-07 02:40:00","태권도","247530.093762017","436368.476747544","체육도장업","사립","","0","0","0","0","","",
"66","체육도장업","10_41_01_P","3910000","CDFH3301022020000009","2020-10-28","","01","영업/정상","13","영업중","","","","","031-653-5373","","","경기도 평택시 동삭동 388-13 더샵지제역센트럴파크2BL아파트","경기도 평택시 지제동삭2로 177, 상가A동 2층 210~212호 (동삭동, 더샵지제역센트럴파크2BL아파트)","17841","용인대 드림 태권도장","2026-01-05 15:05:20","U","2026-01-07 02:40:00","태권도","208180.674337717","390515.102837106","체육도장업","사립","","0","0","996.58","0","","",
"67","체육도장업","10_41_01_P","3040000","CDFH3301022025000003","2025-06-16","","01","영업/정상","13","영업중","","","","","","","","서울특별시 광진구 광장동 337-4","서울특별시 광진구 아차산로 624, 3층 (광장동)","04969","모노복싱","2026-01-05 15:42:46","U","2026-01-07 02:40:00","권투","209435.874794321","449554.195266349","체육도장업","사립","","1","0","0","0","","",
"68","체육도장업","10_41_01_P","4170000","CDFH3301022022000001","2022-10-13","","01","영업/정상","13","영업중","","","","","","","","경기도 양평군 양서면 용담리 475-4","경기도 양평군 양서면 목왕로 43, 3층","12584","미스터샤크양수유도짐","2026-01-05 10:17:27","U","2026-01-07 02:40:00","유도","228859.531643152","449162.230573542","체육도장업","사립","","0","0","0","0","","",
"69","체육도장업","10_41_01_P","4681000","CDFH3301022002000022","2002-03-15","","03","폐업","03","폐업","2026-01-05","","","","","","570-100","전북특별자치도 익산시 남중동 535-6","전북특별자치도 익산시 인북로 300 (남중동)","54633","가족태권도장","2026-01-05 15:44:25","U","2026-01-07 02:40:00","","196319.385071387","272745.30996416","체육도장업","사립","0","0","0","0","0","","",
"70","체육도장업","10_41_01_P","3300000","CDFH3301022021000003","2021-04-09","","01","영업/정상","13","영업중","","","","","","","","부산광역시 동래구 안락동 633-44","부산광역시 동래구 안연로 56, 6층 (안락동)","47901","우아유도관 낙민점","2026-01-05 09:48:54","U","2026-01-07 02:40:00","유도","391150.163528146","190145.061792957","체육도장업","사립","","1","0","846.02","0","","",
"71","체육도장업","10_41_01_P","4090000","CDFH3301022025000002","2025-02-19","","03","폐업","03","폐업","2026-01-02","","","","","","","경기도 김포시 고촌읍 신곡리 1068-1 엔타운 403-2호","경기도 김포시 고촌읍 장차로5번길 5-25, 엔타운 403-2호","10126","복싱아레나","2026-01-05 11:03:16","U","2026-01-07 02:40:00","권투","179487.725476277","455662.922346169","체육도장업","사립","","1","0","5517.32","0","","",
"72","체육도장업","10_41_01_P","3710000","CDFH3301022004000001","2004-12-17","","01","영업/정상","13","영업중","","","","","","","","울산광역시 동구 일산동 462-21","울산광역시 동구 대송로 11, 3층 (일산동)","44053","대건체육관","2026-01-05 10:22:35","U","2026-01-07 02:40:00","태권도","420229.591900724","225416.87824891","체육도장업","사립","","0","1","283.11","0","","",
"73","체육도장업","10_41_01_P","4170000","CDFH3301022016000004","2016-06-20","","01","영업/정상","13","영업중","","","","","031-772-7728","","","경기도 양평군 양평읍 양근리 396-17","경기도 양평군 양평읍 양근로147번길 6 (중앙태권도장)","12553","가온누리 용인대 태권도장","2026-01-05 10:13:26","U","2026-01-07 02:40:00","태권도","243093.291362425","443483.957979156","체육도장업","사립","","1","0","0","0","","",
"74","체육도장업","10_41_01_P","4170000","CDFH3301022018000001","2018-04-06","","01","영업/정상","13","영업중","","","","","","","","경기도 양평군 양평읍 공흥리 597-2","경기도 양평군 양평읍 중앙로 94, 2층","12558","양평준검관","2026-01-05 10:14:03","U","2026-01-07 02:40:00","검도","244074.026833408","443644.629740452","체육도장업","사립","","0","0","0","0","","",
"75","체육도장업","10_41_01_P","4170000","CDFH3301022023000002","2023-09-26","","01","영업/정상","13","영업중","","","","","","","","경기도 양평군 양평읍 양근리 434-3","경기도 양평군 양평읍 양근강변길 80, 지하1층","12555","양평챔피온복싱","2026-01-05 10:24:01","U","2026-01-07 02:40:00","권투","243078.135905294","443258.241180617","체육도장업","사립","","0","0","0","0","","",
"76","체육도장업","10_41_01_P","5690000","CDFH3301022023000017","2023-11-23","","01","영업/정상","13","영업중","","","","","","","","세종특별자치시 고운동 2091 대영상가2","세종특별자치시 고운뜰7길 9, 대영상가2 302,303,304호 (고운동)","30101","경희대온빛태권도","2026-01-05 09:22:38","U","2026-01-07 02:40:00","태권도","221472.617432445","334648.238886171","체육도장업","사립","","2","0","0","0","","",
"77","체육도장업","10_41_01_P","3830000","CDFH3301022024000006","2024-11-27","","01","영업/정상","13","영업중","","","","","","","","경기도 안양시 만안구 석수동 283-4","경기도 안양시 만안구 안양로 511, 4층 (석수동)","13968","파워점핑&화창태권도장","2026-01-05 20:36:37","U","2026-01-07 02:40:00","태권도","","","체육도장업","사립","","1","0","0","0","","",
"78","체육도장업","10_41_01_P","4181000","CDFH3301022026000001","2026-01-07","","01","영업/정상","13","영업중","","","","","","","","강원특별자치도 춘천시 퇴계동 1240 e편한세상 춘천 한숲시티","강원특별자치도 춘천시 안마산로 115, e편한세상 춘천 한숲시티 2층 (퇴계동)","24448","용인대행복한태권도장(퇴계점)","2026-01-07 17:34:44","I","2026-01-09 00:20:01","태권도","264260.591704341","483777.59503768","체육도장업","사립","","1","0","125068.3","0","","",
"79","체육도장업","10_41_01_P","4060000","CDFH3301022026000001","2026-01-06","","01","영업/정상","13","영업중","","","","","","","","경기도 파주시 목동동 916 파주운정신도시 디에트르 센트럴","경기도 파주시 교하로 55, 상가동 B101호 (목동동, 파주운정신도시 디에트르 센트럴)","10872","도담마루 태권도장","2026-01-06 10:19:14","I","2026-01-09 00:20:01","태권도","176409.555031473","469746.049471922","체육도장업","사립","","0","0","0","0","","",
"80","체육도장업","10_41_01_P","4040000","CDFH3301022026000002","2026-01-06","","01","영업/정상","13","영업중","","","","","","","","경기도 하남시 신장동 524-2 우신빌딩","경기도 하남시 대청로 30, 우신빌딩 3층 (신장동)","12951","하남 킥복싱 다이어트 오짐","2026-01-06 10:48:00","I","2026-01-09 00:20:01","권투","218973.694736305","448713.204533677","체육도장업","사립","","0","0","0","0","","",
"81","체육도장업","10_41_01_P","5530000","CDFH3301022026000001","2026-01-07","","01","영업/정상","13","영업중","","","","","","","","경기도 화성시 오산동 985 동탄역 파라곤","경기도 화성시 동탄기흥로 393-20, 102호 (오산동, 동탄역 파라곤)","18479","대한복싱체육관","2026-01-07 14:48:45","I","2026-01-09 00:20:01","권투","207987.601352987","410503.173649684","체육도장업","사립","","1","0","0","0","","",
"82","체육도장업","10_41_01_P","3990000","CDFH3301022026000001","2026-01-07","","01","영업/정상","13","영업중","","","","","","","","경기도 남양주시 다산동 6123-3","경기도 남양주시 다산중앙로82번길 72-39, 1층 (다산동)","12249","다산송라태권도장","2026-01-07 09:24:54","I","2026-01-09 00:20:01","태권도","214386.660418362","457419.623979117","체육도장업","사립","","1","0","0","0","","",
"83","체육도장업","10_41_01_P","3660000","CDFH3301022026000001","2026-01-06","","01","영업/정상","13","영업중","","","","","","","","대전광역시 서구 둔산동 970 향촌상가 205호","대전광역시 서구 둔산로 15, 2층 205호 (둔산동, 향촌아파트)","35228","충효태권도(둔산)","2026-01-06 15:49:26","I","2026-01-09 00:20:01","태권도","233634.113249935","317098.143336917","체육도장업","사립","","1","0","1897.98","0","","",
"84","체육도장업","10_41_01_P","3300000","CDFH3301022026000001","2026-01-07","","01","영업/정상","13","영업중","","","","","","","","부산광역시 동래구 사직동 89-10 삼영빌딩","부산광역시 동래구 사직로 58, 삼영빌딩 3층 (사직동)","47865","팀매드 사직","2026-01-07 10:30:43","I","2026-01-09 00:20:01","권투","387486.567862279","190438.962126337","체육도장업","사립","","1","0","1305.1","0","","",
"85","체육도장업","10_41_01_P","3560000","CDFH3301022026000001","2026-01-06","","01","영업/정상","13","영업중","","","","","032-568-0209","","","인천광역시 서구 청라동 162-9 라임타워","인천광역시 서구 청라라임로 65, 라임타워 9층 902호 (청라동)","22736","청라 청무검도관","2026-01-06 17:14:43","I","2026-01-09 00:20:01","검도","169252.5","447968.905","체육도장업","사립","","1","0","0","0","","",
"86","체육도장업","10_41_01_P","3560000","CDFH3301022026000002","2026-01-06","","01","영업/정상","13","영업중","","","","","","","","인천광역시 서구 가정동 619-3 대건프라자","인천광역시 서구 염곡로 472, 대건프라자 7층 704, 705호 (가정동)","22883","복싱의 신","2026-01-06 17:42:31","I","2026-01-09 00:20:01","권투","170736.195342085","447227.476516139","체육도장업","사립","","1","0","0","0","","",
"87","체육도장업","10_41_01_P","4191000","CDFH3301022020000008","2020-06-26","","01","영업/정상","13","영업중","","","","","033-743-8574","","","강원특별자치도 원주시 무실동 1675-5","강원특별자치도 원주시 섬밭들1길 12-6 (무실동)","26385","온폼합기도","2026-01-07 17:59:51","U","2026-01-09 02:40:00","합기도","281578.783220647","426129.280137858","체육도장업","사립","","0","0","0","0","","",
"88","체육도장업","10_41_01_P","4181000","CDFH3301022013000003","2013-12-09","","01","영업/정상","13","영업중","","","","","","","","강원특별자치도 춘천시 동내면 학곡리 859 춘천학곡 모아엘가 비스타 상가동 201-2호","강원특별자치도 춘천시 동내면 학곡지구길 22, 2층 (춘천학곡 모아엘가 비스타)","24473","용인대행복한태권도장","2026-01-07 17:39:46","U","2026-01-09 02:40:00","태권도","266442.343579981","482428.168317179","체육도장업","사립","","0","1","0","0","","",
"89","체육도장업","10_41_01_P","4191000","CDFH3301022009000014","2009-12-16","","01","영업/정상","13","영업중","","","","","746-8228","","220-935","강원특별자치도 원주시 단계동 94-18 3,4층","강원특별자치도 원주시 원문로100번길 35, 3,4층 (단계동)","26408","상지대효태권도","2026-01-06 17:53:49","U","2026-01-09 02:40:00","","282788.878364223","428989.32950741","체육도장업","사립","","1","1","0","0","","",
"90","체육도장업","10_41_01_P","4820000","CDFH3301021996000003","1996-04-26","","01","영업/정상","13","영업중","","","","","","","","전라남도 순천시 덕암동 1-112","전라남도 순천시 이수로 224-9 (덕암동)","57966","한라태권도체육관","2026-01-07 12:59:54","U","2026-01-09 02:40:00","태권도","246504.334396445","161511.49083196","체육도장업","사립","","0","0","201.84","0","","",
"91","체육도장업","10_41_01_P","4810000","CDFH3301021999000001","1999-05-13","","01","영업/정상","13","영업중","","","","","061-653-3476","","","전라남도 여수시 여서동 491-4","전라남도 여수시 여서로 166, 2층 (여서동)","59721","박사태권도장","2026-01-07 17:37:17","U","2026-01-09 02:40:00","태권도","264037.452015916","139064.380965566","체육도장업","사립","Y","","","979.71","","","",
"92","체육도장업","10_41_01_P","4830000","CDFH3301022012000002","2012-11-15","","03","폐업","03","폐업","2026-01-06","","","","","","520-130","전라남도 나주시 송월동 1134-2","전라남도 나주시 재신길 6-10 (송월동)","58262","금녕무예스쿨(유도)","2026-01-06 17:08:36","U","2026-01-09 02:40:00","유도","173919.177586286","169349.689248228","체육도장업","사립","","1","1","350.28","30","","",
"93","체육도장업","10_41_01_P","4830000","CDFH3301022001000002","2001-10-17","","03","폐업","03","폐업","2026-01-06","","","","","","","전라남도 나주시 남내동 56-2","전라남도 나주시 중앙로 8 (남내동)","58254","나주검도관","2026-01-06 16:23:54","U","2026-01-09 02:40:00","검도","174414.234187028","170143.37150512","체육도장업","사립","","0","0","363.06","0","","",
"94","체육도장업","10_41_01_P","4830000","CDFH3301022002000002","2002-05-01","","03","폐업","03","폐업","2026-01-06","","","","061-335-8595","","","전라남도 나주시 송월동 1134-2","전라남도 나주시 재신길 6-10 (송월동)","58262","나주건강교실","2026-01-06 17:09:49","U","2026-01-09 02:40:00","","173919.177586286","169349.689248228","체육도장업","사립","","0","0","120","0","","",
"95","체육도장업","10_41_01_P","4830000","CDFH3301022004000001","2004-10-07","","03","폐업","03","폐업","2026-01-06","","","","","","","전라남도 나주시 대호동 1040-10 용인대노안태권도장","전라남도 나주시 대호길 45-14, 용인대노안태권도장 (대호동)","58244","용인대 노안태권도장","2026-01-06 16:18:48","U","2026-01-09 02:40:00","태권도","174163.502443269","171285.593876886","체육도장업","사립","","0","0","140","0","","",
"96","체육도장업","10_41_01_P","4830000","CDFH3301022012000001","2012-02-20","","03","폐업","03","폐업","2026-01-06","","","","334-6272","","520-952","전라남도 나주시 이창동 175-1","전라남도 나주시 금영로 5, 3층 (이창동)","58270","PSJ무술 아카데미","2026-01-06 16:27:42","U","2026-01-09 02:40:00","","173874.920187584","166285.058151999","체육도장업","사립","","1","1","505.63","30","","",
"97","체육도장업","10_41_01_P","4830000","CDFH3301021989000001","1989-12-14","","03","폐업","03","폐업","2026-01-06","","","","061-333-4748","","","전라남도 나주시 남내동 110-2 나주체육관","전라남도 나주시 나주천2길 102, 나주체육관 (남내동)","58258","태권도나주체육관","2026-01-06 16:14:41","U","2026-01-09 02:40:00","","174293.271827657","170294.535579044","체육도장업","사립","","0","0","188","0","","",
"98","체육도장업","10_41_01_P","4830000","CDFH3301021989000002","1989-12-14","","03","폐업","03","폐업","2026-01-06","","","","061-332-7523","","","전라남도 나주시 죽림동 60-101","전라남도 나주시 남고문로 133-2 (죽림동)","58254","진성체육관","2026-01-06 16:15:30","U","2026-01-09 02:40:00","","174857.246500104","170064.0796396","체육도장업","사립","","0","0","66.58","0","","",
"99","체육도장업","10_41_01_P","4830000","CDFH3301021990000001","1990-03-19","","03","폐업","03","폐업","2026-01-06","","","","","","520-230","전라남도 나주시 삼영동 355-1 부영아파트 상가 1동 301호","","","승리체육관","2026-01-06 16:26:41","U","2026-01-09 02:40:00","","172578.05864158","166997.655437817","체육도장업","사립","","0","0","174.1","0","","",
"100","체육도장업","10_41_01_P","3940000","CDFH3301021997000015","1997-04-23","","01","영업/정상","13","영업중","","","","","962-6936","","412-270","경기도 고양시 덕양구 화정동 936 부영상가1동402호","","","JCS태권도 아카데미","2026-01-07 13:09:06","U","2026-01-09 02:40:00","태권도","184868.92002704","459396.626847271","체육도장업","사립","","0","0","0","0","","",
"101","체육도장업","10_41_01_P","3780000","CDFH3301022019000008","2019-09-19","","01","영업/정상","13","영업중","","","","","","","","경기도 성남시 분당구 금곡동 206 대덕프라자2 503호","경기도 성남시 분당구 정자일로 25, 대덕프라자2 503호 (금곡동)","13616","분당파워점핑줄넘기&태권도","2026-01-07 12:55:27","U","2026-01-09 02:40:00","태권도","209291.508474079","427822.517686434","체육도장업","사립","","1","","","","","",
"102","체육도장업","10_41_01_P","3600000","CDFH3301022015000002","2015-05-18","","01","영업/정상","13","영업중","","","","","","","502-010","광주광역시 서구 동천동 600 4층","광주광역시 서구 유림로98번길 3 (동천동, 4층)","61903","1.3.4리듬복싱(동천5호점)","2026-01-07 17:28:08","U","2026-01-09 02:40:00","","187578.542022858","185802.120528406","체육도장업","사립","","1","0","0","0","","",
"103","체육도장업","10_41_01_P","3990000","CDFH3301022012000009","2012-05-24","","01","영업/정상","13","영업중","","","","","","","472-501","경기도 남양주시 별내동 826-10 리츠프라자제2동 601호","경기도 남양주시 별내3로 318, 601호 (별내동, 리츠프라자제2동)","472-501","비룡 키즈 태권도장","2026-01-07 13:24:31","U","2026-01-09 02:40:00","","210335.598921934","462613.676654488","체육도장업","사립","","1","","","","","",
"104","체육도장업","10_41_01_P","3530000","CDFH3301022000000011","2000-07-01","","03","폐업","03","폐업","2026-01-07","","","","032-422-8733","","","인천광역시 남동구 간석동 194-1","인천광역시 남동구 석산로 167 (간석동)","21545","가온 태권도장","2026-01-07 11:06:41","U","2026-01-09 02:40:00","태권도","174324.97486278","439886.258455617","체육도장업","사립","","0","0","0","0","","",
"105","체육도장업","10_41_01_P","3600000","CDFH3301022020000005","2020-03-04","","01","영업/정상","13","영업중","","","","","","","","광주광역시 서구 금호동 250-13","광주광역시 서구 금화로 67, 우진빌딩 6층 601호 (금호동)","62007","PLAY 검도관","2026-01-06 13:33:21","U","2026-01-09 02:40:00","검도","186795.927705629","181478.413032356","체육도장업","사립","","","","","","","",
"106","체육도장업","10_41_01_P","3720000","CDFH3301022021000006","2021-12-24","","01","영업/정상","13","영업중","","","","","","","","울산광역시 북구 호계동 1005-5","울산광역시 북구 호계매곡1로 57, 1층 (호계동)","44225","은월태권도장","2026-01-07 16:29:28","U","2026-01-09 02:40:00","태권도","414038.977116859","239766.193752994","체육도장업","사립","","1","0","0","0","","",
"107","체육도장업","10_41_01_P","5020000","CDFH3301021996000002","1996-07-26","","03","폐업","03","폐업","2026-01-06","","","","242-8868","","","경상북도 포항시 북구 용흥동 419","경상북도 포항시 북구 용흥로 322-1 (용흥동)","37646","청룡태권도장","2026-01-07 14:07:39","U","2026-01-09 02:40:00","태권도","412011.660090848","285575.513374584","체육도장업","사립","","0","0","104.13","0","","",
"108","체육도장업","10_41_01_P","4830000","CDFH3301022020000002","2020-04-03","","03","폐업","03","폐업","2026-01-06","","","","061-332-3700","","","전라남도 나주시 남평읍 남평리 23-21","전라남도 나주시 남평읍 남평2로 44","58227","용무체육관","2026-01-06 16:59:55","U","2026-01-09 02:40:00","합기도","185570.029327491","171919.06734996","체육도장업","사립","","0","1","392.84","0","","",
"109","체육도장업","10_41_01_P","4830000","CDFH3301022020000003","2020-06-05","","03","폐업","03","폐업","2026-01-06","","","","","","","전라남도 나주시 빛가람동 330-5","전라남도 나주시 그린로 335, 수플러스빌딩 4층 403호 (빛가람동)","58325","빛가람합기도 JIU-JITSU","2026-01-06 15:57:43","U","2026-01-09 02:40:00","합기도","181148.025044686","168609.945982458","체육도장업","사립","","0","0","0","0","","",
"110","체육도장업","10_41_01_P","3660000","CDFH3301022017000003","2017-02-23","","01","영업/정상","13","영업중","","","","","","","","대전광역시 서구 둔산동 1215","대전광역시 서구 둔산로74번길 39, 2층 (둔산동)","35234","ALL바른i태권도 (둔산도장)","2026-01-07 09:54:25","U","2026-01-09 02:40:00","태권도","234235.544959659","316581.18001805","체육도장업","사립","","1","0","1641.87","0","","",
"111","체육도장업","10_41_01_P","3330000","CDFH3301022017000004","2017-02-20","","03","폐업","03","폐업","2026-01-06","","","","","","","부산광역시 해운대구 재송동 1041-3 금호아파트 상가","부산광역시 해운대구 재반로 141, 상가3층 (재송동, 금호아파트)","48051","싸이코 핏불스","2026-01-06 17:15:58","U","2026-01-09 02:40:00","권투","393645.035494837","190123.012320081","체육도장업","사립","","0","0","0","0","","",
"112","체육도장업","10_41_01_P","4050000","CDFH3301022012000004","2012-02-01","","01","영업/정상","13","영업중","","","","","","","","경기도 용인시 기흥구 구갈동 390","경기도 용인시 기흥구 용구대로2152번길 34, 201호 (구갈동)","16971","활기찬 용인대 KOREA 태권도","2026-01-07 18:00:16","U","2026-01-09 02:40:00","태권도","209673.10300926","419730.964268917","체육도장업","사립","Y","1","0","0","0","","",
"113","체육도장업","10_41_01_P","4060000","CDFH3301022018000002","2018-01-29","","01","영업/정상","13","영업중","","","","","","","","경기도 파주시 목동동 1052-1","경기도 파주시 교하로159번길 7, 5층 01~02호 (목동동)","10900","멘토 태권도장","2026-01-06 10:12:55","U","2026-01-09 02:40:00","태권도","176897.820376531","468980.546049991","체육도장업","사립","","1","0","0","0","","",
"114","체육도장업","10_41_01_P","4830000","CDFH3301022020000005","2020-10-06","","03","폐업","03","폐업","2026-01-06","","","","061-333-2927","","","전라남도 나주시 이창동 176-2 영산포사진관","전라남도 나주시 금영로 2, 3층 (이창동)","58272","용마무예원","2026-01-06 16:28:57","U","2026-01-09 02:40:00","합기도","173842.517177542","166231.302210026","체육도장업","사립","","0","0","368.25","0","","",
"115","체육도장업","10_41_01_P","3440000","CDFH3301022025000002","2025-06-24","","01","영업/정상","13","영업중","","","","","","","","대구광역시 남구 이천동 293-3","대구광역시 남구 대봉로34길 19 (이천동)","42433","클라쓰 영어 태권도장","2026-01-07 11:06:42","U","2026-01-09 02:40:00","태권도","344824.263703189","262645.356301048","체육도장업","사립","","0","0","0","0","","",
"116","체육도장업","10_41_01_P","5410000","CDFH3301022022000001","2022-07-05","","01","영업/정상","13","영업중","","","","","","","","경상남도 창녕군 창녕읍 말흘리 305-1","경상남도 창녕군 창녕읍 남창녕로 66, 2층","50331","승승장구태권도장","2026-01-07 11:18:03","U","2026-01-09 02:40:00","태권도","336095.460228668","227333.49036493","체육도장업","사립","","1","1","828.2","0","","",
"117","체육도장업","10_41_01_P","5380000","CDFH3301022007000004","2007-07-03","","01","영업/정상","13","영업중","","","","","","","","경상남도 양산시 상북면 석계리 122-10","경상남도 양산시 상북면 반회서8길 5-21, 1층","50557","화랑36태권도장","2026-01-06 13:20:49","U","2026-01-09 02:40:00","태권도","387000.251464995","214843.477329389","체육도장업","사립","","1","0","0","0","","",
"118","체육도장업","10_41_01_P","5410000","CDFH3301022017000001","2017-05-12","","03","폐업","03","폐업","2026-01-06","","","","","","","경상남도 창녕군 창녕읍 교상리 40","경상남도 창녕군 창녕읍 종로 44-1, 3층","50328","승승장구태권도장","2026-01-06 18:13:06","U","2026-01-09 02:40:00","태권도","335934.787028834","227877.870740841","체육도장업","사립","","0","0","749.44","0","","",
"119","체육도장업","10_41_01_P","5710000","CDFH3301022012000002","2012-01-11","","03","폐업","03","폐업","2026-01-01","","","","212-3914","","360-090","충청북도 청주시 상당구 영운동 124-11","충청북도 청주시 상당구 단재로 111, 2층 (영운동)","28737","강호체육관 청남도장","2026-01-06 15:47:14","U","2026-01-09 02:40:00","태권도","244440.110997508","346572.399113772","체육도장업","사립","","1","0","0","0","","",
"120","체육도장업","10_41_01_P","3130000","CDFH3301022016000003","2016-08-19","","01","영업/정상","13","영업중","","","","","","","","서울특별시 마포구 신수동 442-1","서울특별시 마포구 토정로 233, 2층 (신수동)","04088","나라찬 태권도장","2026-01-06 14:33:02","U","2026-01-09 02:40:00","태권도","194324.128449209","449102.782004731","체육도장업","사립","","1","0","0","0","","",
"121","체육도장업","10_41_01_P","5050000","CDFH3301022023000004","2023-10-13","","03","폐업","03","폐업","2026-01-06","","","","","","","경상북도 경주시 용강동 1628","경상북도 경주시 용황로 91-24, 2층 (용강동)","38069","용황무림태권도장","2026-01-07 16:35:44","U","2026-01-09 02:40:00","태권도","401177.604518918","267100.328764372","체육도장업","사립","","1","1","1114.68","0","","",
"122","체육도장업","10_41_01_P","4000000","CDFH3301022025000001","2025-01-17","","01","영업/정상","13","영업중","","","","","031-377-2079","","","경기도 오산시 서동 643 세교한양수자인 상가동 203~205호","경기도 오산시 여들동로 25, 상가동 2층 203~205호 (서동, 세교한양수자인)","18125","플라잉타이거태권도장","2026-01-07 10:01:39","U","2026-01-09 02:40:00","태권도","","","체육도장업","사립","","1","0","0","0","","",
"123","체육도장업","10_41_01_P","3510500","CDFH3301022025000001","2025-01-14","","01","영업/정상","13","영업중","","","","","","","","인천광역시 미추홀구 문학동 400-1 D동 지하","인천광역시 미추홀구 문학길 136, D동 지하 (문학동)","22238","필립 태권도장","2026-01-07 17:20:13","U","2026-01-09 02:40:00","태권도","172064.700920057","436973.273104626","체육도장업","사립","","1","0","0","0","","",
"124","체육도장업","10_41_01_P","3050000","CDFH3301022026000001","2026-01-08","","01","영업/정상","13","영업중","","","","","","","","서울특별시 동대문구 이문동 149-8","서울특별시 동대문구 이문로 120, 이문아이파크자이 상가동 3층 A322~324호 (이문동)","02418","용인대 하랑 태권도장","2026-01-08 17:27:25","I","2026-01-10 00:20:07","태권도","205541.211931615","455132.605075423","체육도장업","사립","","0","0","0","0","","",
"125","체육도장업","10_41_01_P","4820000","CDFH3301022026000001","2026-01-08","","01","영업/정상","13","영업중","","","","","","","","전라남도 순천시 조례동 1833-5 미니스톱","전라남도 순천시 왕궁길 5, 지하 1층 (조례동)","57971","레츠 파라스포츠","2026-01-08 16:34:36","I","2026-01-10 00:20:07","태권도","248560.136709895","161818.776808781","체육도장업","사립","","1","0","0","0","","",
"126","체육도장업","10_41_01_P","3610000","CDFH3301022026000001","2026-01-08","","01","영업/정상","13","영업중","","","","","062-710-2660","","","광주광역시 남구 방림동 556 모아2단지2차아파트 상가동 301호","광주광역시 남구 봉선1로 85, 모아2단지2차아파트 상가동 301호 (방림동)","61672","KG태비태권도","2026-01-08 09:04:02","I","2026-01-10 00:20:07","태권도","192215.005138448","181109.442948552","체육도장업","사립","","1","0","0","0","","",
"127","체육도장업","10_41_01_P","3230000","CDFH3301022026000001","2026-01-08","","01","영업/정상","13","영업중","","","","","","","","서울특별시 송파구 송파동 22-2 해븐빌딩","서울특별시 송파구 백제고분로41길 10, 지하1층 (송파동)","05621","제이앤제이복싱짐 잠실석촌점","2026-01-08 12:31:42","I","2026-01-10 00:20:07","권투","209513.025616925","444998.510751748","체육도장업","사립","","1","1","1605.42","0","","",
"128","체육도장업","10_41_01_P","3990000","CDFH3301022026000002","2026-01-08","","01","영업/정상","13","영업중","","","","","","","","경기도 남양주시 진접읍 금곡리 1081-2 래일스타 501호","경기도 남양주시 진접읍 해밀예당1로 36, 래일스타 5층 501호","12066","진접와이어 아임주짓수","2026-01-08 17:53:08","I","2026-01-10 00:20:07","레슬링","216390.200082474","467747.219794567","체육도장업","사립","","1","0","0","0","","",
"129","체육도장업","10_41_01_P","3910000","CDFH3301022026000001","2026-01-08","","01","영업/정상","13","영업중","","","","","","","","경기도 평택시 안중읍 현화리 47","경기도 평택시 안중읍 안현로서6길 32, 301호","17936","선인유도관 평택 안중점","2026-01-08 15:21:23","I","2026-01-10 00:20:07","유도","193335.846403106","387033.874424604","체육도장업","사립","","0","0","0","0","","",
"130","체육도장업","10_41_01_P","3520000","CDFH3301022026000001","2026-01-08","","01","영업/정상","13","영업중","","","","","","","","인천광역시 연수구 송도동 3-6 아크리아","인천광역시 연수구 신송로125번길 13, 아크리아 5층 503-504호 (송도동)","21995","알유유도짐","2026-01-08 10:50:54","I","2026-01-10 00:20:07","유도","169034.025271855","432560.215153888","체육도장업","사립","","0","0","0","0","","",
"131","체육도장업","10_41_01_P","5670000","CDFH3301022026000001","2026-01-08","","01","영업/정상","13","영업중","","","","","055-242-7070","","","경상남도 창원시 마산합포구 현동 531 202호","경상남도 창원시 마산합포구 현동6길 24, 2층 202호 (현동)","51778","감사랑리더십태권도장","2026-01-08 09:25:21","I","2026-01-10 00:20:07","태권도","341661.393285602","184065.703610688","체육도장업","사립","","1","0","702.37","0","","",
"132","체육도장업","10_41_01_P","4490000","CDFH3301022026000001","2026-01-08","","01","영업/정상","13","영업중","","","","","","","","충청남도 천안시 서북구 성성동 681 405호","충청남도 천안시 서북구 성성8로 2-15 (성성동)","31078","플로우 유도짐 성성두정점","2026-01-08 13:18:10","I","2026-01-10 00:20:07","유도","211541.705314573","370948.251718747","체육도장업","사립","","1","0","0","0","","",
"133","체육도장업","10_41_01_P","4241000","CDFH3301022003000004","2003-04-22","","01","영업/정상","13","영업중","","","","","033-574-2846","","","강원특별자치도 삼척시 남양동 14-3","강원특별자치도 삼척시 중앙로 246 (남양동)","25922","삼척검도관","2026-01-08 16:10:57","U","2026-01-10 02:40:00","","391821.208754411","440310.397481932","체육도장업","사립","","0","0","226.2","0","","",
"134","체육도장업","10_41_01_P","4241000","CDFH3301022003000006","2003-04-22","","01","영업/정상","13","영업중","","","","","033-573-3057","","245-803","강원특별자치도 삼척시 원덕읍 임원리 3-5","강원특별자치도 삼척시 원덕읍 삼척로 424","25961","원덕체육관","2026-01-08 14:31:58","U","2026-01-10 02:40:00","","407488.390566901","410737.213043854","체육도장업","사립","","0","0","0","0","","",
"135","체육도장업","10_41_01_P","4241000","CDFH3301022003000007","2003-04-22","","01","영업/정상","13","영업중","","","","","033-572-0566","","","강원특별자치도 삼척시 교동 744-7 파인힐빌딩","강원특별자치도 삼척시 청석로 59, 정소아과병원 (교동)","25924","영동태권도장","2026-01-08 16:23:04","U","2026-01-10 02:40:00","","392446.084654054","440666.040272854","체육도장업","사립","","0","0","0","0","","",
"136","체육도장업","10_41_01_P","4241000","CDFH3301022005000001","2005-08-25","","01","영업/정상","13","영업중","","","","","033-574-9005","","","강원특별자치도 삼척시 남양동 326-5 진성빌딩 3층 201호","강원특별자치도 삼척시 척주로 26, 진성빌딩 (남양동)","25920","선무관합기도","2026-01-08 17:23:01","U","2026-01-10 02:40:00","합기도","391673.454507728","440171.39344562","체육도장업","사립","","0","1","285.76","0","","",
"137","체육도장업","10_41_01_P","4830000","CDFH3301022015000004","2015-09-22","","01","영업/정상","13","영업중","","","","","","","","전라남도 나주시 빛가람동 330-7","전라남도 나주시 그린로 329, 2층 202호 (빛가람동)","58325","새봄태권도","2026-01-08 17:09:53","U","2026-01-10 02:40:00","태권도","181176.901405908","168558.444496237","체육도장업","사립","","","","196.56","","","",
"138","체육도장업","10_41_01_P","5670000","CDFH3301022015000027","2015-12-17","","01","영업/정상","13","영업중","","","","","","","","경상남도 창원시 마산합포구 현동 531 201호","경상남도 창원시 마산합포구 현동6길 24, 2층 201호 (현동)","51778","감사랑리더십태권도장","2026-01-08 10:08:12","U","2026-01-10 02:40:00","태권도","341661.393285602","184065.703610688","체육도장업","사립","","1","0","702.37","0","","",
"139","체육도장업","10_41_01_P","3210000","CDFH3301022015000003","2015-02-09","","01","영업/정상","13","영업중","","","","","","","","서울특별시 서초구 내곡동 342-1 내곡플라자","서울특별시 서초구 헌릉로8길 9-8, 내곡플라자 2층 203호 (내곡동)","06800","경희대 최강 태권도","2026-01-08 10:25:12","U","2026-01-10 02:40:00","","205231.176713429","439394.770401846","체육도장업","사립","","1","0","0","0","","",
"140","체육도장업","10_41_01_P","3330000","CDFH3301022024000001","2024-01-22","","01","영업/정상","13","영업중","","","","","051-742-7578","","","부산광역시 해운대구 우동 1388-10 경남마리나아파트","부산광역시 해운대구 해운대해변로 83, 경남마리나아파트 상가 지하 1층 비10호 (우동)","48091","LTA 점프윙스 태권도","2026-01-08 13:51:27","U","2026-01-10 02:40:00","태권도","395127.428748609","186827.237426702","체육도장업","사립","","1","0","0","0","","",
"141","체육도장업","10_41_01_P","5530000","CDFH3301022024000003","2024-02-26","","01","영업/정상","13","영업중","","","","","","","","경기도 화성시 목동 487-4","경기도 화성시 동탄신리천로 407, 5층 501~502호 (목동)","18484","동탄 준태권도장","2026-01-08 13:34:16","U","2026-01-10 02:40:00","태권도","","","체육도장업","사립","","0","0","0","0","","",
"142","체육도장업","10_41_01_P","4641000","CDFH3301022012000012","2012-12-06","","01","영업/정상","13","영업중","","","","","","","","전북특별자치도 전주시 덕진구 호성동1가 863-45","전북특별자치도 전주시 덕진구 호성3길 26, 3층 301호 (호성동1가)","54903","호성 스타 태권도","2026-01-08 09:30:30","U","2026-01-10 02:40:00","태권도","213458.566402826","262268.166004894","체육도장업","사립","","1","0","0","0","","",
"143","체육도장업","10_41_01_P","3910000","CDFH3301022022000012","2022-09-06","","01","영업/정상","13","영업중","","","","","","","","경기도 평택시 고덕동 2693-1","경기도 평택시 고덕로3길 26, 애플타워 401~403호 (고덕동)","18020","한국체대 국가대표 태권도장","2026-01-08 15:21:23","U","2026-01-10 02:40:00","태권도","","","체육도장업","사립","","0","0","0","0","","",
"144","체육도장업","10_41_01_P","3140000","CDFH3301022022000005","2022-09-05","","03","폐업","03","폐업","2026-01-08","","","","","","","서울특별시 양천구 신월동 416-2","서울특별시 양천구 오목로3길 37, 3층 (신월동)","07928","태남태사 키즈 태권도","2026-01-08 13:34:59","U","2026-01-10 02:40:00","태권도","185610.155254311","446926.022998911","체육도장업","사립","","1","0","0","0","","",
"145","체육도장업","10_41_01_P","3470000","CDFH3301022004000015","2004-10-26","","01","영업/정상","13","영업중","","","","","053-521-8899","","704-923","대구광역시 달서구 용산동 230-10 룻데캐슬상가 302동 306,307호","대구광역시 달서구 장산남로 33, 302동 306,307호 (용산동,룻데캐슬상가)","","장성태권도","2026-01-08 17:21:15","U","2026-01-10 02:40:00","태권도","337841.507465149","262262.872036213","체육도장업","사립","","0","0","0","0","","",
"146","체육도장업","10_41_01_P","3240000","CDFH3301022001000009","2001-05-14","","01","영업/정상","13","영업중","","","","","483-6503","","","서울특별시 강동구 길동 146","서울특별시 강동구 천호대로193길 36 (길동)","05350","예도 태권도장","2026-01-08 11:33:22","U","2026-01-10 02:40:00","태권도","212761.567223412","448276.90897797","체육도장업","사립","","0","0","0","0","","",
"147","체육도장업","10_41_01_P","3550000","CDFH3301022007000008","2007-07-13","","01","영업/정상","13","영업중","","","","","","","407-826","인천광역시 계양구 효성동 63-6","인천광역시 계양구 안남로554번길 10 (효성동)","21097","한국체대 최강태권도장","2026-01-08 16:12:21","U","2026-01-10 02:40:00","태권도","174460.050507915","447801.942699881","체육도장업","사립","","0","0","0","0","","",
"148","체육도장업","10_41_01_P","3170000","CDFH3301022025000001","2025-04-23","","01","영업/정상","13","영업중","","","","","","","","서울특별시 금천구 시흥동 1011","서울특별시 금천구 금하로 750, 제상가1동 지하1층 101~102호 (시흥동)","08645","용인대SM복싱클럽 금천점","2026-01-08 11:03:55","U","2026-01-10 02:40:00","권투","192297.91598261","438580.148239494","체육도장업","사립","","2","0","0","0","","",
"149","체육도장업","10_41_01_P","3820000","CDFH3301022025000004","2025-02-28","","01","영업/정상","13","영업중","","","","","031-853-1859","","","경기도 의정부시 신곡동 757-8 승원빌딩","경기도 의정부시 추동로 95, 승원빌딩 3층 (신곡동)","11777","슈가복싱 프리미엄","2026-01-08 09:02:56","U","2026-01-10 02:40:00","권투","205616.479263557","471687.467036598","체육도장업","사립","","1","1","1045.88","0","","",
"150","체육도장업","10_41_01_P","5310000","CDFH3301022001000002","2001-06-08","","01","영업/정상","13","영업중","","","","","","","","경상남도 진주시 가좌동 1958 스카이 시티프라디움 상가동 101동 108~110호","경상남도 진주시 개양로 100, 101동 108~110호 (가좌동, 스카이 시티프라디움)","52826","마루한튼튼태권도장","2026-01-08 17:50:06","U","2026-01-10 02:40:00","태권도","301673.974310388","184485.77642756","체육도장업","사립","","1","0","0","0","","",
"151","체육도장업","10_41_01_P","4610000","CDFH3301022009000001","2009-04-24","","04","취소/말소/만료/정지/중지","35","직권말소","2026-01-07","","","","333-9339","","340-804","충청남도 예산군 예산읍 예산리 17-15 1층 101호","충청남도 예산군 예산읍 아리랑로144번길 12 (1층 101호)","","계명대 태권스토리","2026-01-08 13:47:43","U","2026-01-10 02:40:00","","185954.222908431","353843.680689763","체육도장업","사립","","1","","992.57","","","",
"152","체육도장업","10_41_01_P","5710000","CDFH3301022016000022","2016-12-16","","01","영업/정상","13","영업중","","","","","","","","충청북도 청주시 흥덕구 복대동 119-1 양승덕이비인후과","충청북도 청주시 흥덕구 가로수로 1340-1, 402호 (복대동)","28597","경희대 웅비 태권도","2026-01-08 15:19:41","U","2026-01-10 02:40:00","태권도","239508.407020462","348067.245296407","체육도장업","사립","","","","256.9","","","",
"153","체육도장업","10_41_01_P","5050000","CDFH3301022026000001","2026-01-09","","01","영업/정상","13","영업중","","","","","","","","경상북도 경주시 용강동 1620","경상북도 경주시 용황로 87, 4층 (용강동)","38069","무림태권도장","2026-01-09 09:35:58","I","2026-01-11 00:20:02","태권도","401130.664073682","267099.561481167","체육도장업","사립","","1","0","0","0","","",
"154","체육도장업","10_41_01_P","3900000","CDFH3301022026000001","2026-01-09","","01","영업/정상","13","영업중","","","","","","","","경기도 광명시 소하동 1341-2","경기도 광명시 소하로 86, 제일프라자 3층 (소하동)","14316","버팔로복싱(광명소하점)","2026-01-09 09:48:21","I","2026-01-11 00:20:02","권투","189608.367508215","438352.792498917","체육도장업","사립","","0","0","0","0","","",
"155","체육도장업","10_41_01_P","3680000","CDFH3301022026000001","2026-01-09","","01","영업/정상","13","영업중","","","","","","","","대전광역시 대덕구 석봉동 312-1","대전광역시 대덕구 석봉북로9번길 21, 1층 (석봉동)","34317","충효태권도(신탄진)","2026-01-09 14:24:59","I","2026-01-11 00:20:02","태권도","237920.051557498","327542.906193525","체육도장업","사립","","1","0","494.31","0","","",
"156","체육도장업","10_41_01_P","4820000","CDFH3301022026000002","2026-01-09","","01","영업/정상","13","영업중","","","","","","","","전라남도 순천시 조례동 1831-1 미림프라자","전라남도 순천시 왕궁중앙길 2, 4층 (조례동)","57971","SD 금당복싱","2026-01-09 13:03:23","I","2026-01-11 00:20:02","권투","248443.249192966","161912.683921876","체육도장업","사립","","1","0","0","0","","",
"157","체육도장업","10_41_01_P","3560000","CDFH3301022019000002","2019-02-21","","01","영업/정상","13","영업중","","","","","032-564-7179","","","인천광역시 서구 청라동 36-6","인천광역시 서구 비지니스로182번길 4-18, 301호 (청라동)","22754","청라 백호 태권도장","2026-01-09 14:00:16","U","2026-01-11 02:40:00","태권도","166603.777500219","448614.540924805","체육도장업","사립","","","","","","","",
"158","체육도장업","10_41_01_P","4820000","CDFH3301022024000005","2024-09-13","","01","영업/정상","13","영업중","","","","","","","","전라남도 순천시 해룡면 신대리 1977-1","전라남도 순천시 해룡면 신대2길 15, 3층","58012","복싱피스트 신대","2026-01-09 16:07:12","U","2026-01-11 02:40:00","권투","249933.547929734","159688.775840552","체육도장업","사립","Y","1","0","0","0","","",
"159","체육도장업","10_41_01_P","5540000","CDFH3301022015000003","2015-12-18","","01","영업/정상","13","영업중","","","","","","","","경기도 광주시 태전동 269-5","경기도 광주시 고불로 68 (태전동)","12781","복싱아카데미","2026-01-09 09:01:28","U","2026-01-11 02:40:00","권투","220351.865937154","432324.707437125","체육도장업","사립","","0","0","0","0","","",
"160","체육도장업","10_41_01_P","3990000","CDFH3301022000000003","2000-02-09","","03","폐업","03","폐업","2026-01-09","","","","","","472-811","경기도 남양주시 별내면 청학리 418-3 금강프라자 501호","경기도 남양주시 별내면 청학로68번길 3, 501호 (금강프라자)","12084","용인화랑태권도","2026-01-09 15:15:39","U","2026-01-11 02:40:00","태권도","210438.910050756","467254.215447688","체육도장업","사립","","1","0","206.29","0","","",
"161","체육도장업","10_41_01_P","5680000","CDFH3301022021000002","2021-03-18","","01","영업/정상","13","영업중","","","","","","","","충청남도 당진시 송악읍 중흥리 379-12 건영빌딩","충청남도 당진시 송악읍 신평로 1525, 201호 (건영빌딩)","31728","당진 참 태권도장","2026-01-09 16:55:10","U","2026-01-11 02:40:00","태권도","177197.821593381","381556.17639947","체육도장업","사립","","1","0","0","0","","",
"162","체육도장업","10_41_01_P","3460000","CDFH3301022012000006","2012-04-23","","01","영업/정상","13","영업중","","","","","","","","대구광역시 수성구 황금동 366 캐슬골드파크 2단지","대구광역시 수성구 청수로 235, 종합상가동 221호 (황금동, 캐슬골드파크 2단지)","42113","노블리더태권도장","2026-01-09 09:00:04","U","2026-01-11 02:40:00","태권도","347544.089245298","261408.21288721","체육도장업","사립","","1","0","0","0","","",
"163","체육도장업","10_41_01_P","3230000","CDFH3301022023000007","2023-12-14","","03","폐업","03","폐업","2025-12-22","","","","070-8065-2468","","","서울특별시 송파구 석촌동 296-10 형제빌딩","서울특별시 송파구 송파대로 381, 형제빌딩 지하1층 (석촌동)","05697","송파 주짓수 그래플링 라운지","2026-01-09 10:36:59","U","2026-01-11 02:40:00","레슬링","209671.6547983","444361.190086159","체육도장업","사립","","0","0","1429.6","0","","",
"164","체육도장업","10_41_01_P","5690000","CDFH3301022015000001","2015-01-28","","01","영업/정상","13","영업중","","","","","868-1171","","339-006","세종특별자치시 도담동 381","세종특별자치시 보듬2로 43, 2층 201,202,203호 (도담동, 현대힐스테이트상가동)","30098","도담 꿈의 태권도장","2026-01-09 10:01:31","U","2026-01-11 02:40:00","태권도","223665.604934094","334628.992021268","체육도장업","사립","","1","0","0","0","","",
"165","체육도장업","10_41_01_P","5690000","CDFH3301022022000007","2022-05-29","","01","영업/정상","13","영업중","","","","","","","","세종특별자치시 집현동 1181 새나루마을 11단지","세종특별자치시 집현서2로 84, 상가동 101~102호 (집현동, 새나루마을 11단지)","30141","세종의 아침 태권도(집현관)","2026-01-09 09:51:49","U","2026-01-11 02:40:00","태권도","228953.310893152","332957.070269243","체육도장업","사립","","1","1","362.48","0","","",
"166","체육도장업","10_41_01_P","3970000","CDFH3301022026000001","2026-01-02","","01","영업/정상","13","영업중","","","","","","","","경기도 과천시 별양동 1-3 제일상가","경기도 과천시 별양상가1로 31, 제일상가 지하1층층 (별양동)","13837","과천 별양복싱체육관","2026-01-10 13:29:51","U","2026-01-12 02:40:00","권투","199326.690572393","436284.937750826","체육도장업","사립","","1","0","0","0","","",
"167","체육도장업","10_41_01_P","4221000","CDFH3301022026000001","2026-01-12","","01","영업/정상","13","영업중","","","","","","","","강원특별자치도 태백시 황지동 400-57","강원특별자치도 태백시 대학길 72, 2층 (황지동)","26034","지니댄스","2026-01-12 11:16:05","I","2026-01-14 00:20:02","","375710.91150001","408353.481831004","체육도장업","사립","","0","0","477.25","0","","",
"168","체육도장업","10_41_01_P","5350000","CDFH3301022026000001","2026-01-12","","01","영업/정상","13","영업중","","","","","055-339-7059","","","경상남도 김해시 내덕동 794 장유역 중흥S-클래스 더퍼스트","경상남도 김해시 외덕로 125, 상가동 109호 (내덕동, 장유역 중흥S-클래스 더퍼스트)","50972","위너스 태권도장","2026-01-12 17:22:50","I","2026-01-14 00:20:02","태권도","","","체육도장업","사립","","0","0","0","0","","",
"169","체육도장업","10_41_01_P","3740000","CDFH3301022026000001","2026-01-12","","01","영업/정상","13","영업중","","","","","","","","경기도 수원시 권선구 당수동 0","경기도 수원시 권선구 당수로 124, 809~813호 (당수동)","16373","나래차기 수원 태권도장","2026-01-12 16:10:11","I","2026-01-14 00:20:02","태권도","","","체육도장업","사립","","1","0","0","0","","",
"170","체육도장업","10_41_01_P","4191000","CDFH3301022026000002","2026-01-12","","01","영업/정상","13","영업중","","","","","","","","강원특별자치도 원주시 무실동 696-9","강원특별자치도 원주시 지니기길 32, 2, 3층 (무실동)","26395","오리진태권도","2026-01-12 13:12:19","I","2026-01-14 00:20:02","태권도","281632.62135414","425082.03473836","체육도장업","사립","","1","1","413.7","0","","",
"171","체육도장업","10_41_01_P","6510000","CDFH3301022010000005","2010-05-25","","03","폐업","03","폐업","2026-01-12","","","","064-747-8384","","","제주특별자치도 제주시 연동 303-37","제주특별자치도 제주시 노연로 147, 3층 (연동)","63123","경희대 태권도장","2026-01-12 13:44:37","U","2026-01-14 02:40:00","태권도","153079.783871843","-1052.74427497096","체육도장업","사립","","0","0","720.94","0","","",
"172","체육도장업","10_41_01_P","4191000","CDFH3301021989000002","1989-08-29","","01","영업/정상","13","영업중","","","","","","","","강원특별자치도 원주시 반곡동 1763 현대프라자","강원특별자치도 원주시 늘품로 197-1, 현대프라자 4층 402호 (반곡동)","26459","상무태권도장","2026-01-12 15:29:34","U","2026-01-14 02:40:00","","285306.603029043","426110.097737861","체육도장업","사립","","1","0","1899.44","0","","",
"173","체육도장업","10_41_01_P","6520000","CDFH3301022017000002","2017-08-29","","01","영업/정상","13","영업중","","","","","064-792-4108","","","제주특별자치도 서귀포시 대정읍 보성리 463","제주특별자치도 서귀포시 대정읍 영어도시로 5, 1층","63518","제이제이(JJ) 태권도","2026-01-12 10:03:06","U","2026-01-14 02:40:00","태권도","132731.505484949","-24543.7296970157","체육도장업","사립","","1","","210.71","","","",
"174","체육도장업","10_41_01_P","3600000","CDFH3301022016000001","2016-01-04","","01","영업/정상","13","영업중","","","","","","","","광주광역시 서구 치평동 1187-2 월계수타운","광주광역시 서구 치평로 116, 302, 303호 (치평동, 월계수타운)","61950","전일복싱 상무관","2026-01-12 11:22:38","U","2026-01-14 02:40:00","권투","186056.622141996","184295.96132782","체육도장업","사립","","1","0","0","0","","",
"175","체육도장업","10_41_01_P","4090000","CDFH3301022011000008","2011-10-04","","01","영업/정상","13","영업중","","","","","","","","경기도 김포시 감정동 696 중봉마을 신안실크밸리","경기도 김포시 중봉로 1-1, 4층 5호 (감정동, 중봉마을 신안실크밸리)","10103","가온태권도장","2026-01-12 15:04:34","U","2026-01-14 02:40:00","태권도","173078.092052908","457747.174961762","체육도장업","사립","","1","0","6316","50","","",
"176","체육도장업","10_41_01_P","3560000","CDFH3301022011000005","2011-06-01","","01","영업/정상","13","영업중","","","","","032-566-6699","","404-310","인천광역시 서구 당하동 1028-2 장원프라자 308, 309호","인천광역시 서구 원당대로840번길 5, 308,309호 (당하동, 장원프라자)","22682","신길권투(원당점)","2026-01-12 13:09:26","U","2026-01-14 02:40:00","권투","172988.990126284","454570.063915311","체육도장업","사립","","1","","","","","",
"177","체육도장업","10_41_01_P","3900000","CDFH3301022026000002","2026-01-09","","01","영업/정상","13","영업중","","","","","","","","경기도 광명시 철산동 56-21","경기도 광명시 광복로 50, 2층 201호 (철산동)","14209","퍼스트점프","2026-01-12 09:38:47","U","2026-01-14 02:40:00","태권도","187924.499737184","442985.749802876","체육도장업","사립","","0","0","446","0","","",
"178","체육도장업","10_41_01_P","3160000","CDFH3301022014000002","2014-02-20","","01","영업/정상","13","영업중","","","","","","","152-845","서울특별시 구로구 구로동 116-13 202호","서울특별시 구로구 구로중앙로14길 33, 202호 (구로동)","08303","경희대코리안태권도장","2026-01-12 18:03:30","U","2026-01-14 02:40:00","태권도","190410.125787163","443527.864659423","체육도장업","사립","","0","0","0","0","","",
"179","체육도장업","10_41_01_P","6510000","CDFH3301022020000012","2020-06-04","","01","영업/정상","13","영업중","","","","","064-712-0112","","","제주특별자치도 제주시 외도일동 505-2","제주특별자치도 제주시 우령2길 3 (외도일동)","63070","국술합기도특공무술화랑무술도장","2026-01-12 16:20:57","U","2026-01-14 02:40:00","합기도","147110.776934385","-689.311371275901","체육도장업","사립","","2","0","371.35","0","","",
"180","체육도장업","10_41_01_P","3460000","CDFH3301022025000009","2025-12-23","","01","영업/정상","13","영업중","","","","","0537678836","","","대구광역시 수성구 지산동 1070-9","대구광역시 수성구 동대구로6길 70, 1, 2층 (지산동)","42184","지산 최우수 태권도장","2026-01-12 14:48:22","U","2026-01-14 02:40:00","태권도","346990.542354594","260271.655758132","체육도장업","사립","","0","0","0","0","","",
"181","체육도장업","10_41_01_P","3910000","CDFH3301022025000020","2025-12-23","","01","영업/정상","13","영업중","","","","","","","","경기도 평택시 고덕동 2711-1 드림타워","경기도 평택시 고덕순환대로 109, 드림타워 7층 701~702호 (고덕동)","18022","평택 고덕 G&Y 태권도장","2026-01-12 14:03:14","U","2026-01-14 02:40:00","태권도","","","체육도장업","사립","","1","1","4069.33","0","","",
"182","체육도장업","10_41_01_P","3310000","CDFH3301022003000001","2003-01-03","","01","영업/정상","13","영업중","","","","","","","","부산광역시 남구 용호동 200-1 A동 201호","부산광역시 남구 용호로 54, A동 2층 201호 (용호동, 대영빌딩)","48523","정의 검도관","2026-01-12 13:24:06","U","2026-01-14 02:40:00","검도","392226.677836646","182816.447157105","체육도장업","사립","","0","1","40004.28","0","","",
"183","체육도장업","10_41_01_P","3940000","CDFH3301022025000005","2025-04-18","","01","영업/정상","13","영업중","","","","","","","","경기도 고양시 일산서구 일산동 655-395","경기도 고양시 일산서구 일중로15번길 82, 2층 (일산동)","10353","위드복싱 일산역","2026-01-12 09:58:00","U","2026-01-14 02:40:00","권투","179687.940340559","464519.638139636","체육도장업","사립","","1","0","0","0","","",
"184","체육도장업","10_41_01_P","3510500","CDFH3301022025000002","2025-02-24","","01","영업/정상","13","영업중","","","","","","","","인천광역시 미추홀구 학익동 0 시티오씨엘 3단지","인천광역시 미추홀구 학익로80번길 11, 상가A동 308, 309호 (학익동, 시티오씨엘 3단지)","22194","으라차차 태권도장","2026-01-12 14:03:03","U","2026-01-14 02:40:00","태권도","","","체육도장업","사립","","1","0","0","0","","",
"185","체육도장업","10_41_01_P","5680000","CDFH3301022006000001","2006-06-29","","03","폐업","03","폐업","2026-01-12","","","","","","","충청남도 당진시 읍내동 1225","충청남도 당진시 무수동옛길 96 (읍내동)","31776","이글 경희 태권도","2026-01-12 11:35:22","U","2026-01-14 02:40:00","태권도","167510.43358048","376711.920307354","체육도장업","사립","","1","0","181.09","0","","",
"186","체육도장업","10_41_01_P","4520000","CDFH3301022009000008","2009-05-11","","01","영업/정상","13","영업중","","","","","","","336-030","충청남도 아산시 권곡동 171-21","충청남도 아산시 문화로 257-10 (권곡동, 한성하우시스4층)","31523","사계절푸른솔태권도교육관","2026-01-12 11:25:40","U","2026-01-14 02:40:00","태권도","201320.054992808","365416.774136406","체육도장업","사립","","1","0","15060.8","0","","",
"187","체육도장업","10_41_01_P","3830000","CDFH3301022013000009","2013-09-30","","01","영업/정상","13","영업중","","","","","","","","경기도 안양시 만안구 안양동 693-1","경기도 안양시 만안구 안양로 355, 201호 (안양동)","13988","미스터샤크 안양유도짐","2026-01-12 10:19:21","U","2026-01-14 02:40:00","유도","","","체육도장업","사립","","1","0","285.63","0","","",
"188","체육도장업","10_41_01_P","5090000","CDFH3301022024000002","2024-12-16","","01","영업/정상","13","영업중","","","","","","","","경상북도 영주시 가흥동 1855","경상북도 영주시 대동로70번길 8-6, 아카데미 1동 2층 2호 (가흥동)","36135","국가대표대한실전태권도장","2026-01-12 10:18:51","U","2026-01-14 02:40:00","태권도","343543.842870759","369309.437047316","체육도장업","사립","","1","1","503.28","0","","",
"189","체육도장업","10_41_01_P","3150000","CDFH3301022026000001","2026-01-13","","01","영업/정상","13","영업중","","","","","","","","서울특별시 강서구 방화동 453-45 지하1층","서울특별시 강서구 금낭화로 103, 지하1층 (방화동)","07516","광호검도관","2026-01-13 15:47:56","I","2026-01-15 00:20:35","검도","183263.606508062","452504.78048233","체육도장업","사립","","1","1","1109.4","0","","",
"190","체육도장업","10_41_01_P","3100000","CDFH3301022026000001","2026-01-13","","01","영업/정상","13","영업중","","","","","02-952-6400","","","서울특별시 노원구 상계동 767-6 상계주공아파트(1단지)","서울특별시 노원구 덕릉로 459-47, 상계주공아파트(1단지) 4층 402호 (상계동)","01765","한국체대 당현태권도","2026-01-13 09:42:56","I","2026-01-15 00:20:35","태권도","205184.859621353","460543.29200918","체육도장업","사립","","0","0","0","0","","",
"191","체육도장업","10_41_01_P","3220000","CDFH3301022026000001","2026-01-13","","01","영업/정상","13","영업중","","","","","","","","서울특별시 강남구 개포동 186-6","서울특별시 강남구 개포로82길 13-15, 402호 (개포동)","06329","파이널유도멀티짐 개포점","2026-01-13 15:14:06","I","2026-01-15 00:20:35","유도","205976.21147475","442957.89953399","체육도장업","사립","","0","0","0","0","","",
"192","체육도장업","10_41_01_P","4600000","CDFH3301022015000001","2015-03-11","","01","영업/정상","13","영업중","","","","","041-634-0110","","","충청남도 홍성군 홍북읍 내덕리 1179","충청남도 홍성군 홍북면 청사로48번길 4-403 (아이프라자)","32265","창의와인성 태권도","2026-01-13 13:39:03","U","2026-01-15 02:40:00","태권도","","","체육도장업","사립","Y","1","1","3728.9","0","","",
"193","체육도장업","10_41_01_P","3990000","CDFH3301022010000020","2010-05-28","","01","영업/정상","13","영업중","","","","","031-593-5707","","","경기도 남양주시 화도읍 창현리 731-3 청일빌딩","경기도 남양주시 화도읍 경춘로창벌2길 34-24, 청일빌딩 5층","12184","마스터 천월 태권도장","2026-01-13 14:33:09","U","2026-01-15 02:40:00","태권도","226781.443712562","460935.839043531","체육도장업","사립","","1","0","0","0","","",
"194","체육도장업","10_41_01_P","3900000","CDFH3301022018000003","2018-06-08","","01","영업/정상","13","영업중","","","","","","","","경기도 광명시 일직동 510-8 골드스타빌딩 403호","경기도 광명시 신기로 7, 골드스타빌딩 4층 403호 (일직동)","14344","국가대표 일루스터 태권도장(골드스타)","2026-01-13 16:49:36","U","2026-01-15 02:40:00","태권도","189527.641517052","435394.63715386","체육도장업","사립","","","","","","","",
"195","체육도장업","10_41_01_P","5310000","CDFH3301022024000004","2024-06-20","","01","영업/정상","13","영업중","","","","","","","","경상남도 진주시 가좌동 2092 신진주 라비에 데시앙","경상남도 진주시 개양로 145, 상가동 2층 (가좌동, 신진주 라비에 데시앙)","52860","소그룹태권도장","2026-01-13 08:48:34","U","2026-01-15 02:40:00","태권도","302193.117365633","184353.61874328","체육도장업","사립","","0","0","0","0","","",
"196","체육도장업","10_41_01_P","3530000","CDFH3301022007000005","2007-09-14","","03","폐업","03","폐업","2026-01-13","","","","032-467-9316","","","인천광역시 남동구 구월동 1225-36 롯데프라자1차","인천광역시 남동구 구월남로 232, 롯데프라자1차 403호 (구월동)","21563","청솔초아 태권도장","2026-01-13 15:32:53","U","2026-01-15 02:40:00","태권도","174731.236511602","438953.63395291","체육도장업","사립","","0","0","0","0","","",
"197","체육도장업","10_41_01_P","3140000","CDFH3301022008000003","2008-04-02","","01","영업/정상","13","영업중","","","","","","","","서울특별시 양천구 신월동 114-4","서울특별시 양천구 월정로 165, 2층 (신월동)","07922","월정태권도장","2026-01-13 15:56:18","U","2026-01-15 02:40:00","","185431.337680066","447930.315124529","체육도장업","사립","0","0","0","0","0","","",
"198","체육도장업","10_41_01_P","5670000","CDFH3301022020000025","2020-05-22","","01","영업/정상","13","영업중","","","","","","","","경상남도 창원시 진해구 석동 601-11","경상남도 창원시 진해구 진해대로728번길 18, 2층 (석동)","51672","합기도 전문 수련관","2026-01-13 14:42:45","U","2026-01-15 02:40:00","합기도","354313.734641091","185633.218485393","체육도장업","사립","","0","0","0","0","","",
"199","체육도장업","10_41_01_P","5340000","CDFH3301022014000002","2014-12-26","","01","영업/정상","13","영업중","","","","","","","","","경상남도 사천시 사남면 월성1길 15-31, 2층 203,204호 (삼영타운)","52532","한국체대 태권도장","2026-01-13 16:53:13","U","2026-01-15 02:40:00","태권도","298354.859723736","174304.346595048","체육도장업","사립","","2","0","1548.4","60","","",
"200","체육도장업","10_41_01_P","3480000","CDFH3301022026000001","2026-01-14","","01","영업/정상","13","영업중","","","","","","","","대구광역시 달성군 화원읍 본리리 109-3","대구광역시 달성군 화원읍 성암로1길 5","42965","챌린지짐 주짓수","2026-01-14 10:53:01","I","2026-01-16 00:20:02","","336362.560738975","256796.535810309","체육도장업","사립","","0","0","0","0","","",
"201","체육도장업","10_41_01_P","3830000","CDFH3301022026000001","2026-01-14","","01","영업/정상","13","영업중","","","","","","","","경기도 안양시 동안구 호계동 1298 평촌어바인퍼스트더샵 상가","경기도 안양시 동안구 흥안대로81번길 66, 평촌어바인퍼스트더샵 상가동 203호, 204호, 205호 (호계동, 평촌어바인퍼스트더샵)","14116","국가대표 별빛태권도","2026-01-14 14:45:02","I","2026-01-16 00:20:02","태권도","195919.527649145","430029.549353803","체육도장업","사립","","1","0","657.72","0","","",
"202","체육도장업","10_41_01_P","4641000","CDFH3301022026000001","2026-01-14","","01","영업/정상","13","영업중","","","","","","","","전북특별자치도 전주시 덕진구 송천동2가 1331-5","전북특별자치도 전주시 덕진구 세병서로 29, 401호 남측 (송천동2가)","55149","F45 TRAINING","2026-01-14 13:17:46","I","2026-01-16 00:20:02","레슬링","211258.233143346","263550.664019283","체육도장업","사립","","0","0","0","0","","",
"203","체육도장업","10_41_01_P","4641000","CDFH3301022026000002","2026-01-14","","01","영업/정상","13","영업중","","","","","","","","전북특별자치도 전주시 덕진구 호성동1가 794-8","전북특별자치도 전주시 덕진구 소리로 192, 3층 (호성동1가)","54905","대한 태권도","2026-01-14 15:28:17","I","2026-01-16 00:20:02","태권도","213752.207607157","261980.338287991","체육도장업","사립","","0","0","0","0","","",
"204","체육도장업","10_41_01_P","3450000","CDFH3301022026000001","2026-01-14","","01","영업/정상","13","영업중","","","","","","","","대구광역시 북구 연경동 960","대구광역시 북구 동화천로 245, 3층 302~303호 (연경동)","41409","합기도 백인관 연경","2026-01-14 15:32:06","I","2026-01-16 00:20:02","합기도","345911.386009804","272565.732840857","체육도장업","사립","","1","1","6507.54","0","","",
"205","체육도장업","10_41_01_P","3740000","CDFH3301022026000002","2026-01-13","","01","영업/정상","13","영업중","","","","","","","","경기도 수원시 영통구 영통동 980-3 디지털엠파이어빌딩","경기도 수원시 영통구 덕영대로1556번길 16, 디지털엠파이어빌딩 F동 2층 243호 (영통동)","16690","망포와이어 레슬링","2026-01-14 19:36:11","I","2026-01-16 00:20:02","레슬링","205249.495788632","415913.273839865","체육도장업","사립","","1","0","158647.56","0","","",
"206","체육도장업","10_41_01_P","3730000","CDFH3301022026000002","2026-01-12","","01","영업/정상","13","영업중","","","","","","","","울산광역시 울주군 청량읍 상남리 874-11","울산광역시 울주군 청량읍 상남길 26, 1층","44985","희망태권도","2026-01-14 11:47:15","D","2026-01-16 02:30:00","태권도","409147.336243807","222947.591560897","체육도장업","사립","","1","0","0","0","","",
"207","체육도장업","10_41_01_P","4241000","CDFH3301022006000001","2006-10-02","","01","영업/정상","13","영업중","","","","","","","","강원특별자치도 삼척시 정상동 344-3 금강프라자","강원특별자치도 삼척시 정상안길 97, 금강프라자 (정상동)","25926","블랙벨트 태권도 도장","2026-01-14 15:59:10","U","2026-01-16 02:40:00","태권도","392593.126887095","440411.382752103","체육도장업","사립","","0","0","0","0","","",
"208","체육도장업","10_41_01_P","3940000","CDFH3301021994000002","1994-06-21","","03","폐업","03","폐업","2026-01-14","","","","031-904-3697","","","경기도 고양시 일산동구 마두동 737 두성코아 404호","경기도 고양시 일산동구 일산로 213, 404호 (마두동, 두성코아)","10416","용호 태권도","2026-01-14 17:47:40","U","2026-01-16 02:40:00","태권도","181328.402650492","461450.787941194","체육도장업","사립","","0","0","0","0","","",
"209","체육도장업","10_41_01_P","3560000","CDFH3301021992000004","1992-06-26","","01","영업/정상","13","영업중","","","","","","","","인천광역시 서구 가정동 546 한신그랜드힐빌리지","인천광역시 서구 서곶로 16, 한신그랜드힐빌리지 상가1동 4층 401호 (가정동)","22797","태무한신태권도장","2026-01-14 12:54:47","U","2026-01-16 02:40:00","태권도","171948.507060429","446581.718191853","체육도장업","사립","","0","0","0","0","","",
"210","체육도장업","10_41_01_P","3030000","CDFH3301022008000004","2008-09-11","","01","영업/정상","13","영업중","","","","","","","","서울특별시 성동구 금호동1가 628 성산빌딩 3층","서울특별시 성동구 난계로 32, 성산빌딩 3층 (금호동1가)","04718","국가대표 태권 NEW 태권도장","2026-01-14 10:48:08","U","2026-01-16 02:40:00","","202142.010383318","450318.283768145","체육도장업","사립","","","","","","","",
"211","체육도장업","10_41_01_P","3730000","CDFH3301022026000001","2026-01-12","","01","영업/정상","13","영업중","","","","","","","","울산광역시 울주군 청량읍 상남리 874-11","울산광역시 울주군 청량읍 상남길 26, 1층","44985","희망태권도","2026-01-14 12:23:00","U","2026-01-16 02:40:00","태권도","409147.336243807","222947.591560897","체육도장업","사립","","1","0","0","0","","",
"212","체육도장업","10_41_01_P","3020000","CDFH3301022026000001","2026-01-12","","01","영업/정상","13","영업중","","","","","02-6271-8011","","","서울특별시 용산구 이태원동 36-85 대산빌딩","서울특별시 용산구 녹사평대로26길 8, 대산빌딩 제지하층 제비01호 (이태원동)","04392","더 플레이 스페이스","2026-01-14 08:55:50","U","2026-01-16 02:40:00","태권도","199178.08468657","447549.35502878","체육도장업","사립","","1","0","0","0","","",
"213","체육도장업","10_41_01_P","3650000","CDFH3301022001000008","2001-06-05","","01","영업/정상","13","영업중","","","","","042-223-1101","","","대전광역시 중구 목동 52-125","대전광역시 중구 목중로 45-6 (목동)","34811","한울 태권도","2026-01-14 08:54:18","U","2026-01-16 02:40:00","태권도","236648.959536424","315263.09071127","체육도장업","사립","","0","0","652.8","0","","",
"214","체육도장업","10_41_01_P","3650000","CDFH3301022002000009","2002-12-26","","01","영업/정상","13","영업중","","","","","","","301-820","대전광역시 중구 석교동 65-19 2층호","대전광역시 중구 대종로 205, 2층호 (석교동)","","해오름태권도장","2026-01-14 16:33:44","U","2026-01-16 02:40:00","태권도","239823.78437071","312025.41832484","체육도장업","사립","","0","0","0","0","","",
"215","체육도장업","10_41_01_P","3020000","CDFH3301022007000001","2007-07-03","","01","영업/정상","13","영업중","","","","","02-794-1618","","","서울특별시 용산구 용산동2가 11-11 (2층)","서울특별시 용산구 신흥로18길 3 (용산동2가, 용산새마을금고)","04339","경희대태권도장","2026-01-14 14:46:06","U","2026-01-16 02:40:00","태권도","198671.533816606","449286.393416995","체육도장업","사립","","1","","","","","",
"216","체육도장업","10_41_01_P","3450000","CDFH3301022020000014","2020-04-27","","04","취소/말소/만료/정지/중지","35","직권말소","2026-01-13","","","","","","","대구광역시 북구 노원동1가 222-3","대구광역시 북구 침산남로 1, 3층 (노원동1가)","41553","합기도 국술관","2026-01-14 11:26:32","U","2026-01-16 02:40:00","합기도","342286.297047641","266426.255692266","체육도장업","사립","","1","0","0","0","","",
"217","체육도장업","10_41_01_P","4641000","CDFH3301022023000005","2023-03-29","","03","폐업","03","폐업","2026-01-14","","","","063-241-9888","","","전북특별자치도 전주시 덕진구 인후동1가 805-3","전북특별자치도 전주시 덕진구 건산로 233, 3층 (인후동1가)","55013","공명유도주짓수","2026-01-14 15:23:20","U","2026-01-16 02:40:00","유도","214634.127042565","259394.567441443","체육도장업","사립","","1","0","0","0","","",
"218","체육도장업","10_41_01_P","5710000","CDFH3301022018000014","2018-09-19","","01","영업/정상","13","영업중","","","","","","","","충청북도 청주시 청원구 오창읍 양청리 810-2 오창 롯데캐슬 더 하이스트","충청북도 청주시 청원구 오창읍 중부로 760, 상가동 302호 (오창 롯데캐슬 더 하이스트)","28118","경희대해오름태권도","2026-01-14 15:44:53","U","2026-01-16 02:40:00","태권도","238915.533163795","356625.504495338","체육도장업","사립","","1","0","21373.84","0","","",
"219","체육도장업","10_41_01_P","5070000","CDFH3301022020000009","2020-09-04","","01","영업/정상","13","영업중","","","","","054-856-9595","","","경상북도 안동시 풍천면 갈전리 1177","경상북도 안동시 풍천면 검무로 35-18, 근린생활시설동 2층","36759","국가대표 차오름 태권도장(경북도청관)","2026-01-14 09:40:21","U","2026-01-16 02:40:00","태권도","333953.429532831","343128.253082235","체육도장업","사립","Y","1","0","0","0","","",
"220","체육도장업","10_41_01_P","3700000","CDFH3301022008000008","2008-12-08","","03","폐업","03","폐업","2026-01-13","","","","","","680-819","울산광역시 남구 선암동 588-15","울산광역시 남구 두왕로34번길 39 (선암동)","680-819","희망태권도","2026-01-14 10:27:52","U","2026-01-16 02:40:00","","","","체육도장업","사립","","0","0","0","0","","",
"221","체육도장업","10_41_01_P","3710000","CDFH3301022006000003","2006-09-26","","01","영업/정상","13","영업중","","","","","","","","","울산광역시 동구 대송8길 32, 2층 (화정동)","44062","명문 태권도장","2026-01-14 17:44:04","U","2026-01-16 02:40:00","태권도","419523.854963533","225034.954505123","체육도장업","사립","","0","1","463.2","0","","",
"222","체육도장업","10_41_01_P","5380000","CDFH3301022009000001","2009-02-27","","03","폐업","03","폐업","2024-12-31","","","","","","","경상남도 양산시 교동 245-2 협성강변타운 104동 301호","경상남도 양산시 회현1길 5, 협성강변타운 104동 3층 301호 (교동)","50594","예일태권도장&유아체능","2026-01-14 09:38:32","U","2026-01-16 02:40:00","태권도","384063.180695445","206701.232413835","체육도장업","사립","","1","1","1200.94","0","","",
"223","체육도장업","10_41_01_P","5690000","CDFH3301022016000007","2016-05-03","","03","폐업","03","폐업","2026-01-14","","","","","","","세종특별자치시 고운동 1717 세종 스마트큐브Ⅰ","세종특별자치시 고운서길 19, 세종 스마트큐브Ⅰ 801,802,803호 (고운동)","30063","세종복싱","2026-01-14 16:24:53","U","2026-01-16 02:40:00","권투","220890.762664806","333894.266507361","체육도장업","사립","","0","0","0","0","","",
"224","체육도장업","10_41_01_P","5690000","CDFH3301022024000014","2024-12-20","","01","영업/정상","13","영업중","","","","","","","","세종특별자치시 보람동 758 아리랑빌딩","세종특별자치시 남세종로 458, 아리랑빌딩 403호 (보람동)","30150","여의무관 멀티짐 태권도장","2026-01-14 15:49:20","U","2026-01-16 02:40:00","태권도","225849.04081324","330711.601979172","체육도장업","사립","","1","1","7979.49","0","","",
"225","체육도장업","10_41_01_P","3940000","CDFH3301022026000001","2026-01-15","","01","영업/정상","13","영업중","","","","","031-966-1184","","","경기도 고양시 덕양구 도내동 1085","경기도 고양시 덕양구 도래울로 42-15, 도내원프라자 2층 204호 (도내동)","10551","용인대 도래울 유도관","2026-01-15 11:29:29","I","2026-01-17 00:20:02","유도","188426.33259599","458488.974187578","체육도장업","사립","","1","1","2287.22","0","","",
"226","체육도장업","10_41_01_P","4950000","CDFH3301022026000001","2026-01-15","","01","영업/정상","13","영업중","","","","","","","","전라남도 무안군 무안읍 교촌리 1042-2","전라남도 무안군 무안읍 창포로 19-10, 2층 204호","58526","다이어트짐","2026-01-15 09:56:21","I","2026-01-17 00:20:02","권투","151777.929391266","165629.074077289","체육도장업","사립","","1","1","4084","0","","",
"227","체육도장업","10_41_01_P","4000000","CDFH3301022026000001","2026-01-14","","01","영업/정상","13","영업중","","","","","","","","경기도 오산시 궐동 611-6 에스아이프라자","경기도 오산시 대호로 135, 에스아이프라자 5층 501호 (궐동)","18123","오산 용인대청룡유도관","2026-01-14 09:01:50","I","2026-01-17 00:20:02","유도","204715.979248761","406712.613051382","체육도장업","사립","","2","0","0","0","","",
"228","체육도장업","10_41_01_P","3530000","CDFH3301022026000001","2026-01-15","","01","영업/정상","13","영업중","","","","","","","","인천광역시 남동구 구월동 1225-36 403호","인천광역시 남동구 구월남로 232, 403호 (구월동)","21563","한국체대 청솔초아 태권도","2026-01-15 09:47:07","I","2026-01-17 00:20:02","태권도","174731.236511602","438953.63395291","체육도장업","사립","","0","0","0","0","","",
"229","체육도장업","10_41_01_P","5470000","CDFH3301022015000001","2015-07-21","","01","영업/정상","13","영업중","","","","","","","","","경상남도 거창군 거창읍 상동7길 31-9","50132","김연강 태권도장","2026-01-15 08:52:48","U","2026-01-17 02:40:00","태권도","281934.599521678","243466.156507712","체육도장업","사립","","","1","874.5","","","",
"230","체육도장업","10_41_01_P","3450000","CDFH3301022023000004","2023-09-06","","01","영업/정상","13","영업중","","","","","","","","대구광역시 북구 고성동1가 104-21 대구역오페라더블유아파트","대구광역시 북구 칠성남로 50, 상가201동 201,202호 (고성동1가, 대구역오페라더블유아파트)","41597","아라한W태권도장","2026-01-15 10:31:23","U","2026-01-17 02:40:00","태권도","343139.218039128","265453.696434171","체육도장업","사립","","1","0","2733.57","0","","",
"231","체육도장업","10_41_01_P","3990000","CDFH3301021998000002","1998-03-27","","01","영업/정상","13","영업중","","","","","031-595-3354","","","경기도 남양주시 화도읍 창현리 764 신한토탈아파트","경기도 남양주시 화도읍 녹촌로 22, 신한토탈아파트 2층","12186","경희대석사창현태권도장","2026-01-15 16:18:09","U","2026-01-17 02:40:00","태권도","226417.645595042","460419.891464186","체육도장업","사립","","0","0","0","0","","",
"232","체육도장업","10_41_01_P","3530000","CDFH3301022015000009","2015-10-06","","01","영업/정상","13","영업중","","","","","","","","인천광역시 남동구 논현동 754-1 6층","인천광역시 남동구 소래역남로 12, 6층 (논현동, 거목프라자)","21674","용인대열정태권도장","2026-01-15 14:39:28","U","2026-01-17 02:40:00","태권도","176483.192542691","432890.195906959","체육도장업","사립","","1","0","0","0","","",
"233","체육도장업","10_41_01_P","5700000","CDFH3301022020000001","2020-02-03","","01","영업/정상","13","영업중","","","","","","","","경기도 여주시 교동 638-4","경기도 여주시 교동로 61-4, 2층 (교동)","12632","여주태권도장","2026-01-15 09:03:36","U","2026-01-17 02:40:00","태권도","","","체육도장업","사립","","1","0","0","0","","",
"234","체육도장업","10_41_01_P","4050000","CDFH3301022026000002","2026-01-12","","01","영업/정상","13","영업중","","","","","","","","경기도 용인시 기흥구 마북동 182 테라스가든 A빌딩 202호","경기도 용인시 기흥구 마북로 164, 테라스가든 A빌딩 202호 (마북동)","16911","구성JNS유도체육관","2026-01-15 14:48:49","U","2026-01-17 02:40:00","유도","210951.81305383","422446.8170224","체육도장업","사립","","1","0","0","0","","",
"235","체육도장업","10_41_01_P","3940000","CDFH3301022021000014","2021-10-25","","01","영업/정상","13","영업중","","","","","","","","경기도 고양시 덕양구 향동동 529 고양향동 퍼스트타워, 701, 702호","경기도 고양시 덕양구 꽃마을로 4, 고양향동 퍼스트타워 701, 702호 (향동동)","10546","어반복싱짐","2026-01-15 11:00:34","U","2026-01-17 02:40:00","권투","190416.531776901","455196.50737951","체육도장업","사립","","1","0","0","0","","",
"236","체육도장업","10_41_01_P","3030000","CDFH3301022021000002","2021-07-08","","01","영업/정상","13","영업중","","","","","","","","서울특별시 성동구 옥수동 285-73 옥수새마을금고","서울특별시 성동구 독서당로 216, 지하1층 (옥수동)","04734","이엑스 복싱(EX BOXING)","2026-01-15 15:55:24","U","2026-01-17 02:40:00","권투","201236.441185807","449035.150293974","체육도장업","사립","","0","0","0","0","","",
"237","체육도장업","10_41_01_P","4000000","CDFH3301021999000004","1999-12-23","","03","폐업","03","폐업","2026-01-13","","","","031-374-1996","","","경기도 오산시 가수동 27","경기도 오산시 가수로 72 (가수동)","18125","비호경희대태권도","2026-01-14 10:28:21","U","2026-01-17 02:40:00","태권도","203993.675730816","405104.691746692","체육도장업","사립","","0","0","368.54","0","","",
"238","체육도장업","10_41_01_P","4050000","CDFH3301022020000032","2020-10-26","","03","폐업","03","폐업","2026-01-15","","","","031-896-4810","","","경기도 용인시 수지구 풍덕천동 705-4 덕원빌딩","경기도 용인시 수지구 풍덕천로139번길 16-1, 덕원빌딩 2층 (풍덕천동)","16837","리프유도체육관","2026-01-15 14:45:49","U","2026-01-17 02:40:00","유도","208426.752381566","424797.559130706","체육도장업","사립","","0","0","0","0","","",
"239","체육도장업","10_41_01_P","4520000","CDFH3301022011000002","2011-11-11","","01","영업/정상","13","영업중","","","","","","","","충청남도 아산시 배방읍 북수리 942 주윤빌딩","충청남도 아산시 배방읍 북수로 12, 주윤빌딩 201호","31490","무궁화태권도장","2026-01-15 13:22:42","U","2026-01-17 02:40:00","태권도","205722.806306631","363303.396723845","체육도장업","사립","Y","1","0","959.83","200","","",
"240","체육도장업","10_41_01_P","3050000","CDFH3301022004000003","2004-07-20","","01","영업/정상","13","영업중","","","","","","","","서울특별시 동대문구 제기동 149-4 정주빌딩","서울특별시 동대문구 약령시로 18, 정주빌딩 3층 (제기동)","02574","용두장안체육관 J-one스포츠클럽","2026-01-15 15:04:06","U","2026-01-17 02:40:00","태권도","202739.203620163","453358.439600631","체육도장업","사립","","0","0","986.16","0","","",
"241","체육도장업","10_41_01_P","4040000","CDFH3301022023000006","2023-10-13","","01","영업/정상","13","영업중","","","","","","","","경기도 하남시 감이동 443-1 반도 유스퀘어","경기도 하남시 감일백제로180번길 20, 반도 유스퀘어 209호 (감이동)","12999","용인대 감일유도관","2026-01-15 16:29:31","U","2026-01-17 02:40:00","유도","213686.875852574","445204.905088621","체육도장업","사립","","1","0","0","0","","",
"242","체육도장업","10_41_01_P","3030000","CDFH3301022025000001","2025-02-05","","03","폐업","03","폐업","2026-01-15","","","","","","","서울특별시 성동구 성수동1가 661-3 지하1층","서울특별시 성동구 왕십리로 94-1, 지하1층 (성수동1가)","04778","카프킥복싱 MMA","2026-01-15 16:18:40","U","2026-01-17 02:40:00","권투","203905.045634369","449304.251128852","체육도장업","사립","","1","0","0","0","","",
